pl_name,hostname,discovery_year,discovery_method,orbital_period_days,radius_earth,mass_earth,semi_major_axis_au,stellar_temp_k,stellar_radius_solar,stellar_mass_solar,distance_pc,hz_inner_au,hz_outer_au,potentially_habitable,consortium
PYC-2015-0000,PYC Star 768,2015,Radial Velocity,419.737,0.72,0.455,1.0716,4419.0,0.97,0.932,70.7,0.425,1.004,0,Gaia
PYC-2002-0001,PYC Star 712,2002,Transit,131.735,0.702,0.623,0.4921,4669.0,0.874,0.916,53.2,0.428,1.01,1,TESS
PYC-2019-0002,PYC Star 005,2019,Radial Velocity,0.891,1.609,2.351,0.0182,4201.0,1.11,1.018,512.6,0.44,1.039,0,K2
PYC-2016-0003,PYC Star 762,2016,Transit,88.791,0.845,0.785,0.3411,6772.0,1.14,0.671,161.6,1.175,2.772,0,Kepler
PYC-2015-0004,PYC Star 070,2015,Transit,324.691,14.684,624.548,0.8396,3665.0,0.61,0.749,18.5,0.184,0.434,0,Kepler
PYC-2014-0005,PYC Star 032,2014,Transit Timing Variations,2.324,3.498,26.785,0.0333,5888.0,0.818,0.913,12.2,0.637,1.503,0,TESS
PYC-2014-0006,PYC Star 318,2014,Radial Velocity,19.381,12.523,516.781,0.1236,4654.0,0.948,0.67,31.0,0.461,1.089,0,SPITZER
PYC-2021-0007,PYC Star 371,2021,Radial Velocity,50.609,2.486,6.882,0.291,4208.0,1.17,1.284,116.8,0.465,1.098,0,HAT-P
PYC-2023-0008,PYC Star 109,2023,Transit,15.961,2.663,10.97,0.1197,5329.0,1.179,0.898,13.8,0.752,1.775,0,Kepler
PYC-2024-0009,PYC Star 538,2024,Transit,992.276,3.255,6.831,1.6441,4392.0,0.969,0.602,55.8,0.42,0.991,0,K2
PYC-2006-0010,PYC Star 828,2006,Transit,1.805,2.226,4.483,0.0272,4074.0,0.703,0.822,47.0,0.262,0.618,0,TESS
PYC-2014-0011,PYC Star 593,2014,Microlensing,390.737,10.256,628.682,1.0584,6411.0,0.687,1.036,54.3,0.634,1.496,0,KMT
PYC-2007-0012,PYC Star 864,2007,Transit,414.201,3.585,32.908,1.0323,2825.0,0.526,0.855,29.7,0.094,0.223,0,HAT-P
PYC-2004-0013,PYC Star 805,2004,Radial Velocity,21.787,9.606,209.583,0.16,4580.0,1.175,1.15,24.5,0.554,1.307,0,Kepler
PYC-1999-0014,PYC Star 734,1999,Transit,49.269,2.814,19.366,0.2812,4971.0,0.682,1.223,64.3,0.379,0.894,0,Kepler
PYC-1996-0015,PYC Star 151,1996,Transit,1.574,9.048,197.86,0.0351,6067.0,0.826,2.318,1.1,0.683,1.611,0,Kepler
PYC-2003-0016,PYC Star 574,2003,Transit,2.282,1.66,5.355,0.0388,4441.0,1.002,1.496,147.4,0.444,1.048,0,TESS
PYC-1994-0017,PYC Star 081,1994,Transit,45.951,9.134,296.92,0.2074,7195.0,0.902,0.564,29.9,1.049,2.474,0,Kepler
PYC-2012-0018,PYC Star 695,2012,Radial Velocity,2.97,0.561,0.189,0.0388,5483.0,0.898,0.882,49.5,0.606,1.431,0,Kepler
PYC-2009-0019,PYC Star 803,2009,Transit,533.535,1.876,4.906,1.248,2669.0,0.599,0.911,108.1,0.096,0.226,0,OGLE
PYC-2018-0020,PYC Star 108,2018,Radial Velocity,97.711,11.722,2163.634,0.444,3492.0,1.016,1.223,22.4,0.278,0.657,0,TESS
PYC-2016-0021,PYC Star 456,2016,Transit,0.663,4.06,26.141,0.0133,5013.0,0.782,0.721,112.8,0.441,1.042,0,Other
PYC-2000-0022,PYC Star 115,2000,Imaging,9.747,9.635,404.741,0.0839,3771.0,0.866,0.83,20.1,0.276,0.652,0,HAT-P
PYC-2004-0023,PYC Star 485,2004,Radial Velocity,848.229,6.008,156.439,1.5167,5293.0,1.515,0.647,389.0,0.954,2.251,0,Kepler
PYC-2005-0024,PYC Star 406,2005,Radial Velocity,4.755,1.722,2.537,0.0516,4392.0,1.13,0.81,101.9,0.49,1.155,0,Kepler
PYC-2003-0025,PYC Star 801,2003,Transit,246.043,4.569,23.409,0.7194,3724.0,0.696,0.821,146.6,0.217,0.512,0,TESS
PYC-2008-0026,PYC Star 245,2008,Transit,0.924,3.757,23.119,0.0179,3932.0,0.842,0.896,135.2,0.292,0.69,0,WASP
PYC-2016-0027,PYC Star 675,2016,Transit,1614.117,3.637,41.971,2.3448,5567.0,1.849,0.66,91.9,1.287,3.037,0,TESS
PYC-2005-0028,PYC Star 592,2005,Transit,22.045,1.497,2.407,0.1725,2979.0,0.784,1.41,197.9,0.156,0.369,1,HIRES
PYC-2006-0029,PYC Star 657,2006,Transit,32.13,6.264,105.1,0.209,5741.0,0.916,1.18,1.2,0.678,1.601,0,HAT-P
PYC-2022-0030,PYC Star 865,2022,Radial Velocity,64.593,4.667,86.536,0.2661,5767.0,1.213,0.602,118.9,0.907,2.14,0,TESS
PYC-2005-0031,PYC Star 168,2005,Imaging,10.242,3.954,23.841,0.0926,4502.0,0.992,1.009,250.9,0.451,1.065,0,Kepler
PYC-2014-0032,PYC Star 013,2014,Transit,258.574,1.136,1.333,0.6617,3536.0,0.761,0.578,265.4,0.214,0.504,0,K2
PYC-2004-0033,PYC Star 559,2004,Transit,0.456,5.829,45.905,0.0136,5300.0,0.644,1.6,120.8,0.406,0.959,0,TESS
PYC-2008-0034,PYC Star 111,2008,Transit,1.701,8.506,306.831,0.0337,4362.0,0.896,1.759,47.8,0.383,0.904,0,Kepler
PYC-2009-0035,PYC Star 405,2009,Transit,2.157,13.716,1015.368,0.0325,3436.0,1.21,0.981,61.1,0.321,0.758,0,OGLE
PYC-2015-0036,PYC Star 469,2015,Transit,115.889,0.953,1.315,0.4211,6518.0,1.631,0.742,52.4,1.557,3.673,0,TESS
PYC-2008-0037,PYC Star 550,2008,Transit,1130.297,1.199,0.904,1.9652,4004.0,0.465,0.793,190.4,0.168,0.396,0,Kepler
PYC-2009-0038,PYC Star 011,2009,Transit,0.706,1.358,2.011,0.0147,3475.0,1.99,0.853,14.7,0.54,1.274,0,HAT-P
PYC-2019-0039,PYC Star 518,2019,Transit,804.247,2.728,7.174,1.6716,5057.0,0.79,0.963,181.7,0.454,1.072,0,TESS
PYC-2012-0040,PYC Star 701,2012,Transit,599.412,1.286,1.702,1.6325,4739.0,1.365,1.616,44.7,0.688,1.625,0,Kepler
PYC-2008-0041,PYC Star 024,2008,Radial Velocity,0.792,3.592,58.316,0.0187,6138.0,0.646,1.397,94.8,0.547,1.29,0,TESS
PYC-2012-0042,PYC Star 356,2012,Transit,1.436,1.266,1.573,0.0279,4458.0,0.436,1.405,44.4,0.195,0.459,0,WASP
PYC-2019-0043,PYC Star 310,2019,Transit,9.089,0.638,0.157,0.0869,4467.0,0.498,1.062,155.9,0.223,0.527,0,TESS
PYC-2010-0044,PYC Star 307,2010,Radial Velocity,1.113,1.794,3.255,0.0184,5102.0,0.775,0.668,260.8,0.453,1.07,0,K2
PYC-2014-0045,PYC Star 412,2014,Radial Velocity,347.108,1.355,0.984,0.8836,4980.0,1.139,0.764,87.7,0.635,1.498,1,WASP
PYC-2020-0046,PYC Star 128,2020,Transit,35.922,11.975,332.765,0.2146,5007.0,0.913,1.021,206.6,0.514,1.213,0,WASP
PYC-2012-0047,PYC Star 450,2012,Transit,15.624,1.74,5.903,0.1063,5045.0,0.804,0.657,47.8,0.46,1.085,0,Kepler
PYC-2018-0048,PYC Star 070,2018,Transit,257.796,5.877,48.507,0.8213,4948.0,1.488,1.112,68.1,0.819,1.932,0,Kepler
PYC-2017-0049,PYC Star 090,2017,Transit,5.458,2.006,7.141,0.0666,4425.0,0.901,1.326,73.4,0.396,0.935,0,CoRoT
PYC-2014-0050,PYC Star 483,2014,Transit,953.449,1.772,4.481,2.0204,5549.0,1.021,1.21,63.1,0.706,1.667,0,Kepler
PYC-2007-0051,PYC Star 808,2007,Transit,136.843,1.862,3.857,0.5513,4476.0,3.65,1.193,146.0,1.643,3.877,0,Other
PYC-2002-0052,PYC Star 637,2002,Radial Velocity,8.806,1.469,3.048,0.0671,5524.0,0.897,0.52,150.6,0.615,1.451,0,Kepler
PYC-2002-0053,PYC Star 301,2002,Transit,49.442,1.208,1.022,0.308,6049.0,0.658,1.595,102.8,0.541,1.277,0,HAT-P
PYC-2010-0054,PYC Star 311,2010,Transit,4.05,7.478,284.76,0.0414,4190.0,1.117,0.578,289.7,0.441,1.04,0,Other
PYC-2010-0055,PYC Star 440,2010,Radial Velocity,2623.739,1.681,2.722,3.6572,6964.0,1.252,0.948,206.9,1.364,3.22,0,K2
PYC-1998-0056,PYC Star 032,1998,Transit,19.501,2.374,7.807,0.1524,4159.0,1.031,1.242,12.6,0.4,0.945,0,TESS
PYC-2014-0057,PYC Star 597,2014,Transit,1194.304,8.094,178.416,2.2971,4165.0,0.966,1.134,179.7,0.376,0.888,0,Kepler
PYC-2008-0058,PYC Star 121,2008,Transit,2465.751,5.667,128.356,3.0772,5286.0,1.754,0.639,68.5,1.101,2.598,0,CoRoT
PYC-2003-0059,PYC Star 647,2003,Transit,47.675,2.447,13.45,0.2264,5197.0,1.658,0.681,237.5,1.006,2.374,0,Other
PYC-2020-0060,PYC Star 337,2020,Transit,269.673,3.546,7.246,0.8447,4865.0,0.854,1.106,1.0,0.454,1.071,1,Other
PYC-2007-0061,PYC Star 340,2007,Transit,66.001,2.849,17.279,0.3393,5536.0,0.674,1.196,28.0,0.464,1.095,0,TESS
PYC-2017-0062,PYC Star 396,2017,Transit,0.906,4.844,25.282,0.0161,5027.0,1.092,0.679,126.0,0.62,1.463,0,OGLE
PYC-2007-0063,PYC Star 117,2007,Radial Velocity,1962.178,3.28,18.494,3.2111,6659.0,0.672,1.147,97.6,0.669,1.58,0,OGLE
PYC-1998-0064,PYC Star 216,1998,Transit,23.526,11.017,485.125,0.1346,4752.0,1.34,0.588,141.5,0.68,1.605,0,K2
PYC-2014-0065,PYC Star 187,2014,Transit,1165.761,9.923,327.235,2.3316,4031.0,1.089,1.244,81.8,0.398,0.938,0,OGLE
PYC-2007-0066,PYC Star 762,2007,Transit,138.858,5.162,91.626,0.4734,4303.0,2.993,0.734,229.5,1.245,2.938,0,Kepler
PYC-2006-0067,PYC Star 149,2006,Transit,1.023,6.857,213.96,0.0201,5224.0,1.747,1.029,10.5,1.071,2.527,0,Other
PYC-2002-0068,PYC Star 116,2002,Transit,16.526,1.37,1.54,0.1257,5237.0,0.554,0.97,292.4,0.341,0.805,0,KMT
PYC-2018-0069,PYC Star 220,2018,Transit,2.296,5.938,68.494,0.039,4986.0,0.713,1.501,317.3,0.398,0.939,0,TESS
PYC-2004-0070,PYC Star 382,2004,Transit,1.821,2.932,16.096,0.03,4035.0,0.38,1.088,68.4,0.139,0.328,0,K2
PYC-2015-0071,PYC Star 543,2015,Transit,236.087,12.269,313.119,0.6971,5798.0,0.344,0.811,36.3,0.26,0.613,0,Gaia
PYC-2018-0072,PYC Star 381,2018,Radial Velocity,0.523,8.758,222.19,0.0132,6543.0,0.947,1.134,482.7,0.911,2.15,0,Kepler
PYC-2015-0073,PYC Star 482,2015,Transit,2217.757,0.997,1.945,4.2733,4826.0,0.526,2.117,102.4,0.275,0.65,0,TESS
PYC-2023-0074,PYC Star 466,2023,Transit,22.159,0.82,0.281,0.1683,6430.0,1.884,1.296,258.5,1.749,4.128,0,TESS
PYC-2016-0075,PYC Star 152,2016,Transit,31.616,14.987,961.57,0.1943,5580.0,1.515,0.98,15.4,1.06,2.501,0,K2
PYC-2018-0076,PYC Star 007,2018,Transit,5.786,1.167,1.11,0.0572,6797.0,0.796,0.747,9.6,0.827,1.951,0,Kepler
PYC-2001-0077,PYC Star 613,2001,Transit,0.859,1.233,4.7,0.0165,5225.0,0.776,0.806,15.0,0.476,1.124,0,Kepler
PYC-2015-0078,PYC Star 849,2015,Transit,76.127,8.72,213.073,0.3806,4923.0,1.756,1.269,391.7,0.956,2.256,0,Other
PYC-2015-0079,PYC Star 058,2015,Radial Velocity,8.67,1.772,3.484,0.0745,5558.0,1.947,0.733,264.7,1.351,3.189,0,OGLE
PYC-2010-0080,PYC Star 826,2010,Transit,104.804,2.81,8.769,0.4352,4410.0,0.592,1.001,240.4,0.258,0.61,1,OGLE
PYC-2016-0081,PYC Star 818,2016,Transit,56.977,11.293,548.736,0.3427,5166.0,0.558,1.654,135.6,0.335,0.79,0,TESS
PYC-2006-0082,PYC Star 709,2006,Radial Velocity,2.771,3.463,28.927,0.0393,5998.0,0.786,1.054,53.7,0.635,1.499,0,WASP
PYC-2018-0083,PYC Star 510,2018,Transit,24.604,1.903,3.421,0.146,5538.0,1.093,0.685,121.7,0.753,1.777,0,TESS
PYC-2003-0084,PYC Star 306,2003,Transit,6.249,5.96,169.968,0.0856,4772.0,0.714,2.143,83.4,0.365,0.862,0,WASP
PYC-2018-0085,PYC Star 531,2018,Transit,3.396,11.01,585.508,0.0543,4980.0,1.103,1.853,238.0,0.615,1.451,0,KMT
PYC-1998-0086,PYC Star 011,1998,Radial Velocity,384.336,13.89,1432.253,1.0968,5482.0,2.165,1.192,33.2,1.461,3.449,0,Kepler
PYC-2025-0087,PYC Star 258,2025,Transit,0.445,9.954,333.837,0.0132,5452.0,0.478,1.563,53.8,0.319,0.753,0,Gaia
PYC-2006-0088,PYC Star 354,2006,Transit,4.406,1.089,1.408,0.051,5475.0,0.736,0.911,40.4,0.496,1.17,0,HIRES
PYC-2003-0089,PYC Star 460,2003,Transit,45.714,3.994,32.914,0.2723,5105.0,0.482,1.289,45.6,0.282,0.666,0,TESS
PYC-2020-0090,PYC Star 246,2020,Transit,28.0,6.828,306.018,0.1718,4058.0,0.618,0.862,1.0,0.228,0.539,0,Other
PYC-2016-0091,PYC Star 384,2016,Transit,1758.969,1.821,5.034,2.4346,4201.0,0.788,0.622,40.6,0.313,0.738,0,KMT
PYC-2011-0092,PYC Star 652,2011,Transit,743.506,1.914,5.428,2.1733,5215.0,0.649,2.477,68.1,0.396,0.936,0,Kepler
PYC-2014-0093,PYC Star 855,2014,Transit,327.014,1.745,3.38,0.7883,5548.0,1.137,0.611,231.5,0.786,1.856,1,Kepler
PYC-2012-0094,PYC Star 740,2012,Transit,39.278,10.401,340.666,0.2341,5432.0,0.963,1.11,115.1,0.638,1.507,0,WASP
PYC-2002-0095,PYC Star 069,2002,Transit,18.37,0.425,0.122,0.1409,4192.0,1.03,1.105,55.1,0.407,0.959,0,HAT-P
PYC-2024-0096,PYC Star 530,2024,Transit,0.554,4.128,60.089,0.014,4664.0,0.784,1.198,210.4,0.383,0.904,0,Kepler
PYC-2019-0097,PYC Star 413,2019,Transit,611.047,7.63,139.939,1.3946,3743.0,0.817,0.969,87.2,0.257,0.607,0,TESS
PYC-2018-0098,PYC Star 470,2018,Transit,18.668,1.201,1.716,0.1365,3548.0,0.769,0.973,96.3,0.217,0.513,0,TESS
PYC-2020-0099,PYC Star 712,2020,Imaging,7.012,1.001,1.099,0.0729,4873.0,0.805,1.05,161.2,0.429,1.013,0,TESS
PYC-2008-0100,PYC Star 294,2008,Radial Velocity,89.703,12.865,916.868,0.4148,6022.0,1.087,1.183,82.2,0.885,2.09,0,Kepler
PYC-1997-0101,PYC Star 490,1997,Transit,334.495,1.242,0.748,0.9428,4890.0,0.379,0.999,90.3,0.203,0.48,0,Kepler
PYC-1998-0102,PYC Star 798,1998,Transit,42.552,2.224,5.031,0.2366,6517.0,1.025,0.976,62.1,0.978,2.307,0,OGLE
PYC-2012-0103,PYC Star 509,2012,Imaging,1.52,4.651,27.484,0.0222,4652.0,0.609,0.63,66.3,0.296,0.699,0,Kepler
PYC-1998-0104,PYC Star 500,1998,Radial Velocity,1491.065,2.061,6.668,3.2307,4828.0,0.773,2.023,48.1,0.405,0.955,0,CoRoT
PYC-2017-0105,PYC Star 820,2017,Transit,1.095,1.209,1.044,0.0221,3908.0,0.446,1.206,56.0,0.153,0.361,0,CoRoT
PYC-2001-0106,PYC Star 027,2001,Transit,2286.701,9.928,304.852,3.4807,4487.0,0.766,1.076,50.8,0.346,0.818,0,Gaia
PYC-2013-0107,PYC Star 338,2013,Transit,20.734,3.924,19.242,0.1373,3729.0,1.02,0.804,113.7,0.319,0.752,0,Other
PYC-2010-0108,PYC Star 443,2010,Transit,1863.3,5.614,72.535,2.636,3409.0,1.106,0.704,106.4,0.289,0.681,0,Gaia
PYC-2004-0109,PYC Star 002,2004,Radial Velocity,1400.825,1.196,0.908,2.7088,3744.0,0.528,1.351,45.7,0.166,0.392,0,TESS
PYC-2015-0110,PYC Star 427,2015,Transit,15.01,10.757,703.092,0.1169,4877.0,1.082,0.946,165.9,0.578,1.364,0,Kepler
PYC-2021-0111,PYC Star 833,2021,Transit,503.741,14.887,1423.555,1.3321,4137.0,1.503,1.243,164.7,0.578,1.364,0,Kepler
PYC-2023-0112,PYC Star 709,2023,Transit,0.891,5.716,100.261,0.0155,4350.0,0.721,0.623,62.0,0.306,0.723,0,TESS
PYC-2004-0113,PYC Star 030,2004,Transit,0.837,3.008,15.066,0.0208,5169.0,0.9,1.718,59.6,0.54,1.275,0,Kepler
PYC-2012-0114,PYC Star 788,2012,Transit,9.581,1.703,1.441,0.0981,3406.0,0.355,1.371,99.0,0.092,0.218,1,Kepler
PYC-2010-0115,PYC Star 717,2010,Radial Velocity,92.26,1.222,1.34,0.3958,4873.0,0.601,0.972,281.8,0.321,0.757,1,K2
PYC-2020-0116,PYC Star 789,2020,Radial Velocity,0.435,1.004,0.69,0.0119,5563.0,1.017,1.178,116.2,0.707,1.668,0,K2
PYC-2001-0117,PYC Star 126,2001,Transit,39.664,0.75,0.536,0.2482,5641.0,1.383,1.296,2.2,0.989,2.334,0,TESS
PYC-2016-0118,PYC Star 807,2016,Transit,2414.079,13.72,1235.042,3.0132,5265.0,0.687,0.626,58.9,0.428,1.01,0,SPITZER
PYC-2006-0119,PYC Star 019,2006,Transit,848.376,3.913,40.834,2.1331,4753.0,2.992,1.799,236.0,1.518,3.583,0,K2
PYC-2012-0120,PYC Star 032,2012,Transit,3.183,3.632,53.768,0.0448,4239.0,1.037,1.184,100.3,0.418,0.987,0,Kepler
PYC-2013-0121,PYC Star 319,2013,Transit,44.5,3.094,14.188,0.2264,4726.0,0.507,0.782,59.9,0.255,0.601,0,TESS
PYC-2009-0122,PYC Star 734,2009,Transit,1.846,4.948,47.105,0.0259,6288.0,1.606,0.681,3.9,1.427,3.367,0,K2
PYC-2008-0123,PYC Star 777,2008,Transit,4.19,12.671,1237.891,0.0571,5046.0,0.512,1.413,1.0,0.293,0.691,0,HIRES
PYC-2004-0124,PYC Star 570,2004,Transit,1509.193,6.216,125.667,2.6392,4704.0,1.043,1.077,124.5,0.519,1.224,0,TESS
PYC-2018-0125,PYC Star 034,2018,Transit,2941.111,3.299,19.684,4.2501,5307.0,0.592,1.184,84.0,0.375,0.885,0,K2
PYC-2022-0126,PYC Star 786,2022,Transit,3.483,2.783,36.035,0.0451,4845.0,0.489,1.009,55.3,0.258,0.608,0,WASP
PYC-2015-0127,PYC Star 237,2015,Transit,2.654,1.165,1.988,0.0334,5003.0,1.388,0.704,83.8,0.78,1.842,0,TESS
PYC-2022-0128,PYC Star 670,2022,Transit,12.29,0.726,0.396,0.1106,4578.0,0.801,1.195,37.2,0.377,0.89,0,TESS
PYC-1998-0129,PYC Star 251,1998,Transit,21.369,5.801,68.562,0.1473,4427.0,1.957,0.933,55.1,0.861,2.033,0,Kepler
PYC-2008-0130,PYC Star 509,2008,Transit,0.887,9.075,600.359,0.018,5696.0,0.569,0.992,167.9,0.415,0.979,0,K2
PYC-2015-0131,PYC Star 086,2015,Microlensing,1.494,14.84,1232.288,0.0338,3045.0,0.446,2.298,289.1,0.093,0.219,0,Kepler
PYC-2015-0132,PYC Star 897,2015,Transit,17.713,0.547,0.211,0.1472,5231.0,0.725,1.356,97.1,0.446,1.052,0,HAT-P
PYC-2018-0133,PYC Star 084,2018,Transit,3.268,1.89,7.341,0.048,4371.0,3.305,1.383,505.4,1.418,3.347,0,Kepler
PYC-2003-0134,PYC Star 860,2003,Transit,752.028,5.705,143.648,2.223,3085.0,1.31,2.591,283.0,0.28,0.661,0,Kepler
PYC-2023-0135,PYC Star 817,2023,Transit,326.85,3.135,25.685,0.9712,3923.0,1.155,1.144,1.0,0.399,0.942,0,TESS
PYC-2008-0136,PYC Star 136,2008,Imaging,47.908,0.839,0.986,0.2618,4768.0,1.172,1.043,20.0,0.598,1.412,0,TESS
PYC-2008-0137,PYC Star 626,2008,Transit,18.99,4.748,71.95,0.1287,4891.0,0.724,0.788,70.7,0.389,0.918,0,K2
PYC-2025-0138,PYC Star 310,2025,Radial Velocity,664.031,3.578,36.292,1.413,5466.0,3.074,0.854,114.5,2.063,4.869,0,Other
PYC-2011-0139,PYC Star 280,2011,Transit,1.759,2.887,10.923,0.0225,5527.0,1.106,0.488,145.7,0.759,1.791,0,CoRoT
PYC-2015-0140,PYC Star 295,2015,Transit,1098.354,11.58,1441.388,2.2846,3408.0,1.06,1.319,93.4,0.277,0.653,0,SPITZER
PYC-2002-0141,PYC Star 215,2002,Transit,0.62,2.841,8.148,0.0123,5140.0,1.402,0.642,77.7,0.832,1.963,0,K2
PYC-2015-0142,PYC Star 865,2015,Microlensing,1514.503,3.877,39.553,2.8676,5456.0,0.507,1.372,18.5,0.339,0.801,0,TESS
PYC-2010-0143,PYC Star 039,2010,Transit,1.38,9.192,163.896,0.0241,4997.0,0.606,0.985,7.6,0.34,0.802,0,TESS
PYC-2021-0144,PYC Star 319,2021,Transit,561.04,6.638,130.607,1.3513,5252.0,0.806,1.046,38.6,0.499,1.179,0,TESS
PYC-2019-0145,PYC Star 323,2019,Transit,0.47,1.246,1.332,0.0118,3061.0,1.406,0.985,114.9,0.296,0.698,0,Kepler
PYC-2010-0146,PYC Star 377,2010,Transit,576.153,2.061,7.013,1.5929,3909.0,0.502,1.624,16.8,0.172,0.407,0,Kepler
PYC-2013-0147,PYC Star 271,2013,Transit,73.345,1.511,3.473,0.3949,6029.0,0.873,1.527,44.0,0.713,1.683,0,KMT
PYC-2024-0148,PYC Star 597,2024,Transit,0.474,1.024,0.66,0.0119,4548.0,0.819,0.99,288.2,0.381,0.899,0,KMT
PYC-2013-0149,PYC Star 825,2013,Transit,400.102,1.287,1.901,0.9568,6801.0,0.443,0.73,74.5,0.46,1.087,1,Kepler
PYC-2001-0150,PYC Star 600,2001,Radial Velocity,0.99,0.3,0.088,0.0217,3649.0,0.716,1.382,29.6,0.214,0.505,0,Kepler
PYC-2003-0151,PYC Star 199,2003,Radial Velocity,49.457,1.713,2.103,0.2353,6207.0,1.149,0.711,46.4,0.994,2.347,0,Kepler
PYC-2015-0152,PYC Star 897,2015,Transit,7.737,3.626,18.584,0.0639,4250.0,0.462,0.58,186.0,0.187,0.442,0,CoRoT
PYC-2011-0153,PYC Star 365,2011,Transit,349.851,2.158,11.367,1.0299,5576.0,1.698,1.191,198.8,1.186,2.8,0,Kepler
PYC-2011-0154,PYC Star 279,2011,Transit,809.74,2.494,11.187,1.9599,4534.0,1.111,1.532,62.7,0.513,1.211,0,HAT-P
PYC-2013-0155,PYC Star 614,2013,Transit,25.186,0.322,0.056,0.1604,4904.0,1.052,0.868,47.5,0.568,1.341,0,Kepler
PYC-1997-0156,PYC Star 877,1997,Transit,346.039,6.78,241.647,1.0112,5336.0,0.903,1.152,155.9,0.578,1.364,0,WASP
PYC-2011-0157,PYC Star 289,2011,Transit,1425.732,8.27,163.348,2.3618,4248.0,0.551,0.865,98.3,0.223,0.527,0,KMT
PYC-2007-0158,PYC Star 181,2007,Radial Velocity,187.393,0.859,0.52,0.6972,5521.0,0.672,1.287,199.2,0.46,1.086,1,Kepler
PYC-1997-0159,PYC Star 703,1997,Radial Velocity,7.076,4.654,39.521,0.082,4561.0,1.059,1.467,129.2,0.495,1.168,0,KMT
PYC-2005-0160,PYC Star 429,2005,Transit,24.97,4.59,44.17,0.1621,4960.0,0.671,0.912,57.9,0.371,0.876,0,HIRES
PYC-2004-0161,PYC Star 653,2004,Microlensing,3.114,1.082,2.401,0.037,2500.0,0.98,0.698,326.4,0.138,0.325,0,TESS
PYC-2012-0162,PYC Star 409,2012,Transit,23.901,3.764,13.406,0.137,4496.0,0.601,0.601,21.5,0.273,0.644,0,Kepler
PYC-2009-0163,PYC Star 032,2009,Transit,3.588,2.07,3.648,0.0511,5937.0,1.103,1.383,20.9,0.873,2.061,0,TESS
PYC-2002-0164,PYC Star 326,2002,Transit,537.282,2.354,4.678,1.1328,5425.0,1.14,0.672,110.3,0.754,1.78,1,K2
PYC-2021-0165,PYC Star 770,2021,Transit,92.369,1.35,4.396,0.4176,5598.0,0.433,1.139,19.2,0.305,0.719,1,SPITZER
PYC-2021-0166,PYC Star 842,2021,Radial Velocity,113.744,8.613,198.604,0.5031,4848.0,0.928,1.313,174.2,0.49,1.156,0,TESS
PYC-2009-0167,PYC Star 328,2009,Radial Velocity,1.07,2.131,6.071,0.0193,6309.0,0.454,0.839,275.5,0.406,0.958,0,OGLE
PYC-2010-0168,PYC Star 624,2010,Transit,0.405,1.535,1.359,0.0105,5060.0,0.39,0.943,47.8,0.224,0.529,0,TESS
PYC-2012-0169,PYC Star 087,2012,Microlensing,457.306,1.341,1.881,1.3053,4206.0,0.689,1.419,52.9,0.274,0.646,0,Kepler
PYC-2015-0170,PYC Star 196,2015,Transit,50.528,8.524,405.402,0.2434,5570.0,3.168,0.754,24.7,2.208,5.211,0,TESS
PYC-2006-0171,PYC Star 628,2006,Transit,1628.87,9.473,392.417,2.4365,5630.0,1.276,0.727,22.8,0.909,2.144,0,KMT
PYC-2022-0172,PYC Star 038,2022,Transit,48.294,5.725,88.484,0.2525,5367.0,1.684,0.921,102.6,1.089,2.571,0,K2
PYC-2019-0173,PYC Star 672,2019,Microlensing,2.716,14.44,473.207,0.0442,4437.0,1.183,1.564,5.7,0.523,1.235,0,K2
PYC-2011-0174,PYC Star 866,2011,Transit,203.563,3.316,19.162,0.8172,5053.0,0.987,1.757,383.4,0.566,1.336,0,Gaia
PYC-2012-0175,PYC Star 064,2012,Transit,208.167,11.6,630.231,0.6795,6054.0,1.347,0.966,62.7,1.109,2.617,0,K2
PYC-2009-0176,PYC Star 524,2009,Transit,0.718,12.935,473.401,0.0144,5230.0,0.675,0.779,157.6,0.415,0.979,0,KMT
PYC-2005-0177,PYC Star 319,2005,Pulsar Timing,194.984,11.456,786.539,0.7451,3470.0,1.112,1.451,49.4,0.301,0.71,0,Kepler
PYC-2020-0178,PYC Star 579,2020,Radial Velocity,2.665,2.41,15.327,0.031,4234.0,1.529,0.558,221.1,0.616,1.453,0,OGLE
PYC-1996-0179,PYC Star 806,1996,Radial Velocity,3.876,3.524,20.295,0.0497,4192.0,1.233,1.091,381.3,0.487,1.149,0,TESS
PYC-2008-0180,PYC Star 073,2008,Radial Velocity,0.529,2.159,10.637,0.0127,4121.0,1.574,0.985,136.8,0.601,1.418,0,Kepler
PYC-2020-0181,PYC Star 602,2020,Radial Velocity,107.936,1.9,5.02,0.5159,2900.0,0.977,1.573,33.4,0.185,0.436,0,Kepler
PYC-2020-0182,PYC Star 165,2020,Transit,273.877,1.38,4.099,0.9712,6502.0,1.927,1.629,276.5,1.83,4.319,0,Kepler
PYC-2012-0183,PYC Star 480,2012,Transit,3.128,1.167,4.131,0.0375,4011.0,0.819,0.719,93.1,0.296,0.699,0,WASP
PYC-2018-0184,PYC Star 398,2018,Radial Velocity,471.191,1.9,3.071,1.2085,4076.0,2.334,1.06,43.5,0.871,2.056,1,K2
PYC-2016-0185,PYC Star 454,2016,Transit,358.904,1.486,4.115,0.9247,3052.0,1.165,0.819,166.8,0.244,0.576,0,Kepler
PYC-2018-0186,PYC Star 689,2018,Transit,15.486,5.303,146.947,0.1175,5580.0,0.757,0.902,27.7,0.53,1.25,0,TESS
PYC-2013-0187,PYC Star 547,2013,Transit,0.735,4.926,38.876,0.0171,4718.0,0.529,1.241,2.1,0.265,0.625,0,Gaia
PYC-2016-0188,PYC Star 312,2016,Radial Velocity,4.873,1.209,1.229,0.0541,4484.0,0.626,0.889,109.5,0.283,0.667,0,Kepler
PYC-2002-0189,PYC Star 588,2002,Transit,1.75,3.799,23.974,0.0291,4532.0,0.584,1.07,379.3,0.27,0.636,0,CoRoT
PYC-2011-0190,PYC Star 537,2011,Microlensing,2077.492,9.816,354.935,3.5629,5329.0,0.865,1.398,63.0,0.552,1.302,0,HIRES
PYC-2011-0191,PYC Star 062,2011,Transit,590.023,1.691,3.277,1.6429,4368.0,0.507,1.699,109.7,0.217,0.513,0,TESS
PYC-2012-0192,PYC Star 552,2012,Transit,0.805,14.645,972.173,0.0175,3010.0,1.61,1.106,90.9,0.328,0.773,0,Other
PYC-1999-0193,PYC Star 301,1999,Radial Velocity,39.062,0.599,0.401,0.2284,3638.0,0.946,1.042,9.5,0.281,0.664,0,TESS
PYC-2006-0194,PYC Star 132,2006,Transit,4.328,0.96,0.349,0.0457,3591.0,0.929,0.679,61.8,0.269,0.635,0,WASP
PYC-2011-0195,PYC Star 474,2011,Transit,0.533,3.258,13.247,0.0155,5048.0,0.533,1.742,81.9,0.305,0.72,0,OGLE
PYC-2009-0196,PYC Star 465,2009,Transit,7.096,1.157,2.044,0.0766,5637.0,0.637,1.189,200.2,0.455,1.073,0,Kepler
PYC-2007-0197,PYC Star 657,2007,Radial Velocity,1.249,12.613,959.756,0.0231,6119.0,0.331,1.049,109.8,0.279,0.658,0,TESS
PYC-2009-0198,PYC Star 389,2009,Transit,2.919,0.3,0.026,0.0404,3329.0,1.864,1.03,111.7,0.464,1.095,0,TESS
PYC-2004-0199,PYC Star 668,2004,Transit,7.369,0.443,0.159,0.0773,5358.0,0.476,1.135,165.4,0.307,0.724,0,Kepler
PYC-2013-0200,PYC Star 254,2013,Radial Velocity,15.365,2.31,17.117,0.1324,4246.0,0.492,1.31,125.0,0.199,0.47,0,TESS
PYC-2017-0201,PYC Star 545,2017,Imaging,26.14,6.036,104.527,0.1914,7431.0,1.7,1.368,12.9,2.109,4.977,0,HAT-P
PYC-2015-0202,PYC Star 866,2015,Transit,41.482,1.507,1.754,0.283,6045.0,1.071,1.757,85.8,0.88,2.076,0,Kepler
PYC-1998-0203,PYC Star 528,1998,Transit,10.86,1.056,1.783,0.0987,6332.0,0.95,1.089,19.8,0.856,2.02,0,TESS
PYC-2022-0204,PYC Star 613,2022,Transit,34.135,0.897,1.785,0.2527,5522.0,1.049,1.848,17.4,0.719,1.696,0,Kepler
PYC-2022-0205,PYC Star 331,2022,Transit,16.645,0.743,0.297,0.1443,5144.0,1.383,1.448,116.2,0.822,1.939,0,Kepler
PYC-2018-0206,PYC Star 608,2018,Transit,2184.339,1.025,1.087,3.2717,4438.0,0.941,0.979,5.2,0.416,0.983,0,TESS
PYC-2016-0207,PYC Star 751,2016,Transit,0.731,4.362,79.434,0.0131,4261.0,0.449,0.558,29.5,0.183,0.432,0,Kepler
PYC-2018-0208,PYC Star 785,2018,Transit,74.586,1.522,3.159,0.3503,4080.0,1.252,1.03,86.7,0.468,1.105,0,TESS
PYC-2002-0209,PYC Star 824,2002,Transit,2.251,2.073,2.778,0.0403,5356.0,1.088,1.725,27.0,0.701,1.655,0,Kepler
PYC-2019-0210,PYC Star 276,2019,Transit,11.4,1.519,3.701,0.0906,6204.0,1.525,0.762,255.4,1.319,3.112,0,SPITZER
PYC-2017-0211,PYC Star 761,2017,Transit,52.438,5.835,60.133,0.2768,4479.0,0.513,1.029,42.4,0.231,0.546,0,KMT
PYC-2019-0212,PYC Star 314,2019,Transit,351.859,0.96,0.476,0.9944,4150.0,0.648,1.06,104.5,0.251,0.592,0,Kepler
PYC-2007-0213,PYC Star 784,2007,Radial Velocity,2459.393,8.11,97.337,3.9801,3465.0,1.074,1.391,210.8,0.29,0.683,0,Kepler
PYC-2016-0214,PYC Star 006,2016,Transit,32.725,1.412,4.443,0.1914,5020.0,0.588,0.873,62.0,0.333,0.786,0,Kepler
PYC-2002-0215,PYC Star 818,2002,Radial Velocity,3.962,2.876,10.269,0.0443,5906.0,0.312,0.738,264.2,0.245,0.577,0,Kepler
PYC-2020-0216,PYC Star 195,2020,Transit,467.157,2.084,7.974,1.2593,5951.0,0.984,1.221,48.9,0.783,1.847,1,HAT-P
PYC-1996-0217,PYC Star 182,1996,Transit,2.888,6.563,177.923,0.0364,6041.0,1.346,0.771,13.3,1.104,2.605,0,TESS
PYC-2013-0218,PYC Star 503,2013,Microlensing,37.151,4.13,43.32,0.1759,5174.0,0.849,0.526,36.8,0.511,1.205,0,TESS
PYC-2022-0219,PYC Star 462,2022,Transit,764.044,0.363,0.083,2.0274,4881.0,1.152,1.904,35.5,0.616,1.455,0,KMT
PYC-2004-0220,PYC Star 142,2004,Transit,14.683,14.893,1356.665,0.1308,5954.0,1.079,1.383,13.3,0.859,2.028,0,OGLE
PYC-2022-0221,PYC Star 481,2022,Transit,57.595,2.564,12.397,0.3636,3801.0,0.904,1.933,174.0,0.293,0.693,0,TESS
PYC-2013-0222,PYC Star 721,2013,Transit,1.162,3.485,17.569,0.024,4403.0,0.957,1.358,59.2,0.417,0.984,0,TESS
PYC-2014-0223,PYC Star 437,2014,Imaging,0.659,2.452,6.732,0.016,6340.0,1.652,1.269,87.4,1.491,3.519,0,TESS
PYC-2020-0224,PYC Star 523,2020,Transit,2654.392,1.23,1.624,3.9172,3833.0,0.583,1.138,114.4,0.192,0.454,0,CoRoT
PYC-1997-0225,PYC Star 763,1997,Microlensing,1.974,13.58,828.188,0.0301,4769.0,1.274,0.937,119.5,0.651,1.537,0,Kepler
PYC-2014-0226,PYC Star 162,2014,Transit,7.986,1.622,4.362,0.083,5368.0,0.529,1.196,248.9,0.342,0.808,0,K2
PYC-2009-0227,PYC Star 293,2009,Transit,36.12,1.56,5.51,0.2005,4874.0,0.629,0.824,249.1,0.336,0.793,0,Kepler
PYC-2018-0228,PYC Star 804,2018,Transit,11.302,3.995,43.519,0.087,5834.0,1.542,0.688,275.0,1.179,2.782,0,Kepler
PYC-1999-0229,PYC Star 146,1999,Transit,0.953,2.902,10.642,0.0182,6173.0,0.522,0.89,53.5,0.447,1.055,0,TESS
PYC-2008-0230,PYC Star 229,2008,Transit,2.318,0.803,0.19,0.0399,5232.0,0.807,1.571,124.0,0.496,1.171,0,WASP
PYC-2010-0231,PYC Star 247,2010,Transit,32.674,0.904,0.524,0.1732,6051.0,2.605,0.65,272.3,2.142,5.056,0,K2
PYC-2003-0232,PYC Star 742,2003,Imaging,20.065,0.418,0.053,0.1254,3964.0,1.428,0.653,224.9,0.504,1.19,0,Other
PYC-2011-0233,PYC Star 129,2011,Transit,495.576,14.533,730.289,1.3131,4658.0,0.646,1.23,325.6,0.315,0.743,0,K2
PYC-2010-0234,PYC Star 337,2010,Microlensing,6.46,3.732,34.657,0.0647,6965.0,0.698,0.865,349.1,0.76,1.794,0,Gaia
PYC-2013-0235,PYC Star 364,2013,Radial Velocity,1761.322,2.767,14.713,3.0206,6549.0,0.834,1.185,156.3,0.803,1.895,0,Kepler
PYC-2018-0236,PYC Star 074,2018,Transit,4.988,1.331,5.322,0.0641,3651.0,1.624,1.414,349.1,0.486,1.148,0,K2
PYC-2014-0237,PYC Star 106,2014,Radial Velocity,7.689,11.54,735.618,0.0805,4789.0,0.573,1.175,82.1,0.295,0.697,0,Kepler
PYC-2020-0238,PYC Star 339,2020,Transit,1908.567,12.527,1857.566,2.7971,4922.0,0.558,0.801,7.0,0.304,0.717,0,Kepler
PYC-2017-0239,PYC Star 079,2017,Transit,722.744,4.564,74.07,1.8306,5175.0,1.241,1.567,22.2,0.746,1.761,0,Kepler
PYC-2014-0240,PYC Star 881,2014,Radial Velocity,6.766,2.714,23.066,0.0763,5947.0,0.422,1.297,72.9,0.336,0.792,0,CoRoT
PYC-2014-0241,PYC Star 406,2014,Radial Velocity,13.609,3.869,28.174,0.1119,6455.0,0.597,1.009,4.2,0.559,1.32,0,Kepler
PYC-2014-0242,PYC Star 007,2014,Transit,734.294,3.488,15.046,1.5889,4834.0,0.866,0.992,26.2,0.455,1.073,0,Kepler
PYC-2007-0243,PYC Star 541,2007,Transit,0.862,3.258,17.223,0.0185,5810.0,0.886,1.14,56.2,0.672,1.586,0,Kepler
PYC-1997-0244,PYC Star 679,1997,Transit,5.546,1.007,1.012,0.0591,5383.0,0.487,0.897,171.5,0.317,0.748,0,WASP
PYC-2017-0245,PYC Star 547,2017,Radial Velocity,45.906,5.092,50.291,0.2074,4781.0,1.055,0.565,60.6,0.542,1.279,0,TESS
PYC-2019-0246,PYC Star 514,2019,Transit,651.8,3.56,16.459,1.6058,3272.0,1.155,1.3,79.6,0.278,0.655,0,Kepler
PYC-2019-0247,PYC Star 083,2019,Transit,61.657,0.511,0.215,0.3311,5717.0,0.668,1.273,316.3,0.49,1.157,0,Kepler
PYC-1993-0248,PYC Star 656,1993,Transit,31.622,4.044,22.869,0.1496,5345.0,1.9,0.447,217.8,1.219,2.878,0,WASP
PYC-2005-0249,PYC Star 874,2005,Transit,2139.56,7.987,103.098,3.449,5151.0,1.049,1.196,114.3,0.625,1.475,0,WASP
PYC-2010-0250,PYC Star 328,2010,Transit,1.13,1.281,1.086,0.0261,3917.0,0.573,1.849,261.0,0.197,0.466,0,TESS
PYC-2010-0251,PYC Star 110,2010,Radial Velocity,421.564,3.596,24.781,0.9647,6563.0,1.866,0.674,160.0,1.806,4.262,0,TESS
PYC-2021-0252,PYC Star 193,2021,Transit,1.243,0.626,0.18,0.0224,4937.0,0.711,0.975,4.6,0.389,0.919,0,Kepler
PYC-2007-0253,PYC Star 594,2007,Transit,276.574,0.636,0.275,0.8133,3773.0,0.975,0.938,328.7,0.312,0.736,0,TESS
PYC-2004-0254,PYC Star 578,2004,Transit,50.882,1.778,6.026,0.3262,3628.0,0.723,1.788,38.6,0.214,0.504,1,WASP
PYC-2019-0255,PYC Star 799,2019,Radial Velocity,4.242,1.674,5.086,0.0585,5410.0,1.192,1.48,99.0,0.784,1.849,0,HAT-P
PYC-2022-0256,PYC Star 366,2022,Radial Velocity,50.995,1.082,0.882,0.2429,5437.0,0.725,0.735,181.3,0.481,1.136,0,K2
PYC-2011-0257,PYC Star 796,2011,Transit,1022.942,0.309,0.025,2.0678,4383.0,0.745,1.127,54.7,0.321,0.759,0,WASP
PYC-2020-0258,PYC Star 248,2020,Transit,27.027,6.213,86.621,0.2306,5216.0,0.837,2.239,75.8,0.512,1.208,0,TESS
PYC-1997-0259,PYC Star 461,1997,Transit,0.424,0.455,0.179,0.0103,5401.0,0.718,0.804,6.6,0.471,1.11,0,HAT-P
PYC-2019-0260,PYC Star 592,2019,Transit,0.663,14.878,1744.706,0.0149,4926.0,1.458,0.996,26.8,0.795,1.875,0,WASP
PYC-2017-0261,PYC Star 250,2017,Radial Velocity,113.127,1.993,7.17,0.486,4169.0,0.511,1.197,15.7,0.2,0.471,0,HAT-P
PYC-2023-0262,PYC Star 332,2023,Transit,169.467,6.606,247.054,0.5582,5665.0,0.885,0.808,52.1,0.638,1.506,0,Kepler
PYC-1996-0263,PYC Star 745,1996,Transit,14.42,1.377,5.458,0.1424,5554.0,0.937,1.854,18.5,0.649,1.532,0,K2
PYC-2003-0264,PYC Star 520,2003,Microlensing,3.49,1.386,1.833,0.0426,5311.0,0.851,0.848,352.5,0.539,1.272,0,Kepler
PYC-2012-0265,PYC Star 551,2012,Transit,237.944,1.992,12.62,0.6391,4050.0,1.391,0.615,103.4,0.513,1.21,0,TESS
PYC-2014-0266,PYC Star 561,2014,Transit,6.035,2.932,14.386,0.061,3602.0,0.457,0.832,1.0,0.133,0.315,0,TESS
PYC-2020-0267,PYC Star 712,2020,Transit,0.774,2.574,19.454,0.0178,4869.0,1.162,1.257,127.1,0.619,1.461,0,WASP
PYC-2008-0268,PYC Star 874,2008,Transit,15.464,0.776,0.736,0.1107,5637.0,0.514,0.756,131.7,0.367,0.866,0,TESS
PYC-2000-0269,PYC Star 360,2000,Transit,49.12,5.749,35.123,0.2719,5736.0,0.716,1.112,60.5,0.529,1.249,0,TESS
PYC-2005-0270,PYC Star 319,2005,Transit,2207.653,1.684,2.392,3.5432,5326.0,0.491,1.218,11.5,0.313,0.738,0,CoRoT
PYC-2013-0271,PYC Star 822,2013,Transit,78.878,1.559,1.721,0.3126,4395.0,0.775,0.655,73.9,0.336,0.794,0,Kepler
PYC-1995-0272,PYC Star 431,1995,Transit,2.566,6.375,50.669,0.0343,4076.0,0.694,0.821,183.4,0.259,0.611,0,Kepler
PYC-2017-0273,PYC Star 836,2017,Transit,671.214,1.103,2.004,1.5627,4785.0,1.881,1.13,312.1,0.968,2.283,1,Kepler
PYC-2010-0274,PYC Star 793,2010,Transit,5.39,1.356,6.214,0.0653,4793.0,1.003,1.279,3.2,0.518,1.222,0,HAT-P
PYC-2000-0275,PYC Star 663,2000,Transit,2086.036,0.778,0.457,3.0005,5797.0,1.097,0.828,8.5,0.828,1.954,0,Kepler
PYC-2010-0276,PYC Star 648,2010,Transit,7.289,1.164,2.277,0.0749,4368.0,0.547,1.055,27.8,0.234,0.553,0,K2
PYC-1996-0277,PYC Star 848,1996,Transit,1338.128,0.692,0.806,2.2991,4443.0,1.256,0.905,72.0,0.557,1.314,0,Kepler
PYC-2022-0278,PYC Star 247,2022,Radial Velocity,1018.733,3.72,33.778,2.157,6649.0,1.881,1.29,76.1,1.868,4.41,0,TESS
PYC-2019-0279,PYC Star 408,2019,Radial Velocity,891.425,3.863,33.154,1.926,6196.0,1.331,1.199,33.9,1.148,2.71,0,SPITZER
PYC-2011-0280,PYC Star 491,2011,Transit,0.568,5.759,83.871,0.0129,4005.0,0.499,0.877,149.9,0.18,0.424,0,KMT
PYC-2015-0281,PYC Star 175,2015,Transit,785.884,13.19,1069.872,1.7623,6122.0,0.73,1.182,66.0,0.615,1.451,0,Kepler
PYC-2005-0282,PYC Star 466,2005,Transit,249.541,3.913,53.768,0.7393,3790.0,0.945,0.866,277.9,0.305,0.72,0,TESS
PYC-2013-0283,PYC Star 590,2013,Transit,7.897,1.056,1.452,0.0819,4409.0,0.694,1.174,197.1,0.303,0.716,0,Kepler
PYC-2012-0284,PYC Star 453,2012,Transit,31.712,12.821,940.577,0.2072,4512.0,2.814,1.179,47.3,1.287,3.037,0,OGLE
PYC-2014-0285,PYC Star 588,2014,Transit,120.717,3.853,32.511,0.6304,4730.0,0.724,2.293,224.1,0.364,0.859,0,K2
PYC-2007-0286,PYC Star 092,2007,Transit,1812.69,8.762,127.3,2.7976,5358.0,0.883,0.889,11.4,0.569,1.343,0,Kepler
PYC-2018-0287,PYC Star 442,2018,Transit,421.634,2.41,15.419,1.0824,4896.0,0.687,0.952,24.5,0.37,0.873,0,TESS
PYC-2011-0288,PYC Star 836,2011,Transit,18.303,0.839,0.333,0.126,5353.0,0.999,0.797,83.2,0.643,1.518,0,TESS
PYC-2017-0289,PYC Star 235,2017,Transit,126.796,8.38,342.683,0.4379,4438.0,1.676,0.697,691.3,0.742,1.751,0,Gaia
PYC-2017-0290,PYC Star 410,2017,Radial Velocity,2.1,1.02,1.537,0.0304,5137.0,0.948,0.852,91.4,0.562,1.326,0,Kepler
PYC-2022-0291,PYC Star 562,2022,Transit,17.574,1.958,3.243,0.143,4871.0,0.816,1.262,250.3,0.435,1.026,0,Gaia
PYC-2012-0292,PYC Star 563,2012,Microlensing,466.016,3.786,23.507,1.2821,3551.0,0.555,1.294,166.4,0.157,0.371,0,Kepler
PYC-2008-0293,PYC Star 163,2008,Transit,89.667,0.693,1.115,0.4058,5235.0,1.551,1.109,148.7,0.955,2.253,0,Kepler
PYC-2015-0294,PYC Star 102,2015,Radial Velocity,433.709,2.242,7.846,1.0833,4886.0,0.844,0.902,81.9,0.453,1.068,0,HAT-P
PYC-2013-0295,PYC Star 678,2013,Radial Velocity,37.812,3.165,10.861,0.2081,4157.0,0.827,0.841,12.4,0.321,0.758,0,TESS
PYC-2022-0296,PYC Star 480,2022,Transit Timing Variations,11.889,0.797,0.827,0.0916,4418.0,0.314,0.726,127.3,0.138,0.325,0,HIRES
PYC-2001-0297,PYC Star 816,2001,Radial Velocity,301.613,3.984,24.713,0.8248,4440.0,0.85,0.823,193.5,0.376,0.888,0,TESS
PYC-2017-0298,PYC Star 891,2017,Radial Velocity,0.923,8.775,108.484,0.016,4580.0,0.751,0.636,44.0,0.354,0.835,0,TESS
PYC-2010-0299,PYC Star 150,2010,Transit,2478.686,1.983,7.689,4.1997,6383.0,0.396,1.608,27.7,0.362,0.855,0,Kepler
PYC-1997-0300,PYC Star 325,1997,Radial Velocity,1892.633,8.806,180.857,3.7102,6681.0,1.405,1.902,426.9,1.409,3.325,0,Gaia
PYC-2012-0301,PYC Star 738,2012,Transit,1031.673,2.868,18.177,1.5942,2500.0,0.707,0.508,41.2,0.099,0.234,0,WASP
PYC-2013-0302,PYC Star 265,2013,Transit,1068.296,5.914,67.671,2.1154,5239.0,2.112,1.107,75.3,1.302,3.074,0,TESS
PYC-2010-0303,PYC Star 179,2010,Transit,38.233,2.301,12.437,0.2293,5659.0,1.701,1.1,36.7,1.224,2.888,0,OGLE
PYC-1995-0304,PYC Star 141,1995,Radial Velocity,34.012,1.348,2.383,0.2105,4606.0,0.651,1.076,159.4,0.31,0.732,0,Kepler
PYC-2000-0305,PYC Star 450,2000,Transit,602.461,4.392,12.84,1.3027,5635.0,1.667,0.813,109.5,1.189,2.806,0,KMT
PYC-2017-0306,PYC Star 344,2017,Transit,5.008,2.067,7.997,0.0645,6289.0,1.858,1.43,19.4,1.651,3.895,0,TESS
PYC-2015-0307,PYC Star 836,2015,Transit,786.191,0.974,0.808,1.7489,3565.0,0.7,1.154,175.3,0.2,0.472,0,OGLE
PYC-2022-0308,PYC Star 868,2022,Transit,2.402,1.64,7.345,0.0396,4920.0,0.565,1.436,174.8,0.308,0.726,0,WASP
PYC-2010-0309,PYC Star 075,2010,Transit,1020.128,0.566,0.278,1.8197,6561.0,0.341,0.772,71.0,0.33,0.779,0,TESS
PYC-2007-0310,PYC Star 812,2007,Transit,49.98,1.641,5.289,0.226,3686.0,1.068,0.616,115.1,0.326,0.769,0,HAT-P
PYC-2017-0311,PYC Star 081,2017,Transit,740.55,11.375,390.094,1.6853,4696.0,0.581,1.164,184.2,0.288,0.679,0,WASP
PYC-2008-0312,PYC Star 647,2008,Transit,32.585,12.387,467.854,0.1784,4396.0,1.083,0.714,54.9,0.47,1.109,0,Kepler
PYC-2020-0313,PYC Star 862,2020,Transit,91.153,14.134,966.397,0.4483,5747.0,0.697,1.446,288.3,0.517,1.22,0,WASP
PYC-2015-0314,PYC Star 311,2015,Transit,1561.036,3.054,15.213,2.0549,5872.0,0.634,0.475,44.1,0.491,1.158,0,TESS
PYC-2006-0315,PYC Star 143,2006,Transit,16.698,3.987,71.176,0.1211,4946.0,0.699,0.849,295.6,0.384,0.907,0,OGLE
PYC-2002-0316,PYC Star 060,2002,Transit,2.856,1.568,2.982,0.0367,4829.0,0.501,0.806,281.0,0.263,0.62,0,OGLE
PYC-2018-0317,PYC Star 308,2018,Transit,0.901,2.171,4.07,0.0176,3253.0,0.699,0.89,493.8,0.166,0.392,0,Kepler
PYC-1997-0318,PYC Star 857,1997,Transit,77.315,9.523,231.818,0.3662,6081.0,0.646,1.096,5.7,0.537,1.267,0,Kepler
PYC-1996-0319,PYC Star 413,1996,Microlensing,93.337,0.63,0.487,0.4217,4482.0,0.894,1.149,296.7,0.404,0.953,1,Kepler
PYC-2019-0320,PYC Star 376,2019,Microlensing,101.702,2.667,11.789,0.4595,4672.0,0.943,1.251,206.4,0.463,1.092,0,HAT-P
PYC-2009-0321,PYC Star 007,2009,Transit,0.557,0.74,0.41,0.0145,5674.0,0.556,1.302,85.3,0.402,0.949,0,KMT
PYC-2008-0322,PYC Star 600,2008,Transit,0.511,3.434,41.99,0.0123,4978.0,1.477,0.942,106.6,0.822,1.94,0,WASP
PYC-2003-0323,PYC Star 170,2003,Transit,1179.929,0.346,0.04,2.7948,5703.0,0.838,2.092,21.9,0.612,1.445,0,OGLE
PYC-2009-0324,PYC Star 620,2009,Radial Velocity,198.232,8.161,76.77,0.7822,5343.0,1.77,1.625,21.7,1.135,2.678,0,TESS
PYC-2023-0325,PYC Star 745,2023,Transit,1.099,12.89,502.922,0.0201,4983.0,1.003,0.897,253.1,0.56,1.321,0,TESS
PYC-2003-0326,PYC Star 697,2003,Radial Velocity,0.779,0.929,0.932,0.0163,5079.0,0.928,0.953,82.4,0.538,1.27,0,Other
PYC-2024-0327,PYC Star 467,2024,Transit,1.695,0.881,0.634,0.0268,3790.0,0.722,0.89,428.9,0.233,0.549,0,Kepler
PYC-2017-0328,PYC Star 585,2017,Transit,535.699,2.539,5.166,1.3468,4666.0,1.187,1.136,9.9,0.58,1.37,1,TESS
PYC-2008-0329,PYC Star 355,2008,Transit,253.549,3.222,34.82,0.7,5776.0,0.914,0.712,23.1,0.685,1.616,0,Kepler
PYC-2007-0330,PYC Star 638,2007,Radial Velocity,119.366,7.99,241.097,0.4327,3991.0,1.324,0.759,7.3,0.474,1.119,0,Kepler
PYC-2006-0331,PYC Star 614,2006,Transit,121.664,3.045,21.97,0.3732,4156.0,1.853,0.468,473.0,0.719,1.697,0,TESS
PYC-2020-0332,PYC Star 170,2020,Transit,851.626,1.114,1.634,1.6784,4008.0,0.649,0.87,25.7,0.234,0.553,0,Kepler
PYC-2008-0333,PYC Star 292,2008,Radial Velocity,7.839,9.027,159.403,0.0874,4938.0,1.186,1.452,110.0,0.65,1.533,0,TESS
PYC-2010-0334,PYC Star 698,2010,Transit,7.091,2.172,8.739,0.071,6062.0,1.171,0.948,124.3,0.967,2.282,0,Kepler
PYC-2008-0335,PYC Star 395,2008,Transit,17.808,3.117,30.25,0.132,5292.0,1.106,0.967,336.0,0.696,1.642,0,K2
PYC-2016-0336,PYC Star 212,2016,Transit,2735.994,0.99,1.724,3.9547,2841.0,0.741,1.102,137.4,0.134,0.317,0,Kepler
PYC-2015-0337,PYC Star 894,2015,Radial Velocity,56.536,12.538,1028.054,0.2565,5384.0,0.747,0.704,238.4,0.487,1.148,0,HIRES
PYC-2003-0338,PYC Star 781,2003,Transit,52.642,4.414,61.381,0.2757,4402.0,0.692,1.009,4.7,0.301,0.711,0,TESS
PYC-2009-0339,PYC Star 697,2009,Microlensing,548.638,4.037,15.792,1.4552,5258.0,0.686,1.366,166.1,0.426,1.006,0,OGLE
PYC-2008-0340,PYC Star 380,2008,Transit,1.959,1.449,2.602,0.0318,4665.0,0.617,1.113,87.9,0.302,0.712,0,TESS
PYC-2013-0341,PYC Star 499,2013,Imaging,14.894,11.468,352.361,0.1328,4026.0,0.859,1.408,78.2,0.313,0.738,0,Kepler
PYC-2017-0342,PYC Star 851,2017,Radial Velocity,122.287,1.312,3.843,0.5588,4736.0,0.64,1.557,129.5,0.322,0.761,1,WASP
PYC-2000-0343,PYC Star 474,2000,Transit,2695.787,4.669,96.712,4.0955,4403.0,1.095,1.261,1.0,0.477,1.125,0,Kepler
PYC-2015-0344,PYC Star 742,2015,Radial Velocity,1.587,3.889,21.24,0.0245,5077.0,0.923,0.779,13.3,0.535,1.262,0,K2
PYC-2017-0345,PYC Star 760,2017,Radial Velocity,22.578,1.144,1.387,0.1502,4003.0,0.971,0.887,26.3,0.35,0.825,0,TESS
PYC-2009-0346,PYC Star 724,2009,Microlensing,1291.948,0.402,0.106,2.9083,3788.0,0.796,1.966,414.5,0.256,0.605,0,HAT-P
PYC-2003-0347,PYC Star 541,2003,Transit,259.142,5.408,126.338,0.8252,5459.0,0.928,1.116,28.5,0.621,1.467,0,HIRES
PYC-2010-0348,PYC Star 311,2010,Transit,95.608,0.691,0.165,0.4179,5798.0,0.805,1.065,358.1,0.608,1.435,0,Kepler
PYC-2017-0349,PYC Star 306,2017,Transit,3.966,2.31,2.921,0.0444,5322.0,1.278,0.74,32.4,0.813,1.919,0,WASP
PYC-2014-0350,PYC Star 730,2014,Transit,2.126,1.04,1.129,0.032,4216.0,0.738,0.968,179.1,0.295,0.695,0,TESS
PYC-2011-0351,PYC Star 376,2011,Transit,11.276,1.057,0.326,0.107,4134.0,1.066,1.285,16.2,0.409,0.966,0,HAT-P
PYC-2006-0352,PYC Star 223,2006,Transit,3.896,14.985,1233.44,0.0485,4186.0,0.5,1.005,14.2,0.197,0.464,0,SPITZER
PYC-2021-0353,PYC Star 165,2021,Transit,543.192,1.467,3.643,1.2263,5601.0,1.24,0.834,55.6,0.874,2.063,1,TESS
PYC-2009-0354,PYC Star 554,2009,Transit,248.216,1.002,1.867,0.7475,4057.0,0.7,0.904,196.6,0.259,0.611,0,Kepler
PYC-2008-0355,PYC Star 863,2008,Transit,689.452,2.779,10.441,1.7552,5596.0,0.597,1.518,196.3,0.42,0.991,0,OGLE
PYC-2021-0356,PYC Star 341,2021,Radial Velocity,1.841,10.512,491.286,0.0318,5373.0,0.539,1.263,66.7,0.35,0.825,0,TESS
PYC-2005-0357,PYC Star 587,2005,Radial Velocity,6.356,0.71,0.568,0.0715,5914.0,0.52,1.206,1.7,0.409,0.965,0,KMT
PYC-2005-0358,PYC Star 278,2005,Transit,380.403,1.581,1.827,1.0817,5757.0,0.725,1.167,112.0,0.54,1.273,1,TESS
PYC-2005-0359,PYC Star 359,2005,Transit,1.721,6.621,215.342,0.0245,5288.0,1.767,0.661,34.6,1.11,2.619,0,SPITZER
PYC-1994-0360,PYC Star 368,1994,Microlensing,1.467,2.036,7.285,0.0261,3478.0,0.674,1.1,267.1,0.183,0.432,0,Kepler
PYC-2016-0361,PYC Star 324,2016,Transit,12.202,9.845,282.428,0.1175,5349.0,0.333,1.453,1.8,0.214,0.505,0,HAT-P
PYC-2013-0362,PYC Star 762,2013,Transit,2.111,0.937,0.907,0.0312,4904.0,1.061,0.913,18.2,0.573,1.353,0,K2
PYC-2002-0363,PYC Star 816,2002,Transit,0.809,2.559,10.728,0.019,4464.0,0.545,1.408,23.1,0.244,0.576,0,WASP
PYC-2017-0364,PYC Star 242,2017,Transit,6.517,1.256,2.672,0.0728,6026.0,1.299,1.21,93.5,1.059,2.5,0,Gaia
PYC-2004-0365,PYC Star 324,2004,Transit,988.694,1.609,2.878,2.1392,4664.0,0.745,1.336,22.7,0.364,0.859,0,WASP
PYC-2019-0366,PYC Star 018,2019,Radial Velocity,0.662,1.057,1.295,0.015,4323.0,0.796,1.018,26.6,0.334,0.788,0,HAT-P
PYC-2002-0367,PYC Star 680,2002,Transit,62.482,1.779,3.278,0.3417,5812.0,1.543,1.364,486.0,1.17,2.762,0,Kepler
PYC-2017-0368,PYC Star 637,2017,Transit,60.776,5.262,46.929,0.255,4435.0,1.188,0.599,20.0,0.525,1.24,0,Kepler
PYC-2000-0369,PYC Star 752,2000,Radial Velocity,45.614,2.34,9.936,0.2508,4278.0,0.514,1.012,197.9,0.211,0.498,1,TESS
PYC-2013-0370,PYC Star 504,2013,Radial Velocity,36.386,9.952,251.112,0.2335,3786.0,0.549,1.283,95.9,0.177,0.417,0,TESS
PYC-2012-0371,PYC Star 818,2012,Transit,0.467,11.224,802.153,0.0122,4062.0,0.403,1.109,26.3,0.149,0.353,0,Kepler
PYC-2002-0372,PYC Star 127,2002,Transit,0.611,5.351,105.338,0.016,4139.0,2.904,1.467,49.9,1.118,2.638,0,WASP
PYC-2007-0373,PYC Star 336,2007,Transit,38.284,3.986,24.847,0.2183,5359.0,0.61,0.946,3.7,0.394,0.929,0,WASP
PYC-2014-0374,PYC Star 403,2014,Transit,2261.089,8.892,326.495,3.1629,3883.0,1.524,0.826,1.0,0.516,1.218,0,Kepler
PYC-2012-0375,PYC Star 689,2012,Transit,15.24,1.05,0.772,0.0994,3128.0,0.708,0.563,13.0,0.156,0.367,0,Kepler
PYC-2015-0376,PYC Star 198,2015,Microlensing,27.062,5.349,35.09,0.1709,5073.0,0.554,0.909,5.8,0.32,0.755,0,K2
PYC-2006-0377,PYC Star 294,2006,Transit,2556.317,1.338,1.58,3.8863,4229.0,0.909,1.198,82.7,0.365,0.862,0,CoRoT
PYC-2011-0378,PYC Star 085,2011,Transit,417.996,1.03,1.054,1.1957,4785.0,0.777,1.305,102.3,0.4,0.943,0,HIRES
PYC-2011-0379,PYC Star 849,2011,Radial Velocity,385.729,2.337,11.79,0.8808,5954.0,1.291,0.613,53.6,1.028,2.427,0,TESS
PYC-2015-0380,PYC Star 408,2015,Transit,36.136,1.66,4.025,0.2453,4864.0,1.298,1.509,22.6,0.69,1.629,0,Kepler
PYC-2019-0381,PYC Star 011,2019,Microlensing,1206.498,4.7,87.994,1.9796,6159.0,0.69,0.711,68.4,0.588,1.388,0,KMT
PYC-2002-0382,PYC Star 212,2002,Radial Velocity,71.475,8.962,183.331,0.3323,4739.0,0.471,0.958,84.7,0.237,0.56,0,Kepler
PYC-2016-0383,PYC Star 513,2016,Transit,140.218,0.968,0.76,0.4943,5706.0,0.525,0.819,454.3,0.384,0.907,1,CoRoT
PYC-2023-0384,PYC Star 442,2023,Transit,450.698,2.042,14.564,1.2078,4307.0,0.322,1.157,56.2,0.134,0.317,0,TESS
PYC-1994-0385,PYC Star 459,1994,Transit Timing Variations,15.052,1.497,1.088,0.1206,4897.0,0.795,1.033,89.8,0.429,1.011,0,HIRES
PYC-2004-0386,PYC Star 057,2004,Transit,1977.155,0.749,0.376,3.3367,3960.0,0.895,1.268,83.2,0.315,0.744,0,WASP
PYC-2005-0387,PYC Star 789,2005,Microlensing,2695.557,2.293,5.061,4.7003,4067.0,0.538,1.907,38.5,0.2,0.472,0,Kepler
PYC-2005-0388,PYC Star 746,2005,Transit,75.38,7.105,148.453,0.3658,4598.0,0.51,1.149,187.4,0.242,0.571,0,K2
PYC-2023-0389,PYC Star 195,2023,Radial Velocity,2.901,2.165,5.998,0.0372,3604.0,0.894,0.817,350.5,0.261,0.615,0,Kepler
PYC-2002-0390,PYC Star 330,2002,Transit,402.581,1.872,6.896,1.126,4943.0,0.677,1.175,343.2,0.372,0.877,0,Kepler
PYC-2016-0391,PYC Star 079,2016,Transit,7.085,11.89,709.436,0.0906,4528.0,0.818,1.975,1.8,0.377,0.889,0,K2
PYC-2005-0392,PYC Star 115,2005,Transit,68.924,14.171,513.014,0.3552,5011.0,0.763,1.258,116.9,0.43,1.016,0,TESS
PYC-2008-0393,PYC Star 761,2008,Transit,0.867,10.976,377.955,0.0199,3618.0,1.007,1.392,59.9,0.296,0.699,0,OGLE
PYC-2010-0394,PYC Star 103,2010,Transit,537.958,6.967,155.584,1.0749,5432.0,0.698,0.572,234.6,0.463,1.092,0,Kepler
PYC-2017-0395,PYC Star 315,2017,Transit,2082.479,1.588,4.813,3.3388,6328.0,0.722,1.145,63.9,0.65,1.533,0,TESS
PYC-2011-0396,PYC Star 894,2011,Radial Velocity,0.927,0.689,1.281,0.018,6138.0,0.386,0.91,64.6,0.327,0.771,0,KMT
PYC-2012-0397,PYC Star 293,2012,Transit,273.559,1.396,3.381,0.7618,6514.0,0.88,0.788,90.1,0.839,1.979,0,TESS
PYC-2015-0398,PYC Star 618,2015,Transit,866.689,11.914,378.363,1.7744,4838.0,0.937,0.992,124.9,0.493,1.162,0,TESS
PYC-2018-0399,PYC Star 095,2018,Transit,1.063,7.843,201.987,0.0206,4483.0,0.831,1.039,237.0,0.375,0.885,0,HAT-P
PYC-2020-0400,PYC Star 786,2020,Transit,3.618,1.704,4.379,0.0429,5239.0,2.128,0.804,218.4,1.312,3.096,0,WASP
PYC-2017-0401,PYC Star 828,2017,Microlensing,13.2,7.31,135.941,0.1117,4586.0,0.968,1.068,248.9,0.457,1.08,0,TESS
PYC-2009-0402,PYC Star 821,2009,Radial Velocity,699.129,0.823,0.762,1.5107,3234.0,0.839,0.941,88.4,0.197,0.465,0,Other
PYC-2016-0403,PYC Star 570,2016,Transit,32.669,1.194,0.509,0.2171,5537.0,1.127,1.279,15.4,0.776,1.832,0,Kepler
PYC-2016-0404,PYC Star 874,2016,Astrometry,1.358,1.91,7.09,0.0246,4589.0,2.329,1.083,100.4,1.102,2.6,0,Kepler
PYC-2016-0405,PYC Star 623,2016,Radial Velocity,3.94,11.059,407.541,0.051,3479.0,1.008,1.141,248.3,0.274,0.647,0,TESS
PYC-2006-0406,PYC Star 339,2006,Transit,25.893,0.941,0.808,0.192,4343.0,0.331,1.409,195.7,0.14,0.331,1,Kepler
PYC-2020-0407,PYC Star 808,2020,Radial Velocity,0.568,0.417,0.214,0.0143,4610.0,1.093,1.214,85.3,0.522,1.231,0,Kepler
PYC-2011-0408,PYC Star 246,2011,Transit,111.484,6.078,58.068,0.453,4811.0,0.606,0.998,91.0,0.315,0.743,0,Kepler
PYC-2019-0409,PYC Star 759,2019,Astrometry,0.501,1.086,1.421,0.0097,4821.0,0.379,0.482,126.3,0.198,0.467,0,WASP
PYC-2004-0410,PYC Star 837,2004,Transit,424.604,3.784,47.338,1.1739,6032.0,1.932,1.197,91.5,1.579,3.727,0,TESS
PYC-2014-0411,PYC Star 407,2014,Transit,279.111,1.941,6.108,0.7515,3640.0,1.753,0.727,154.9,0.522,1.232,1,OGLE
PYC-2020-0412,PYC Star 209,2020,Transit,903.011,3.11,8.523,1.8101,4663.0,0.599,0.97,104.5,0.293,0.69,0,Kepler
PYC-2021-0413,PYC Star 144,2021,Radial Velocity,1.634,2.363,18.38,0.0283,4009.0,0.601,1.139,49.3,0.217,0.512,0,CoRoT
PYC-2011-0414,PYC Star 484,2011,Transit,86.52,7.357,161.258,0.4473,5931.0,0.967,1.594,110.8,0.764,1.804,0,Kepler
PYC-2020-0415,PYC Star 605,2020,Transit,425.197,7.25,132.539,1.372,4295.0,0.604,1.906,65.5,0.25,0.591,0,Kepler
PYC-2019-0416,PYC Star 531,2019,Transit,39.867,3.386,20.404,0.2051,4491.0,0.847,0.724,220.5,0.384,0.905,0,WASP
PYC-2022-0417,PYC Star 585,2022,Radial Velocity,1.285,1.908,4.429,0.0198,5745.0,0.653,0.631,107.6,0.484,1.142,0,Kepler
PYC-2012-0418,PYC Star 023,2012,Transit,0.967,2.377,5.24,0.0199,5992.0,0.752,1.121,28.0,0.606,1.431,0,WASP
PYC-2006-0419,PYC Star 043,2006,Microlensing,89.115,6.727,154.199,0.4017,6125.0,0.478,1.089,489.6,0.403,0.952,0,WASP
PYC-2005-0420,PYC Star 237,2005,Transit,33.909,3.404,17.922,0.1782,3321.0,1.306,0.657,89.2,0.324,0.764,0,WASP
PYC-2010-0421,PYC Star 809,2010,Transit,1600.157,4.59,73.53,2.6722,5235.0,1.547,0.994,63.8,0.952,2.247,0,TESS
PYC-2012-0422,PYC Star 454,2012,Transit,681.152,9.835,493.88,1.6245,5043.0,0.86,1.233,1.0,0.492,1.16,0,KMT
PYC-2017-0423,PYC Star 302,2017,Transit,255.054,1.324,4.679,0.6819,4754.0,0.885,0.65,23.1,0.45,1.061,1,Kepler
PYC-2018-0424,PYC Star 599,2018,Transit,2563.939,0.821,0.539,3.2645,4860.0,1.195,0.706,31.9,0.634,1.496,0,SPITZER
PYC-2013-0425,PYC Star 386,2013,Radial Velocity,196.661,8.628,181.512,0.6139,5957.0,0.901,0.798,15.8,0.718,1.695,0,Kepler
PYC-2019-0426,PYC Star 130,2019,Transit,0.912,12.906,370.583,0.018,5735.0,1.96,0.928,1.3,1.448,3.417,0,TESS
PYC-1995-0427,PYC Star 462,1995,Radial Velocity,0.799,1.228,5.107,0.0183,5607.0,0.498,1.275,153.1,0.352,0.83,0,SPITZER
PYC-2016-0428,PYC Star 628,2016,Transit,580.234,7.334,247.513,1.3106,4986.0,1.326,0.892,91.1,0.741,1.748,0,Kepler
PYC-2021-0429,PYC Star 820,2021,Radial Velocity,9.996,0.386,0.059,0.0914,6844.0,0.855,1.02,90.4,0.899,2.123,0,OGLE
PYC-1998-0430,PYC Star 331,1998,Microlensing,1526.568,2.329,20.996,3.372,4439.0,0.543,2.195,53.2,0.241,0.568,0,TESS
PYC-2003-0431,PYC Star 154,2003,Radial Velocity,1.149,1.542,6.072,0.0192,3346.0,2.474,0.716,53.7,0.622,1.468,0,KMT
PYC-2012-0432,PYC Star 779,2012,Transit,2.357,0.686,0.191,0.0321,4561.0,2.633,0.796,284.3,1.23,2.904,0,Kepler
PYC-2019-0433,PYC Star 332,2019,Radial Velocity,396.398,12.728,511.37,1.143,4852.0,0.82,1.268,19.5,0.433,1.023,0,TESS
PYC-2001-0434,PYC Star 142,2001,Transit,769.264,4.058,35.709,1.8438,5973.0,1.099,1.413,279.4,0.881,2.079,0,Kepler
PYC-2018-0435,PYC Star 451,2018,Transit,917.274,1.821,2.782,1.9392,4340.0,0.728,1.156,141.0,0.308,0.727,0,Kepler
PYC-2000-0436,PYC Star 054,2000,Transit,0.969,2.606,11.494,0.0237,5242.0,0.783,1.884,97.1,0.483,1.14,0,WASP
PYC-2012-0437,PYC Star 892,2012,Transit,12.066,3.748,44.296,0.1068,3470.0,0.541,1.118,30.4,0.146,0.345,0,HAT-P
PYC-2001-0438,PYC Star 701,2001,Radial Velocity,127.893,3.442,12.513,0.3945,5773.0,0.506,0.501,96.6,0.379,0.894,0,HAT-P
PYC-2018-0439,PYC Star 396,2018,Transit,1453.615,1.567,3.725,2.5399,4861.0,2.064,1.035,108.8,1.096,2.586,1,WASP
PYC-2014-0440,PYC Star 491,2014,Radial Velocity,3.375,3.739,55.327,0.0412,4547.0,0.884,0.819,39.7,0.411,0.97,0,OGLE
PYC-1998-0441,PYC Star 359,1998,Transit,84.806,8.889,358.049,0.444,6718.0,0.921,1.623,43.1,0.934,2.203,0,TESS
PYC-2006-0442,PYC Star 422,2006,Radial Velocity,1.439,1.178,1.475,0.0279,5763.0,0.625,1.402,7.4,0.466,1.1,0,K2
PYC-2013-0443,PYC Star 841,2013,Transit,314.638,6.624,97.669,0.7521,3864.0,0.98,0.573,59.5,0.329,0.776,0,HAT-P
PYC-1994-0444,PYC Star 653,1994,Transit,1.248,13.921,1425.603,0.0266,4702.0,0.457,1.604,11.9,0.227,0.536,0,WASP
PYC-1995-0445,PYC Star 595,1995,Transit,2999.531,1.325,1.153,4.5419,7263.0,0.635,1.389,46.8,0.753,1.777,0,Kepler
PYC-2011-0446,PYC Star 879,2011,Transit Timing Variations,0.911,6.935,173.558,0.0177,6581.0,0.525,0.893,251.5,0.51,1.204,0,TESS
PYC-2015-0447,PYC Star 148,2015,Transit,181.044,5.223,74.485,0.6206,5631.0,1.61,0.973,140.7,1.147,2.707,0,Kepler
PYC-2014-0448,PYC Star 817,2014,Transit,410.33,1.44,4.533,1.2713,3138.0,0.428,1.628,411.0,0.095,0.223,0,HAT-P
PYC-2020-0449,PYC Star 159,2020,Transit,3.997,5.862,74.187,0.0392,5999.0,0.529,0.502,308.6,0.428,1.01,0,Kepler
PYC-2010-0450,PYC Star 234,2010,Transit,3.886,13.499,677.118,0.051,4228.0,0.358,1.169,387.9,0.144,0.339,0,CoRoT
PYC-2011-0451,PYC Star 580,2011,Radial Velocity,81.69,1.105,0.698,0.4186,5991.0,0.603,1.466,112.6,0.486,1.147,0,HAT-P
PYC-2019-0452,PYC Star 123,2019,Transit,110.965,9.803,470.44,0.4473,4150.0,0.732,0.969,172.4,0.283,0.668,0,Other
PYC-2000-0453,PYC Star 420,2000,Transit,247.823,5.081,55.386,0.8328,5240.0,1.397,1.255,164.8,0.862,2.034,0,TESS
PYC-2016-0454,PYC Star 303,2016,Transit,70.914,2.705,8.636,0.3394,4224.0,0.814,1.037,13.9,0.326,0.77,1,KMT
PYC-2016-0455,PYC Star 009,2016,Transit,1.897,2.234,5.512,0.0274,4473.0,0.748,0.76,211.4,0.336,0.794,0,WASP
PYC-2012-0456,PYC Star 166,2012,Transit Timing Variations,1524.658,1.152,1.891,2.359,5360.0,1.03,0.753,51.8,0.665,1.569,0,Kepler
PYC-1998-0457,PYC Star 404,1998,Transit,1.769,1.047,0.649,0.0311,3613.0,0.737,1.283,64.0,0.216,0.51,0,K2
PYC-1993-0458,PYC Star 076,1993,Radial Velocity,62.0,4.853,36.602,0.2847,6935.0,2.662,0.801,53.8,2.876,6.788,0,K2
PYC-2004-0459,PYC Star 845,2004,Transit,1469.357,2.557,17.971,2.1173,3876.0,0.69,0.586,26.4,0.233,0.549,0,Kepler
PYC-2007-0460,PYC Star 386,2007,Transit,1379.981,8.463,237.384,2.4607,3825.0,1.084,1.044,100.1,0.356,0.841,0,TESS
PYC-2011-0461,PYC Star 672,2011,Transit,1.789,2.719,21.718,0.0272,5363.0,1.305,0.836,72.4,0.843,1.99,0,Kepler
PYC-2008-0462,PYC Star 184,2008,Microlensing,3.362,1.802,3.866,0.0382,5963.0,0.681,0.657,99.0,0.544,1.284,0,OGLE
PYC-2003-0463,PYC Star 503,2003,Transit,85.954,0.896,0.752,0.3844,4509.0,0.97,1.025,62.8,0.443,1.045,0,K2
PYC-2004-0464,PYC Star 103,2004,Transit,8.102,1.193,1.709,0.0863,3836.0,0.718,1.308,89.8,0.237,0.56,0,Kepler
PYC-2001-0465,PYC Star 176,2001,Transit,271.817,1.488,5.628,0.8232,3970.0,1.018,1.007,52.2,0.36,0.851,1,TESS
PYC-1999-0466,PYC Star 616,1999,Transit,42.307,0.806,1.098,0.2098,3873.0,0.942,0.689,14.6,0.317,0.749,0,KMT
PYC-2013-0467,PYC Star 302,2013,Microlensing,4.297,0.555,0.385,0.0547,5077.0,0.845,1.184,172.8,0.489,1.155,0,SPITZER
PYC-2020-0468,PYC Star 884,2020,Transit,15.662,6.405,91.284,0.1382,4737.0,0.535,1.437,43.4,0.27,0.637,0,HIRES
PYC-2003-0469,PYC Star 896,2003,Transit,190.615,1.19,0.96,0.8392,5183.0,2.082,2.17,86.6,1.257,2.965,0,KMT
PYC-2017-0470,PYC Star 119,2017,Transit,441.094,6.982,228.859,1.3418,5128.0,1.172,1.656,30.2,0.692,1.634,0,K2
PYC-2007-0471,PYC Star 593,2007,Transit,10.818,2.617,24.268,0.0851,5542.0,0.44,0.703,34.6,0.304,0.717,0,TESS
PYC-2021-0472,PYC Star 704,2021,Transit,1.021,2.634,22.191,0.0219,4431.0,0.745,1.35,18.9,0.329,0.775,0,K2
PYC-2017-0473,PYC Star 249,2017,Transit,9.355,8.181,237.728,0.0895,4136.0,0.444,1.094,125.6,0.171,0.403,0,SPITZER
PYC-2014-0474,PYC Star 757,2014,Transit,110.962,1.017,1.505,0.3951,4941.0,1.268,0.668,287.6,0.695,1.641,0,Kepler
PYC-2000-0475,PYC Star 664,2000,Transit,351.93,2.58,17.059,1.0084,4751.0,0.891,1.104,508.8,0.452,1.066,0,TESS
PYC-2001-0476,PYC Star 292,2001,Transit,1025.164,2.22,8.568,2.489,5028.0,0.902,1.957,229.2,0.512,1.208,0,Kepler
PYC-2009-0477,PYC Star 083,2009,Transit,2136.209,3.17,22.108,3.7322,4159.0,0.616,1.52,48.2,0.239,0.565,0,KMT
PYC-2001-0478,PYC Star 399,2001,Transit,45.017,0.651,0.344,0.22,5378.0,0.781,0.701,72.4,0.507,1.197,0,K2
PYC-2018-0479,PYC Star 334,2018,Transit,1030.191,1.367,1.521,1.9995,3739.0,1.283,1.005,93.8,0.403,0.951,0,KMT
PYC-2008-0480,PYC Star 475,2008,Transit,4.146,2.573,8.279,0.0535,4404.0,1.447,1.188,34.2,0.631,1.488,0,SPITZER
PYC-2016-0481,PYC Star 206,2016,Transit,58.985,1.016,0.733,0.2424,5816.0,1.317,0.546,199.2,1.001,2.362,0,Kepler
PYC-2014-0482,PYC Star 281,2014,Transit,49.228,0.689,0.171,0.2157,3782.0,0.448,0.552,67.7,0.144,0.339,1,HAT-P
PYC-2020-0483,PYC Star 806,2020,Transit,380.888,0.656,0.359,1.0471,5745.0,0.828,1.056,207.1,0.614,1.448,1,K2
PYC-2007-0484,PYC Star 758,2007,Transit,396.24,4.044,37.068,1.0766,3532.0,1.009,1.06,75.1,0.283,0.667,0,TESS
PYC-2011-0485,PYC Star 661,2011,Transit,5.102,6.735,208.536,0.0468,3373.0,0.647,0.525,25.4,0.165,0.39,0,Kepler
PYC-2013-0486,PYC Star 318,2013,Transit,1083.496,1.59,6.27,2.1601,3456.0,0.427,1.145,107.5,0.114,0.27,0,TESS
PYC-2007-0487,PYC Star 448,2007,Transit,1139.331,2.138,13.987,2.4235,4905.0,0.504,1.463,122.5,0.273,0.643,0,K2
PYC-2011-0488,PYC Star 264,2011,Transit,1890.401,8.057,461.32,2.9169,5457.0,1.767,0.926,148.5,1.182,2.79,0,HAT-P
PYC-2008-0489,PYC Star 367,2008,Transit,23.739,0.867,0.472,0.1628,5963.0,0.526,1.021,57.5,0.421,0.993,0,HAT-P
PYC-2013-0490,PYC Star 465,2013,Transit,2681.334,3.587,13.536,4.0376,5892.0,0.919,1.221,56.2,0.717,1.692,0,K2
PYC-2012-0491,PYC Star 772,2012,Transit,440.189,0.93,1.318,1.192,5576.0,0.839,1.166,115.0,0.586,1.383,1,Kepler
PYC-2014-0492,PYC Star 716,2014,Transit,135.894,2.877,31.15,0.4258,4051.0,0.84,0.558,127.8,0.31,0.731,0,Kepler
PYC-2024-0493,PYC Star 176,2024,Transit,18.927,6.069,236.608,0.1251,4044.0,0.779,0.728,208.5,0.286,0.676,0,Kepler
PYC-2015-0494,PYC Star 850,2015,Radial Velocity,735.415,0.306,0.059,1.5225,5509.0,1.284,0.871,400.8,0.875,2.066,1,Gaia
PYC-2003-0495,PYC Star 068,2003,Transit,365.713,11.712,221.225,0.9052,6079.0,0.915,0.74,3.1,0.759,1.792,0,K2
PYC-2010-0496,PYC Star 044,2010,Transit,74.325,9.789,452.201,0.4105,3872.0,0.679,1.671,214.7,0.229,0.54,0,HAT-P
PYC-2000-0497,PYC Star 766,2000,Transit,2924.566,1.51,3.852,4.3098,5965.0,0.921,1.249,265.2,0.736,1.737,0,SPITZER
PYC-2006-0498,PYC Star 255,2006,Transit,3.705,2.92,30.343,0.0412,3072.0,0.506,0.678,104.7,0.107,0.253,0,K2
PYC-2024-0499,PYC Star 770,2024,Transit,122.715,0.712,0.846,0.4714,5151.0,1.115,0.928,81.5,0.665,1.568,0,TESS
PYC-2015-0500,PYC Star 062,2015,Radial Velocity,7.022,4.732,89.667,0.0819,4707.0,0.662,1.485,69.9,0.33,0.778,0,KMT
PYC-2010-0501,PYC Star 219,2010,Radial Velocity,23.781,2.186,5.694,0.1501,4616.0,0.68,0.798,356.8,0.325,0.768,0,TESS
PYC-2023-0502,PYC Star 742,2023,Microlensing,8.232,0.333,0.034,0.0881,4828.0,1.134,1.347,17.6,0.594,1.401,0,Kepler
PYC-1999-0503,PYC Star 176,1999,Transit,7.916,0.379,0.105,0.0913,4032.0,0.749,1.623,87.7,0.274,0.646,0,HAT-P
PYC-2010-0504,PYC Star 467,2010,Transit,11.542,1.279,1.275,0.1152,5201.0,0.768,1.531,453.8,0.467,1.102,0,HIRES
PYC-2022-0505,PYC Star 649,2022,Radial Velocity,0.663,3.82,68.197,0.0152,4855.0,1.522,1.065,42.6,0.806,1.902,0,HAT-P
PYC-2020-0506,PYC Star 314,2020,Transit,0.571,1.377,0.98,0.0156,5642.0,0.581,1.549,112.3,0.415,0.98,0,HAT-P
PYC-2003-0507,PYC Star 129,2003,Radial Velocity,257.738,1.271,2.475,0.7458,6231.0,1.126,0.833,319.0,0.982,2.319,0,HAT-P
PYC-2005-0508,PYC Star 750,2005,Transit,6.41,9.205,376.542,0.0903,4914.0,1.38,2.387,112.3,0.749,1.767,0,TESS
PYC-2008-0509,PYC Star 560,2008,Transit,0.483,2.66,11.48,0.0124,4063.0,1.522,1.088,63.0,0.564,1.332,0,Kepler
PYC-2009-0510,PYC Star 820,2009,Transit,0.828,11.378,350.694,0.0197,3776.0,2.397,1.494,183.0,0.768,1.812,0,HIRES
PYC-2014-0511,PYC Star 631,2014,Radial Velocity,2.296,1.226,0.606,0.0327,6328.0,0.674,0.881,12.6,0.607,1.431,0,Kepler
PYC-2003-0512,PYC Star 670,2003,Transit,0.615,0.593,0.197,0.015,6213.0,0.609,1.191,28.7,0.528,1.246,0,OGLE
PYC-2007-0513,PYC Star 560,2007,Transit,1855.404,4.561,39.985,3.1485,5599.0,1.3,1.21,80.2,0.915,2.16,0,K2
PYC-2010-0514,PYC Star 603,2010,Transit,63.752,0.717,0.735,0.2802,4854.0,1.374,0.722,8.9,0.727,1.716,0,WASP
PYC-2014-0515,PYC Star 384,2014,Transit,13.456,1.949,3.834,0.099,5534.0,0.631,0.715,26.1,0.434,1.024,0,OGLE
PYC-2008-0516,PYC Star 834,2008,Transit,46.382,8.233,301.106,0.2467,5974.0,1.119,0.931,10.6,0.897,2.118,0,OGLE
PYC-2007-0517,PYC Star 734,2007,Radial Velocity,1.095,2.462,5.455,0.0236,4244.0,3.066,1.472,25.3,1.241,2.928,0,Kepler
PYC-2021-0518,PYC Star 218,2021,Transit,209.775,4.599,67.164,0.558,4827.0,0.943,0.527,64.9,0.494,1.165,0,TESS
PYC-2002-0519,PYC Star 837,2002,Radial Velocity,2287.086,4.818,19.479,3.2564,3804.0,1.364,0.881,73.6,0.443,1.046,0,Kepler
PYC-2004-0520,PYC Star 211,2004,Radial Velocity,1.283,10.148,1179.043,0.0269,4684.0,1.83,1.582,310.2,0.902,2.128,0,Kepler
PYC-2013-0521,PYC Star 635,2013,Transit,1.561,0.867,0.642,0.0228,6190.0,2.777,0.65,227.9,2.39,5.641,0,TESS
PYC-2001-0522,PYC Star 828,2001,Transit,109.187,1.249,0.44,0.5175,5771.0,1.005,1.551,33.4,0.752,1.775,0,Other
PYC-2009-0523,PYC Star 377,2009,Transit,1.552,1.579,2.29,0.023,4922.0,1.582,0.674,53.9,0.861,2.031,0,Other
PYC-2016-0524,PYC Star 167,2016,Transit,1.232,7.413,118.001,0.0202,2500.0,0.631,0.726,28.4,0.089,0.209,0,TESS
PYC-2016-0525,PYC Star 896,2016,Transit,158.572,1.348,1.567,0.5636,4210.0,0.91,0.95,107.0,0.362,0.855,1,HAT-P
PYC-2012-0526,PYC Star 714,2012,Imaging,99.861,2.837,12.541,0.5242,4892.0,0.736,1.927,134.9,0.396,0.934,0,Kepler
PYC-2013-0527,PYC Star 405,2013,Pulsar Timing,2.791,4.98,46.658,0.036,4606.0,0.385,0.799,189.4,0.184,0.433,0,Kepler
PYC-2006-0528,PYC Star 892,2006,Radial Velocity,619.34,1.605,2.276,1.1617,4829.0,0.437,0.545,55.6,0.229,0.541,0,WASP
PYC-2010-0529,PYC Star 105,2010,Transit,1.023,0.991,0.548,0.0169,5018.0,1.092,0.612,334.8,0.618,1.458,0,HAT-P
PYC-2016-0530,PYC Star 474,2016,Transit,7.777,1.753,6.487,0.0856,4320.0,1.102,1.386,162.0,0.462,1.09,0,HAT-P
PYC-2017-0531,PYC Star 165,2017,Transit,291.889,10.491,822.206,0.7353,4793.0,0.563,0.622,43.1,0.291,0.686,0,Kepler
PYC-2017-0532,PYC Star 167,2017,Transit,95.712,2.532,9.855,0.4704,4666.0,1.814,1.516,279.5,0.887,2.093,0,K2
PYC-1999-0533,PYC Star 313,1999,Transit,84.6,5.843,97.613,0.3802,4167.0,0.546,1.025,73.7,0.213,0.503,0,Kepler
PYC-2012-0534,PYC Star 517,2012,Transit,182.564,2.518,6.281,0.6275,6462.0,1.01,0.989,101.5,0.948,2.237,0,HAT-P
PYC-2022-0535,PYC Star 154,2022,Transit,127.98,1.282,1.978,0.5146,4371.0,0.747,1.11,21.9,0.32,0.756,1,K2
PYC-2016-0536,PYC Star 468,2016,Transit,977.041,0.628,0.335,1.7551,2771.0,0.944,0.756,60.4,0.163,0.385,0,TESS
PYC-2001-0537,PYC Star 700,2001,Transit,63.984,14.434,926.366,0.3182,6405.0,1.348,1.049,458.8,1.243,2.933,0,TESS
PYC-2022-0538,PYC Star 132,2022,Transit,14.357,1.222,2.052,0.1006,4038.0,1.265,0.659,136.8,0.464,1.094,0,Kepler
PYC-2014-0539,PYC Star 013,2014,Radial Velocity,372.137,3.087,21.867,1.1851,5610.0,1.238,1.603,294.1,0.875,2.065,0,K2
PYC-2020-0540,PYC Star 672,2020,Pulsar Timing,4.042,0.833,0.368,0.0441,4187.0,1.168,0.698,51.6,0.46,1.086,0,WASP
PYC-2004-0541,PYC Star 365,2004,Transit,351.177,0.412,0.181,1.0253,5312.0,0.508,1.166,369.9,0.322,0.759,0,Kepler
PYC-2022-0542,PYC Star 171,2022,Radial Velocity,4.864,7.331,160.101,0.0498,4757.0,1.5,0.696,216.9,0.762,1.799,0,TESS
PYC-2012-0543,PYC Star 790,2012,Pulsar Timing,29.078,9.838,881.925,0.1739,5700.0,0.559,0.83,299.2,0.408,0.962,0,Other
PYC-2013-0544,PYC Star 385,2013,Transit,292.738,5.718,114.853,0.826,4608.0,0.858,0.877,773.0,0.409,0.966,0,Kepler
PYC-2005-0545,PYC Star 106,2005,Transit,108.213,1.176,4.08,0.6293,4210.0,0.768,2.839,146.5,0.306,0.722,1,Kepler
PYC-2009-0546,PYC Star 278,2009,Transit,0.859,4.39,84.244,0.0177,5031.0,1.054,0.995,56.7,0.599,1.414,0,WASP
PYC-2020-0547,PYC Star 518,2020,Transit,21.503,5.529,95.564,0.1375,4456.0,0.724,0.75,234.8,0.323,0.762,0,TESS
PYC-2017-0548,PYC Star 262,2017,Radial Velocity,559.822,2.207,5.455,1.2622,3064.0,0.838,0.856,171.0,0.177,0.417,0,Other
PYC-2012-0549,PYC Star 840,2012,Transit,2914.643,0.488,0.109,3.3504,4259.0,1.865,0.591,614.6,0.76,1.793,0,Kepler
PYC-2010-0550,PYC Star 565,2010,Transit,25.759,8.771,369.509,0.1675,7382.0,0.502,0.945,99.9,0.615,1.452,0,KMT
PYC-1992-0551,PYC Star 065,1992,Transit,0.861,1.092,1.352,0.022,3161.0,0.899,1.911,73.8,0.202,0.476,0,TESS
PYC-2006-0552,PYC Star 313,2006,Transit,10.497,1.217,1.24,0.0976,5017.0,0.545,1.125,132.4,0.308,0.727,0,Kepler
PYC-2007-0553,PYC Star 315,2007,Radial Velocity,31.662,13.661,1358.75,0.2176,4581.0,1.219,1.372,7.4,0.575,1.357,0,TESS
PYC-2009-0554,PYC Star 132,2009,Transit,0.77,7.859,216.937,0.0148,6453.0,0.649,0.727,44.8,0.607,1.433,0,TESS
PYC-2008-0555,PYC Star 034,2008,Transit,893.545,2.214,12.011,1.773,3800.0,0.916,0.931,74.6,0.297,0.701,0,Kepler
PYC-2006-0556,PYC Star 101,2006,Transit,48.968,6.771,88.692,0.2683,4891.0,0.496,1.074,192.6,0.266,0.629,0,Kepler
PYC-2000-0557,PYC Star 614,2000,Transit,16.388,1.258,2.992,0.116,5418.0,1.609,0.776,152.2,1.061,2.504,0,Kepler
PYC-2020-0558,PYC Star 224,2020,Transit,13.841,5.41,103.535,0.1182,4639.0,0.93,1.15,65.6,0.45,1.061,0,TESS
PYC-2008-0559,PYC Star 376,2008,Transit,0.515,14.064,1758.32,0.0135,4109.0,0.958,1.24,28.5,0.363,0.857,0,Kepler
PYC-2003-0560,PYC Star 129,2003,Transit,40.995,1.378,3.75,0.2479,4780.0,1.307,1.209,24.1,0.671,1.583,0,Kepler
PYC-2008-0561,PYC Star 852,2008,Transit,27.858,7.066,154.666,0.1767,4521.0,0.512,0.948,27.1,0.235,0.555,0,K2
PYC-2005-0562,PYC Star 887,2005,Radial Velocity,8.758,5.961,95.487,0.0944,4519.0,0.682,1.465,51.0,0.313,0.739,0,WASP
PYC-1999-0563,PYC Star 622,1999,Transit,142.717,1.761,10.623,0.5186,5638.0,0.972,0.914,12.7,0.694,1.637,0,Other
PYC-1999-0564,PYC Star 299,1999,Transit,15.662,2.67,11.113,0.1176,5163.0,0.407,0.885,8.6,0.244,0.576,0,Kepler
PYC-2001-0565,PYC Star 542,2001,Transit,65.717,2.629,17.944,0.3771,5297.0,0.427,1.656,273.6,0.269,0.636,0,Other
PYC-2006-0566,PYC Star 347,2006,Radial Velocity,1075.607,1.139,1.158,1.8056,5097.0,0.622,0.679,315.8,0.363,0.857,0,WASP
PYC-2009-0567,PYC Star 819,2009,Transit,10.284,4.542,20.162,0.0759,5664.0,0.539,0.551,69.0,0.388,0.916,0,HIRES
PYC-2018-0568,PYC Star 544,2018,Transit,13.933,1.595,1.823,0.1024,5974.0,0.771,0.738,366.1,0.618,1.459,0,TESS
PYC-2014-0569,PYC Star 117,2014,Transit,906.757,0.675,0.441,1.9182,4542.0,1.139,1.145,506.6,0.528,1.245,0,TESS
PYC-2009-0570,PYC Star 087,2009,Transit,9.766,0.808,0.815,0.1039,5538.0,1.261,1.567,69.1,0.869,2.05,0,HAT-P
PYC-2008-0571,PYC Star 705,2008,Radial Velocity,20.166,1.282,2.343,0.1342,3633.0,2.032,0.794,90.6,0.603,1.422,0,TESS
PYC-2012-0572,PYC Star 655,2012,Transit,507.29,3.102,33.656,1.5384,2772.0,0.891,1.887,35.5,0.154,0.363,0,HIRES
PYC-2004-0573,PYC Star 657,2004,Radial Velocity,78.629,6.605,164.668,0.3603,6444.0,0.965,1.01,31.5,0.9,2.124,0,HIRES
PYC-2009-0574,PYC Star 300,2009,Radial Velocity,1663.125,1.85,3.36,2.7104,4500.0,0.89,0.96,1.1,0.405,0.955,0,TESS
PYC-2019-0575,PYC Star 606,2019,Transit,26.663,2.33,12.142,0.1582,5027.0,1.04,0.743,95.5,0.59,1.393,0,TESS
PYC-2015-0576,PYC Star 244,2015,Radial Velocity,28.729,2.36,10.15,0.2305,3697.0,1.077,1.98,18.1,0.331,0.78,0,TESS
PYC-2011-0577,PYC Star 574,2011,Transit,0.587,0.862,0.509,0.0135,3656.0,1.363,0.949,61.3,0.409,0.966,0,WASP
PYC-2007-0578,PYC Star 296,2007,Radial Velocity,2.326,14.126,1237.794,0.0294,4158.0,1.36,0.627,77.6,0.528,1.247,0,WASP
PYC-2013-0579,PYC Star 112,2013,Transit,49.498,6.354,127.412,0.3514,5379.0,1.137,2.364,254.6,0.739,1.744,0,WASP
PYC-2020-0580,PYC Star 749,2020,Transit,2.124,2.236,5.99,0.0339,4335.0,1.776,1.148,5.9,0.75,1.769,0,Kepler
PYC-2021-0581,PYC Star 732,2021,Transit,22.894,13.661,819.645,0.1732,4498.0,0.911,1.323,31.5,0.414,0.977,0,Other
PYC-2018-0582,PYC Star 705,2018,Transit,5.011,4.092,79.077,0.0697,4130.0,0.683,1.801,18.1,0.262,0.618,0,K2
PYC-2004-0583,PYC Star 572,2004,Transit,0.482,0.98,1.895,0.0129,5849.0,0.736,1.24,9.6,0.565,1.334,0,Kepler
PYC-2014-0584,PYC Star 575,2014,Microlensing,27.742,1.742,4.651,0.201,5582.0,0.858,1.407,171.5,0.601,1.417,0,Kepler
PYC-2009-0585,PYC Star 694,2009,Transit,127.76,0.909,0.803,0.4996,4364.0,0.553,1.019,114.0,0.236,0.558,1,Kepler
PYC-2024-0586,PYC Star 507,2024,Transit,8.18,0.82,0.292,0.0866,5416.0,0.683,1.293,173.1,0.45,1.062,0,TESS
PYC-2013-0587,PYC Star 788,2013,Transit,408.46,9.713,871.829,1.0731,4579.0,0.539,0.988,26.3,0.254,0.599,0,Kepler
PYC-2003-0588,PYC Star 689,2003,Transit,1.472,2.407,16.472,0.0253,4496.0,1.051,0.993,77.7,0.477,1.126,0,Kepler
PYC-2020-0589,PYC Star 488,2020,Transit,0.903,13.358,1230.987,0.0185,4755.0,1.055,1.043,168.4,0.536,1.265,0,Kepler
PYC-2014-0590,PYC Star 528,2014,Microlensing,1677.367,1.008,0.327,2.6379,5379.0,0.406,0.87,51.8,0.264,0.623,0,Kepler
PYC-1994-0591,PYC Star 861,1994,Transit,1491.199,3.486,26.247,2.7093,3997.0,0.671,1.193,34.2,0.241,0.568,0,Other
PYC-2015-0592,PYC Star 454,2015,Transit,15.047,2.231,7.559,0.1265,5252.0,2.046,1.192,150.7,1.268,2.993,0,TESS
PYC-2014-0593,PYC Star 099,2014,Transit,16.956,1.978,8.285,0.1421,7048.0,1.195,1.332,66.5,1.333,3.147,0,Kepler
PYC-2021-0594,PYC Star 759,2021,Transit,794.1,8.614,215.587,1.8083,4965.0,1.104,1.251,3.9,0.611,1.443,0,TESS
PYC-2002-0595,PYC Star 004,2002,Transit,45.484,2.928,14.55,0.3149,4832.0,0.667,2.014,747.2,0.35,0.826,0,TESS
PYC-2011-0596,PYC Star 223,2011,Transit,1.137,5.139,96.114,0.0241,4724.0,1.024,1.445,106.8,0.514,1.212,0,TESS
PYC-2006-0597,PYC Star 297,2006,Transit,1.115,0.467,0.094,0.0205,5230.0,0.894,0.93,125.4,0.55,1.297,0,K2
PYC-2000-0598,PYC Star 024,2000,Transit Timing Variations,1.289,6.447,95.422,0.0244,3351.0,0.629,1.172,61.4,0.159,0.374,0,WASP
PYC-2004-0599,PYC Star 195,2004,Transit,424.202,1.492,3.118,1.3029,6331.0,0.721,1.64,168.7,0.649,1.531,1,Kepler
PYC-2019-0600,PYC Star 159,2019,Transit,85.989,7.877,417.959,0.3413,5683.0,0.728,0.717,300.1,0.528,1.247,0,Kepler
PYC-2011-0601,PYC Star 498,2011,Radial Velocity,5.803,1.822,7.126,0.0799,4220.0,0.461,2.024,111.3,0.184,0.435,0,Other
PYC-2022-0602,PYC Star 792,2022,Radial Velocity,1.699,1.545,5.309,0.0255,4828.0,0.496,0.763,142.9,0.26,0.613,0,TESS
PYC-2000-0603,PYC Star 252,2000,Radial Velocity,1.204,1.778,4.605,0.0246,4298.0,0.823,1.37,70.8,0.341,0.806,0,Kepler
PYC-2016-0604,PYC Star 352,2016,Imaging,298.526,0.739,0.962,0.8748,5069.0,0.614,1.002,301.6,0.355,0.837,0,Kepler
PYC-2022-0605,PYC Star 619,2022,Radial Velocity,1083.507,1.507,1.216,2.0523,4855.0,0.786,0.982,182.5,0.416,0.982,0,WASP
PYC-2004-0606,PYC Star 607,2004,Radial Velocity,45.711,3.308,61.682,0.2149,5006.0,0.437,0.634,200.7,0.246,0.581,0,Kepler
PYC-2022-0607,PYC Star 850,2022,Transit,394.783,2.768,41.37,1.1708,3875.0,1.291,1.374,64.3,0.435,1.027,0,K2
PYC-2008-0608,PYC Star 470,2008,Radial Velocity,5.003,8.355,313.458,0.0493,4367.0,2.295,0.637,60.2,0.983,2.32,0,K2
PYC-2017-0609,PYC Star 692,2017,Transit,74.395,1.668,5.734,0.2925,5831.0,1.429,0.604,29.0,1.092,2.576,0,Kepler
PYC-2018-0610,PYC Star 761,2018,Transit,19.929,1.665,3.694,0.1647,4320.0,1.497,1.501,92.9,0.627,1.481,0,TESS
PYC-2014-0611,PYC Star 378,2014,Transit,0.875,8.498,234.805,0.0221,2500.0,1.193,1.871,22.1,0.167,0.395,0,Kepler
PYC-1999-0612,PYC Star 753,1999,Imaging,30.948,2.026,4.62,0.1785,4664.0,1.014,0.792,69.5,0.496,1.17,0,TESS
PYC-2008-0613,PYC Star 886,2008,Transit Timing Variations,764.558,3.837,32.183,1.8395,6970.0,0.936,1.421,26.1,1.021,2.41,0,Kepler
PYC-2010-0614,PYC Star 108,2010,Transit,0.635,4.482,65.235,0.0159,5564.0,0.596,1.322,13.8,0.415,0.979,0,Other
PYC-2016-0615,PYC Star 694,2016,Radial Velocity,28.241,3.757,38.52,0.1796,4274.0,1.228,0.968,121.9,0.504,1.189,0,TESS
PYC-2000-0616,PYC Star 561,2000,Radial Velocity,968.295,3.957,96.508,2.2385,4754.0,1.195,1.596,6.2,0.607,1.433,0,Kepler
PYC-2018-0617,PYC Star 729,2018,Transit,460.932,2.382,10.043,1.1457,5412.0,0.731,0.944,275.9,0.481,1.135,0,Kepler
PYC-2023-0618,PYC Star 494,2023,Transit,32.674,6.763,68.391,0.2125,3219.0,1.14,1.199,42.8,0.266,0.627,0,HAT-P
PYC-2019-0619,PYC Star 185,2019,Transit,1.845,2.674,29.344,0.0254,4030.0,0.659,0.645,187.7,0.24,0.567,0,HAT-P
PYC-1994-0620,PYC Star 386,1994,Radial Velocity,776.517,3.994,19.89,1.4355,5159.0,0.678,0.655,33.7,0.405,0.956,0,K2
PYC-2022-0621,PYC Star 618,2022,Transit,1.568,1.57,2.442,0.0303,6235.0,1.276,1.506,320.9,1.114,2.629,0,Kepler
PYC-2006-0622,PYC Star 807,2006,Transit Timing Variations,4.729,1.708,4.605,0.0588,4405.0,1.092,1.213,67.9,0.476,1.124,0,TESS
PYC-2009-0623,PYC Star 064,2009,Transit,1.212,8.047,278.757,0.0219,6210.0,0.811,0.951,60.1,0.703,1.658,0,Kepler
PYC-2020-0624,PYC Star 169,2020,Transit Timing Variations,24.03,3.037,8.716,0.2036,4121.0,0.77,1.95,61.7,0.294,0.693,0,Kepler
PYC-2005-0625,PYC Star 212,2005,Transit,109.709,12.414,480.957,0.5596,2500.0,0.974,1.943,12.3,0.137,0.323,0,K2
PYC-1997-0626,PYC Star 532,1997,Radial Velocity,641.496,1.218,0.796,1.5322,5469.0,0.394,1.166,56.5,0.265,0.625,0,HAT-P
PYC-2013-0627,PYC Star 015,2013,Transit,24.534,3.305,30.546,0.1394,5286.0,0.64,0.601,160.7,0.402,0.948,0,K2
PYC-2023-0628,PYC Star 857,2023,Transit,2310.258,5.103,125.127,3.3759,5463.0,0.509,0.962,1.2,0.341,0.806,0,Kepler
PYC-2011-0629,PYC Star 635,2011,Radial Velocity,81.478,1.188,0.85,0.3338,5427.0,0.905,0.747,209.7,0.599,1.413,0,Kepler
PYC-2013-0630,PYC Star 814,2013,Microlensing,87.94,2.465,17.182,0.3911,4973.0,1.469,1.032,304.3,0.816,1.926,0,TESS
PYC-2013-0631,PYC Star 019,2013,Radial Velocity,1.911,1.537,4.87,0.027,4567.0,1.116,0.721,30.5,0.523,1.234,0,TESS
PYC-2013-0632,PYC Star 247,2013,Transit,2.182,4.824,43.037,0.0286,4601.0,0.715,0.658,85.1,0.34,0.803,0,WASP
PYC-2007-0633,PYC Star 404,2007,Transit,68.631,1.387,0.868,0.2519,4386.0,0.655,0.453,185.4,0.283,0.668,0,TESS
PYC-2011-0634,PYC Star 693,2011,Transit,248.606,4.279,25.645,0.789,4440.0,0.641,1.06,282.6,0.284,0.67,0,TESS
PYC-2013-0635,PYC Star 584,2013,Transit,2.485,1.005,0.752,0.0275,3170.0,2.213,0.447,70.0,0.5,1.179,0,TESS
PYC-2001-0636,PYC Star 376,2001,Transit,30.037,2.321,19.298,0.1822,3707.0,0.928,0.894,137.6,0.286,0.676,0,Other
PYC-2019-0637,PYC Star 275,2019,Transit,9.602,1.916,5.112,0.0959,4653.0,0.985,1.275,109.0,0.479,1.13,0,KMT
PYC-2004-0638,PYC Star 298,2004,Radial Velocity,20.058,4.047,22.91,0.1328,2783.0,0.348,0.777,98.1,0.061,0.143,0,K2
PYC-2024-0639,PYC Star 331,2024,Radial Velocity,2.903,2.374,10.195,0.0351,2993.0,0.529,0.684,25.7,0.106,0.251,0,WASP
PYC-2015-0640,PYC Star 620,2015,Radial Velocity,1.404,1.316,1.069,0.0243,4499.0,0.882,0.977,44.8,0.401,0.947,0,Kepler
PYC-2022-0641,PYC Star 781,2022,Radial Velocity,6.983,5.949,133.441,0.0649,4685.0,0.719,0.748,75.4,0.355,0.837,0,Kepler
PYC-2009-0642,PYC Star 429,2009,Transit,931.462,4.865,37.516,1.9075,4518.0,0.956,1.067,113.9,0.438,1.034,0,K2
PYC-2005-0643,PYC Star 811,2005,Transit,527.666,13.699,595.119,1.1329,2658.0,0.95,0.697,128.4,0.151,0.356,0,HAT-P
PYC-2007-0644,PYC Star 270,2007,Transit,0.991,3.153,23.892,0.0192,6197.0,1.179,0.964,279.8,1.017,2.401,0,SPITZER
PYC-2013-0645,PYC Star 772,2013,Radial Velocity,0.876,6.729,340.94,0.0172,3507.0,0.388,0.886,20.3,0.107,0.253,0,WASP
PYC-2011-0646,PYC Star 001,2011,Transit,32.529,13.557,2635.77,0.1992,4064.0,0.547,0.996,38.1,0.203,0.479,0,WASP
PYC-2018-0647,PYC Star 675,2018,Transit,4.753,3.505,15.497,0.0669,3664.0,0.861,1.772,147.3,0.26,0.613,0,Kepler
PYC-2017-0648,PYC Star 854,2017,Transit,620.705,8.972,222.843,1.4577,5969.0,0.673,1.072,50.6,0.538,1.27,0,SPITZER
PYC-2016-0649,PYC Star 250,2016,Transit,30.623,0.931,1.076,0.2032,5179.0,0.783,1.193,92.0,0.472,1.113,0,Kepler
PYC-2019-0650,PYC Star 613,2019,Transit,806.037,2.117,12.605,1.5759,4374.0,0.945,0.804,389.4,0.406,0.959,0,Gaia
PYC-2017-0651,PYC Star 068,2017,Radial Velocity,1.05,1.087,0.421,0.0208,4311.0,0.644,1.081,136.4,0.269,0.634,0,Kepler
PYC-2012-0652,PYC Star 766,2012,Transit,2297.038,1.307,2.094,3.2996,4962.0,0.981,0.908,28.6,0.543,1.281,0,Kepler
PYC-2014-0653,PYC Star 440,2014,Transit,375.513,1.773,3.476,1.0222,3678.0,1.15,1.01,138.7,0.349,0.825,0,TESS
PYC-2005-0654,PYC Star 382,2005,Radial Velocity,274.237,1.75,1.638,0.8911,5143.0,0.927,1.255,8.8,0.551,1.299,1,Kepler
PYC-2023-0655,PYC Star 832,2023,Transit,1759.767,5.166,36.621,2.6909,4306.0,1.245,0.839,75.8,0.519,1.224,0,Kepler
PYC-1999-0656,PYC Star 833,1999,Radial Velocity,26.577,1.711,3.041,0.1664,5268.0,0.339,0.87,7.1,0.211,0.498,0,WASP
PYC-2021-0657,PYC Star 201,2021,Transit,1.51,1.908,5.521,0.0243,5237.0,0.691,0.843,94.7,0.426,1.005,0,HAT-P
PYC-2005-0658,PYC Star 863,2005,Transit,33.696,3.795,53.08,0.1925,4266.0,1.345,0.838,69.8,0.55,1.297,0,Kepler
PYC-2009-0659,PYC Star 189,2009,Transit,576.902,3.653,34.657,1.3839,2953.0,0.61,1.063,30.9,0.119,0.282,0,TESS
PYC-2015-0660,PYC Star 731,2015,Transit,856.725,1.574,5.221,1.692,4578.0,0.574,0.88,148.3,0.27,0.638,0,TESS
PYC-2018-0661,PYC Star 701,2018,Radial Velocity,31.276,8.804,289.724,0.2314,3495.0,0.85,1.689,108.2,0.233,0.551,0,Kepler
PYC-2023-0662,PYC Star 453,2023,Transit,275.281,0.707,0.285,1.1321,4871.0,0.893,2.554,137.0,0.476,1.123,0,TESS
PYC-2015-0663,PYC Star 533,2015,Transit,3.623,1.76,3.964,0.0432,4569.0,0.708,0.82,70.1,0.332,0.783,0,CoRoT
PYC-2003-0664,PYC Star 355,2003,Transit,3.129,3.132,27.55,0.0433,4271.0,2.063,1.108,167.7,0.845,1.995,0,KMT
PYC-2022-0665,PYC Star 364,2022,Transit,74.791,0.745,0.78,0.3921,3634.0,1.024,1.438,143.5,0.304,0.717,1,TESS
PYC-2023-0666,PYC Star 464,2023,Radial Velocity,17.233,4.433,44.604,0.1266,5868.0,0.6,0.911,21.6,0.464,1.094,0,WASP
PYC-2016-0667,PYC Star 776,2016,Astrometry,1.683,1.909,3.377,0.0247,4392.0,0.471,0.706,90.1,0.204,0.482,0,TESS
PYC-2007-0668,PYC Star 435,2007,Transit,356.768,1.197,1.888,1.2058,6918.0,1.08,1.837,212.6,1.161,2.741,1,WASP
PYC-2011-0669,PYC Star 524,2011,Transit,46.149,1.068,1.507,0.2728,4831.0,0.593,1.271,10.3,0.311,0.734,0,HAT-P
PYC-1995-0670,PYC Star 637,1995,Transit,41.554,5.222,136.13,0.2437,5116.0,2.371,1.118,126.3,1.394,3.291,0,TESS
PYC-2005-0671,PYC Star 828,2005,Transit,2.166,4.451,34.572,0.0388,4835.0,1.091,1.661,11.3,0.573,1.353,0,Kepler
PYC-2007-0672,PYC Star 774,2007,Astrometry,3.439,3.959,25.63,0.0488,5107.0,1.158,1.309,82.8,0.679,1.601,0,KMT
PYC-2014-0673,PYC Star 331,2014,Transit,193.351,8.263,353.842,0.6507,5783.0,1.007,0.983,177.8,0.756,1.785,0,TESS
PYC-2019-0674,PYC Star 777,2019,Transit,800.27,0.465,0.111,1.5053,5794.0,1.491,0.71,161.7,1.124,2.653,1,TESS
PYC-2007-0675,PYC Star 400,2007,Transit,1.944,1.969,4.652,0.0288,3210.0,0.306,0.841,171.0,0.071,0.167,0,TESS
PYC-2000-0676,PYC Star 085,2000,Microlensing,562.276,0.819,1.115,1.5344,5570.0,0.524,1.525,115.1,0.365,0.861,0,Kepler
PYC-1999-0677,PYC Star 067,1999,Transit,452.874,10.398,221.988,1.2497,5247.0,1.433,1.27,225.9,0.887,2.092,0,TESS
PYC-2015-0678,PYC Star 185,2015,Transit,575.298,1.726,11.547,1.3246,4832.0,1.768,0.937,8.1,0.928,2.189,1,TESS
PYC-2021-0679,PYC Star 331,2021,Transit,71.838,6.276,87.287,0.4156,6341.0,0.516,1.856,196.0,0.466,1.101,0,K2
PYC-2008-0680,PYC Star 360,2008,Transit,9.236,2.941,25.48,0.0846,6377.0,0.397,0.946,1.4,0.363,0.856,0,Kepler
PYC-2003-0681,PYC Star 162,2003,Transit,388.878,3.241,20.15,1.17,5614.0,0.97,1.413,34.6,0.687,1.622,0,HAT-P
PYC-2000-0682,PYC Star 161,2000,Transit,28.965,14.751,1252.654,0.1894,4311.0,1.12,1.08,119.7,0.467,1.103,0,TESS
PYC-2021-0683,PYC Star 030,2021,Transit,2.896,1.54,2.693,0.0498,3727.0,0.962,1.967,175.1,0.3,0.708,0,WASP
PYC-2000-0684,PYC Star 820,2000,Transit,14.499,9.11,479.408,0.1271,5479.0,0.876,1.302,393.9,0.591,1.394,0,Kepler
PYC-2006-0685,PYC Star 230,2006,Transit,23.754,2.482,8.931,0.1626,6024.0,0.391,1.016,89.7,0.319,0.752,0,TESS
PYC-2011-0686,PYC Star 584,2011,Transit,36.333,1.138,1.051,0.2103,2974.0,0.76,0.939,170.2,0.151,0.357,1,Kepler
PYC-2002-0687,PYC Star 442,2002,Imaging,1202.746,2.362,23.14,2.2094,5778.0,0.813,0.995,17.7,0.61,1.439,0,HAT-P
PYC-2020-0688,PYC Star 324,2020,Radial Velocity,15.68,1.285,1.947,0.1127,4571.0,0.703,0.776,106.2,0.33,0.779,0,TESS
PYC-2015-0689,PYC Star 223,2015,Transit,5.078,1.086,0.884,0.0493,3172.0,0.38,0.62,129.5,0.086,0.202,0,TESS
PYC-2005-0690,PYC Star 058,2005,Transit,2143.963,1.0,0.474,3.3733,5222.0,1.171,1.114,59.9,0.717,1.693,0,Other
PYC-2019-0691,PYC Star 099,2019,Radial Velocity,3.464,3.127,49.24,0.0421,5618.0,1.329,0.83,227.3,0.942,2.224,0,K2
PYC-2016-0692,PYC Star 609,2016,Transit,0.442,1.011,0.781,0.0107,4484.0,0.629,0.829,135.7,0.284,0.671,0,TESS
PYC-2018-0693,PYC Star 406,2018,Transit,785.54,0.917,2.236,1.649,3848.0,0.828,0.969,84.5,0.275,0.65,0,HAT-P
PYC-2014-0694,PYC Star 871,2014,Radial Velocity,1998.002,0.402,0.114,3.1236,6341.0,0.72,1.018,342.7,0.65,1.534,0,TESS
PYC-1995-0695,PYC Star 133,1995,Transit,175.939,1.085,1.327,0.615,4198.0,0.723,1.003,282.8,0.286,0.675,1,WASP
PYC-2002-0696,PYC Star 837,2002,Radial Velocity,15.196,2.258,9.049,0.1471,5844.0,1.124,1.837,176.7,0.862,2.034,0,Other
PYC-2008-0697,PYC Star 078,2008,Transit,51.185,5.705,280.247,0.2915,3438.0,1.136,1.261,218.9,0.302,0.712,0,WASP
PYC-2012-0698,PYC Star 659,2012,Transit,670.065,8.788,95.066,1.9164,5174.0,1.46,2.091,141.3,0.878,2.072,0,Kepler
PYC-2002-0699,PYC Star 864,2002,Transit,1078.47,1.335,2.357,1.9554,5149.0,1.446,0.858,180.6,0.861,2.033,1,Kepler
PYC-2021-0700,PYC Star 139,2021,Transit,0.999,5.709,81.183,0.0214,5586.0,0.833,1.316,35.3,0.584,1.378,0,KMT
PYC-2012-0701,PYC Star 428,2012,Transit,923.848,1.289,1.739,1.7752,6144.0,3.234,0.874,29.3,2.742,6.471,0,Kepler
PYC-1999-0702,PYC Star 828,1999,Transit,98.703,3.305,24.112,0.3915,4068.0,1.808,0.822,46.2,0.672,1.586,0,TESS
PYC-2024-0703,PYC Star 722,2024,Radial Velocity,0.534,0.858,0.588,0.0165,5269.0,0.669,2.119,274.8,0.417,0.985,0,HIRES
PYC-2008-0704,PYC Star 197,2008,Transit,1.053,4.912,68.893,0.0185,3570.0,0.953,0.764,25.4,0.273,0.644,0,HAT-P
PYC-2012-0705,PYC Star 154,2012,Transit,0.6,2.794,14.287,0.0107,3560.0,0.368,0.458,48.5,0.105,0.247,0,Kepler
PYC-2019-0706,PYC Star 304,2019,Radial Velocity,1895.757,2.501,5.62,2.7601,4279.0,0.911,0.781,45.4,0.375,0.885,0,HAT-P
PYC-2011-0707,PYC Star 415,2011,Radial Velocity,17.982,3.578,33.289,0.1063,5168.0,1.911,0.495,183.3,1.147,2.707,0,K2
PYC-2022-0708,PYC Star 265,2022,Transit,237.2,1.734,5.984,0.6711,6309.0,3.146,0.717,290.7,2.814,6.64,0,HIRES
PYC-2014-0709,PYC Star 081,2014,Transit,0.406,1.627,2.705,0.0097,6473.0,0.852,0.74,456.1,0.802,1.893,0,TESS
PYC-2005-0710,PYC Star 448,2005,Pulsar Timing,473.86,3.714,77.117,1.1944,4481.0,1.046,1.012,28.4,0.472,1.114,0,TESS
PYC-2017-0711,PYC Star 371,2017,Transit,29.511,0.931,1.618,0.1471,5075.0,1.182,0.488,204.8,0.684,1.614,0,Kepler
PYC-2018-0712,PYC Star 275,2018,Radial Velocity,1517.319,2.788,21.922,2.9711,5649.0,2.194,1.52,103.4,1.572,3.711,0,Kepler
PYC-2000-0713,PYC Star 743,2000,Radial Velocity,41.742,0.914,1.199,0.1892,5489.0,0.578,0.519,154.6,0.391,0.924,0,TESS
PYC-2024-0714,PYC Star 261,2024,Radial Velocity,455.731,8.845,293.748,1.1418,4647.0,2.973,0.956,99.7,1.443,3.405,0,WASP
PYC-2011-0715,PYC Star 803,2011,Transit,109.972,1.226,3.007,0.4326,4868.0,0.78,0.893,99.0,0.416,0.981,1,TESS
PYC-2012-0716,PYC Star 011,2012,Transit,41.608,4.877,134.979,0.2587,4701.0,0.532,1.335,25.6,0.264,0.623,0,KMT
PYC-1995-0717,PYC Star 467,1995,Transit,1890.446,4.215,63.088,3.1174,4612.0,0.781,1.131,83.6,0.373,0.881,0,Kepler
PYC-2008-0718,PYC Star 855,2008,Transit,33.307,0.989,0.731,0.2327,4493.0,0.625,1.515,352.1,0.283,0.669,0,K2
PYC-2016-0719,PYC Star 258,2016,Imaging,1148.47,14.255,981.127,2.0577,4692.0,1.087,0.881,34.3,0.538,1.269,0,TESS
PYC-2015-0720,PYC Star 589,2015,Transit,0.552,10.77,643.211,0.0125,4435.0,0.428,0.85,19.1,0.189,0.446,0,WASP
PYC-2008-0721,PYC Star 660,2008,Transit,141.123,2.759,21.274,0.5567,3778.0,0.959,1.155,86.7,0.308,0.726,0,TESS
PYC-2001-0722,PYC Star 308,2001,Transit,1363.969,9.57,341.645,2.7141,5576.0,1.213,1.434,73.6,0.848,2.0,0,K2
PYC-2013-0723,PYC Star 575,2013,Imaging,1221.257,13.676,676.79,2.462,5265.0,1.754,1.335,197.5,1.092,2.577,0,Kepler
PYC-1999-0724,PYC Star 587,1999,Transit,30.316,2.136,15.889,0.1976,6489.0,1.223,1.119,95.5,1.156,2.729,0,WASP
PYC-2020-0725,PYC Star 423,2020,Transit,27.006,10.987,297.458,0.181,5133.0,1.706,1.085,52.1,1.01,2.383,0,HIRES
PYC-1998-0726,PYC Star 339,1998,Transit,553.158,4.257,27.002,1.3132,4425.0,0.685,0.987,109.2,0.301,0.711,0,OGLE
PYC-2019-0727,PYC Star 428,2019,Transit,7.948,1.153,0.745,0.0818,4236.0,1.075,1.154,61.0,0.433,1.022,0,WASP
PYC-2006-0728,PYC Star 134,2006,Transit,1712.45,5.168,44.648,3.5519,4843.0,0.33,2.039,204.6,0.174,0.41,0,CoRoT
PYC-2021-0729,PYC Star 444,2021,Transit,3.745,11.232,1004.694,0.0459,5298.0,0.855,0.919,57.0,0.539,1.272,0,HAT-P
PYC-2003-0730,PYC Star 293,2003,Transit,0.777,1.082,2.326,0.0159,4580.0,1.071,0.88,218.7,0.505,1.191,0,HAT-P
PYC-2000-0731,PYC Star 305,2000,Transit,392.024,0.378,0.077,0.9957,3477.0,1.116,0.857,165.1,0.303,0.715,0,Kepler
PYC-2012-0732,PYC Star 221,2012,Transit,14.804,9.183,408.857,0.1235,4135.0,0.443,1.146,61.6,0.17,0.402,0,K2
PYC-2017-0733,PYC Star 467,2017,Transit,9.566,5.551,85.719,0.0689,4816.0,0.755,0.476,120.8,0.393,0.929,0,KMT
PYC-2019-0734,PYC Star 007,2019,Transit,7.008,2.576,6.453,0.0706,5466.0,0.804,0.954,43.6,0.54,1.274,0,KMT
PYC-2008-0735,PYC Star 052,2008,Transit,2519.612,14.944,3429.858,4.0159,3463.0,0.742,1.361,398.0,0.2,0.472,0,WASP
PYC-2004-0736,PYC Star 188,2004,Transit,65.666,0.934,1.665,0.2996,5039.0,1.247,0.832,245.1,0.711,1.679,0,K2
PYC-2002-0737,PYC Star 513,2002,Transit,2791.189,4.029,44.715,3.9651,4999.0,0.816,1.068,34.7,0.458,1.082,0,OGLE
PYC-2007-0738,PYC Star 231,2007,Transit,8.579,0.971,0.603,0.1049,4394.0,0.941,2.092,212.5,0.408,0.963,0,Kepler
PYC-1996-0739,PYC Star 447,1996,Transit,16.077,12.576,645.575,0.1296,4272.0,0.722,1.123,187.3,0.296,0.699,0,Kepler
PYC-2007-0740,PYC Star 134,2007,Transit,2.646,0.75,0.335,0.0288,4137.0,1.453,0.457,8.9,0.559,1.319,0,TESS
PYC-2017-0741,PYC Star 379,2017,Transit,18.61,4.86,64.045,0.1166,4927.0,1.503,0.611,51.6,0.819,1.934,0,TESS
PYC-2012-0742,PYC Star 408,2012,Radial Velocity,0.696,1.352,2.557,0.0149,5814.0,0.783,0.916,315.8,0.595,1.404,0,K2
PYC-2012-0743,PYC Star 292,2012,Transit,0.402,0.753,0.404,0.0097,5878.0,3.246,0.755,22.3,2.519,5.946,0,TESS
PYC-2012-0744,PYC Star 045,2012,Transit,22.79,3.425,11.869,0.1592,3788.0,0.637,1.037,32.6,0.206,0.485,0,WASP
PYC-2013-0745,PYC Star 559,2013,Transit,311.135,1.303,5.776,0.8683,4632.0,1.416,0.902,24.6,0.682,1.611,1,Kepler
PYC-2001-0746,PYC Star 184,2001,Transit,19.757,9.892,435.849,0.1639,2826.0,0.587,1.504,52.0,0.105,0.248,0,Kepler
PYC-2010-0747,PYC Star 436,2010,Transit,40.678,0.951,1.101,0.2038,4898.0,1.274,0.683,12.7,0.687,1.621,0,WASP
PYC-2016-0748,PYC Star 638,2016,Radial Velocity,21.323,2.846,12.283,0.1469,5338.0,1.23,0.93,149.3,0.788,1.859,0,SPITZER
PYC-2010-0749,PYC Star 091,2010,Radial Velocity,44.001,0.889,0.338,0.2502,6214.0,0.571,1.079,271.2,0.495,1.169,0,KMT
PYC-1999-0750,PYC Star 611,1999,Transit,405.11,1.072,1.149,1.115,3192.0,0.849,1.127,8.2,0.194,0.458,0,Kepler
PYC-2010-0751,PYC Star 337,2010,Transit,520.932,3.211,17.668,1.2889,3821.0,2.086,1.053,13.3,0.684,1.614,0,TESS
PYC-2017-0752,PYC Star 453,2017,Transit,707.272,14.994,1627.171,1.1726,4930.0,0.624,0.43,15.7,0.341,0.804,0,OGLE
PYC-2018-0753,PYC Star 069,2018,Transit,2.662,13.049,1250.966,0.038,3343.0,1.078,1.03,144.7,0.271,0.639,0,Kepler
PYC-2020-0754,PYC Star 449,2020,Transit,23.781,1.968,8.518,0.159,4955.0,1.047,0.949,22.7,0.577,1.362,0,CoRoT
PYC-2007-0755,PYC Star 341,2007,Transit,664.137,7.909,354.621,1.6478,5361.0,0.883,1.353,155.6,0.57,1.345,0,TESS
PYC-2012-0756,PYC Star 161,2012,Transit,1786.072,0.733,1.097,3.1345,3647.0,0.413,1.288,293.6,0.123,0.291,0,WASP
PYC-2006-0757,PYC Star 480,2006,Microlensing,50.834,6.268,143.591,0.2762,4919.0,1.307,1.088,73.3,0.71,1.677,0,Kepler
PYC-2010-0758,PYC Star 585,2010,Transit,32.544,14.405,1781.824,0.2069,3709.0,0.905,1.116,106.8,0.28,0.66,0,K2
PYC-2023-0759,PYC Star 352,2023,Transit,367.208,3.633,36.625,1.1751,6038.0,1.479,1.605,164.1,1.211,2.859,0,K2
PYC-2020-0760,PYC Star 571,2020,Transit,2785.712,1.247,0.686,4.4311,4986.0,0.999,1.496,44.4,0.558,1.317,0,TESS
PYC-2022-0761,PYC Star 308,2022,Transit,17.888,0.475,0.133,0.1382,4224.0,0.926,1.101,28.1,0.371,0.876,0,Kepler
PYC-2000-0762,PYC Star 747,2000,Transit,1.745,6.902,98.394,0.0364,3686.0,1.064,2.119,280.6,0.325,0.766,0,TESS
PYC-2001-0763,PYC Star 253,2001,Transit,683.99,7.96,246.977,1.4119,5150.0,0.577,0.803,62.7,0.344,0.812,0,TESS
PYC-2016-0764,PYC Star 718,2016,Microlensing,226.465,1.357,1.488,0.6332,6022.0,1.814,0.66,264.5,1.478,3.489,0,Kepler
PYC-2017-0765,PYC Star 344,2017,Transit,1.46,2.188,10.366,0.0252,4106.0,0.76,0.996,34.0,0.288,0.679,0,K2
PYC-2019-0766,PYC Star 502,2019,Transit,7.173,4.663,89.434,0.0697,4404.0,0.765,0.877,28.0,0.333,0.786,0,Kepler
PYC-2023-0767,PYC Star 063,2023,Transit,55.697,2.437,18.497,0.2141,4123.0,1.61,0.422,107.4,0.615,1.451,0,Other
PYC-2012-0768,PYC Star 067,2012,Transit,273.233,6.252,263.826,0.7637,6200.0,1.006,0.796,487.5,0.869,2.05,0,Kepler
PYC-2006-0769,PYC Star 894,2006,Transit,423.754,5.642,38.883,1.1493,3082.0,0.809,1.128,182.2,0.173,0.408,0,CoRoT
PYC-2007-0770,PYC Star 007,2007,Transit,1.605,1.932,3.043,0.0266,5957.0,1.084,0.98,52.1,0.864,2.04,0,TESS
PYC-2024-0771,PYC Star 500,2024,Transit,2.767,4.777,252.038,0.0352,4461.0,1.193,0.762,448.4,0.533,1.258,0,Kepler
PYC-2018-0772,PYC Star 412,2018,Transit,305.901,7.716,336.094,0.8929,4736.0,0.853,1.015,15.9,0.43,1.015,0,KMT
PYC-2022-0773,PYC Star 572,2022,Radial Velocity,1.127,0.898,0.846,0.0215,4493.0,1.363,1.044,44.4,0.618,1.459,0,WASP
PYC-1996-0774,PYC Star 004,1996,Transit,34.077,0.574,0.24,0.2236,5016.0,0.508,1.284,32.9,0.287,0.678,0,CoRoT
PYC-2021-0775,PYC Star 165,2021,Radial Velocity,52.217,2.753,13.525,0.2537,4143.0,1.013,0.799,76.4,0.39,0.921,0,Kepler
PYC-2000-0776,PYC Star 305,2000,Transit,8.262,4.85,23.066,0.0886,5753.0,1.29,1.358,310.2,0.959,2.263,0,Kepler
PYC-2016-0777,PYC Star 831,2016,Transit,487.429,9.545,239.732,1.0673,5789.0,1.191,0.683,4.2,0.896,2.115,0,Kepler
PYC-2012-0778,PYC Star 315,2012,Radial Velocity,0.656,3.873,31.969,0.0139,3915.0,0.328,0.838,44.6,0.113,0.267,0,TESS
PYC-2001-0779,PYC Star 514,2001,Radial Velocity,411.818,12.726,520.909,1.3208,5401.0,0.85,1.812,284.4,0.557,1.315,0,SPITZER
PYC-2015-0780,PYC Star 516,2015,Transit,127.49,2.573,8.708,0.4399,4479.0,0.521,0.699,20.6,0.235,0.554,1,TESS
PYC-2005-0781,PYC Star 373,2005,Microlensing,36.945,8.43,917.946,0.201,4846.0,1.605,0.794,155.7,0.847,1.999,0,K2
PYC-2007-0782,PYC Star 746,2007,Transit,960.633,1.043,0.983,1.6462,6173.0,0.755,0.645,338.3,0.646,1.525,0,Kepler
PYC-2005-0783,PYC Star 642,2005,Transit,2.431,14.376,1175.64,0.0321,4193.0,1.527,0.749,1.0,0.603,1.424,0,K2
PYC-2003-0784,PYC Star 400,2003,Transit Timing Variations,507.117,4.961,72.617,1.2648,5634.0,0.52,1.05,142.9,0.371,0.876,0,Kepler
PYC-2017-0785,PYC Star 274,2017,Transit,2.136,6.85,199.923,0.0353,5211.0,1.073,1.281,11.1,0.655,1.545,0,K2
PYC-2016-0786,PYC Star 250,2016,Radial Velocity,2754.858,1.783,3.545,3.8376,4625.0,0.903,0.993,1.0,0.434,1.024,0,Other
PYC-2010-0787,PYC Star 841,2010,Transit,0.536,4.146,75.282,0.0124,5131.0,3.122,0.893,88.9,1.846,4.357,0,TESS
PYC-2003-0788,PYC Star 114,2003,Radial Velocity,55.684,1.428,3.154,0.2469,5024.0,1.529,0.647,63.1,0.867,2.046,0,Kepler
PYC-2007-0789,PYC Star 153,2007,Transit,1.791,0.748,0.247,0.0265,3757.0,1.486,0.775,81.1,0.471,1.112,0,Kepler
PYC-2020-0790,PYC Star 236,2020,Transit,15.24,1.028,1.018,0.1004,4254.0,2.242,0.582,37.1,0.911,2.151,0,TESS
PYC-2008-0791,PYC Star 749,2008,Transit,1.497,4.748,52.681,0.0279,3859.0,1.023,1.294,77.6,0.342,0.807,0,Kepler
PYC-2016-0792,PYC Star 619,2016,Transit,2.255,1.494,2.546,0.037,4551.0,0.861,1.326,281.0,0.4,0.945,0,HIRES
PYC-2009-0793,PYC Star 869,2009,Transit,0.689,1.397,3.078,0.0152,6011.0,0.818,0.986,56.2,0.664,1.566,0,TESS
PYC-2002-0794,PYC Star 649,2002,Transit,0.43,2.414,13.583,0.0117,5323.0,1.043,1.167,85.6,0.664,1.567,0,TESS
PYC-2008-0795,PYC Star 443,2008,Transit,245.14,1.934,7.193,0.8491,3511.0,0.259,1.359,38.4,0.072,0.169,0,WASP
PYC-2002-0796,PYC Star 037,2002,Transit,22.869,1.852,5.883,0.1596,4554.0,0.901,1.036,210.6,0.42,0.991,0,Kepler
PYC-2009-0797,PYC Star 789,2009,Transit,0.601,1.415,2.573,0.0164,5010.0,0.997,1.629,22.2,0.562,1.326,0,Kepler
PYC-2016-0798,PYC Star 603,2016,Radial Velocity,1740.306,5.774,32.561,2.5128,5470.0,0.839,0.699,68.6,0.564,1.331,0,TESS
PYC-2017-0799,PYC Star 065,2017,Transit,151.824,1.679,5.678,0.5348,4214.0,0.452,0.885,155.0,0.18,0.426,0,Kepler
PYC-2016-0800,PYC Star 873,2016,Radial Velocity,4.228,9.12,399.945,0.0485,3686.0,0.841,0.849,59.6,0.257,0.606,0,Kepler
PYC-1999-0801,PYC Star 558,1999,Transit,20.046,0.898,0.462,0.1557,4749.0,0.451,1.254,338.4,0.229,0.54,0,SPITZER
PYC-2005-0802,PYC Star 558,2005,Radial Velocity,31.477,2.899,18.317,0.165,5312.0,1.999,0.605,127.6,1.267,2.991,0,HAT-P
PYC-1996-0803,PYC Star 321,1996,Transit,64.65,6.392,171.899,0.3733,5011.0,0.802,1.66,91.7,0.452,1.067,0,Kepler
PYC-2019-0804,PYC Star 298,2019,Transit,840.877,5.853,177.63,1.8616,4004.0,0.356,1.217,17.5,0.128,0.302,0,HIRES
PYC-2005-0805,PYC Star 328,2005,Transit,77.261,12.006,826.455,0.4354,6379.0,0.82,1.845,140.9,0.75,1.769,0,Kepler
PYC-2013-0806,PYC Star 046,2013,Transit,2481.326,1.284,2.249,3.57,4711.0,1.347,0.986,98.3,0.671,1.584,0,OGLE
PYC-2010-0807,PYC Star 405,2010,Transit,262.114,4.975,104.041,0.7517,4974.0,0.974,0.825,18.8,0.542,1.278,0,TESS
PYC-2013-0808,PYC Star 057,2013,Transit,2707.851,1.061,1.001,4.105,4204.0,0.597,1.259,130.3,0.237,0.559,0,TESS
PYC-2009-0809,PYC Star 537,2009,Pulsar Timing,54.481,2.519,13.577,0.3172,5796.0,0.663,1.434,22.2,0.501,1.181,0,WASP
PYC-2016-0810,PYC Star 187,2016,Transit,170.252,6.386,90.921,0.5531,5315.0,0.791,0.779,123.1,0.502,1.185,0,Kepler
PYC-2013-0811,PYC Star 554,2013,Transit,289.376,1.961,10.041,0.6782,5083.0,0.738,0.497,419.7,0.429,1.012,0,HIRES
PYC-2007-0812,PYC Star 336,2007,Pulsar Timing,336.319,1.637,1.611,0.7648,3764.0,0.511,0.528,11.9,0.162,0.383,0,Kepler
PYC-2002-0813,PYC Star 251,2002,Transit,0.497,2.14,10.872,0.0127,5785.0,0.873,1.096,46.9,0.656,1.549,0,Gaia
PYC-2011-0814,PYC Star 131,2011,Transit,1.247,9.779,378.927,0.0271,5481.0,0.494,1.714,24.4,0.333,0.787,0,Kepler
PYC-2018-0815,PYC Star 346,2018,Radial Velocity,3.051,4.966,104.508,0.0354,5713.0,1.379,0.634,145.4,1.012,2.387,0,Kepler
PYC-2006-0816,PYC Star 063,2006,Radial Velocity,4.509,1.411,1.657,0.0517,4833.0,1.457,0.909,137.2,0.765,1.805,0,Kepler
PYC-2012-0817,PYC Star 225,2012,Transit,1289.488,4.498,52.159,2.2262,4733.0,0.573,0.885,147.1,0.288,0.68,0,K2
PYC-1998-0818,PYC Star 417,1998,Transit,252.46,0.956,0.917,0.9781,4636.0,0.652,1.959,122.7,0.315,0.743,0,TESS
PYC-2012-0819,PYC Star 569,2012,Transit,1.436,0.938,1.052,0.0324,6851.0,0.744,2.205,3.1,0.785,1.851,0,CoRoT
PYC-2005-0820,PYC Star 414,2005,Transit,17.956,1.963,3.419,0.141,4312.0,0.887,1.16,99.1,0.371,0.875,0,OGLE
PYC-2023-0821,PYC Star 092,2023,Transit,3.501,1.631,4.902,0.0501,3732.0,1.01,1.369,7.1,0.316,0.746,0,TESS
PYC-1998-0822,PYC Star 649,1998,Transit,657.404,2.612,4.822,1.6378,4464.0,1.109,1.356,360.7,0.496,1.171,0,TESS
PYC-2019-0823,PYC Star 381,2019,Transit,1440.72,7.388,129.742,2.1501,4320.0,1.097,0.639,9.7,0.46,1.085,0,K2
PYC-1998-0824,PYC Star 564,1998,Radial Velocity,1.733,1.452,1.207,0.0306,5934.0,1.811,1.277,313.7,1.433,3.381,0,WASP
PYC-2015-0825,PYC Star 880,2015,Transit,16.455,2.008,9.268,0.1124,3580.0,0.925,0.7,14.5,0.266,0.628,0,HIRES
PYC-2015-0826,PYC Star 044,2015,Transit,1969.526,1.256,2.211,3.0141,4295.0,0.501,0.942,37.2,0.208,0.49,0,K2
PYC-2012-0827,PYC Star 889,2012,Transit,140.709,1.768,5.525,0.6047,4971.0,0.436,1.49,28.0,0.242,0.572,0,K2
PYC-2014-0828,PYC Star 856,2014,Radial Velocity,924.674,7.61,408.728,1.8751,5941.0,1.879,1.029,51.1,1.49,3.517,0,K2
PYC-1999-0829,PYC Star 466,1999,Transit,9.731,1.782,3.836,0.1014,5442.0,1.132,1.471,249.5,0.753,1.777,0,Kepler
PYC-2011-0830,PYC Star 025,2011,Transit,2.598,3.399,32.652,0.043,6257.0,0.988,1.576,41.2,0.869,2.05,0,TESS
PYC-1998-0831,PYC Star 223,1998,Transit,190.943,1.522,3.078,0.5287,5111.0,1.102,0.541,88.2,0.646,1.526,0,Kepler
PYC-2005-0832,PYC Star 204,2005,Transit,1.363,10.123,393.613,0.0187,4617.0,0.967,0.467,35.1,0.463,1.093,0,OGLE
PYC-2006-0833,PYC Star 525,2006,Transit,719.004,14.629,2057.204,1.7988,5570.0,1.094,1.502,18.0,0.762,1.799,0,Kepler
PYC-2017-0834,PYC Star 622,2017,Radial Velocity,336.589,2.858,43.426,1.0896,3570.0,0.761,1.523,72.3,0.218,0.514,0,Kepler
PYC-2006-0835,PYC Star 440,2006,Transit,6.076,3.153,15.96,0.0671,3261.0,1.447,1.094,170.9,0.346,0.816,0,Kepler
PYC-1999-0836,PYC Star 320,1999,Radial Velocity,34.245,2.774,21.534,0.216,5679.0,0.711,1.147,28.3,0.515,1.215,0,K2
PYC-2007-0837,PYC Star 039,2007,Transit Timing Variations,500.018,1.212,1.932,1.3683,4990.0,0.599,1.367,44.1,0.335,0.791,0,HAT-P
PYC-2022-0838,PYC Star 845,2022,Transit,1678.397,2.681,15.334,3.0608,5668.0,0.421,1.358,29.1,0.303,0.716,0,HIRES
PYC-2005-0839,PYC Star 890,2005,Transit,9.262,1.18,1.74,0.0833,4033.0,0.809,0.899,129.7,0.295,0.697,0,TESS
PYC-2012-0840,PYC Star 030,2012,Transit,460.603,1.644,3.081,1.3049,5956.0,1.592,1.397,62.6,1.269,2.995,1,Kepler
PYC-2023-0841,PYC Star 295,2023,Radial Velocity,2.268,7.475,31.11,0.0324,5403.0,0.733,0.886,37.6,0.48,1.134,0,WASP
PYC-2025-0842,PYC Star 884,2025,Transit,1268.625,0.869,1.495,2.3596,4772.0,0.484,1.089,707.3,0.248,0.584,0,WASP
PYC-2019-0843,PYC Star 359,2019,Transit,182.524,6.799,103.139,0.6446,4987.0,1.023,1.073,188.9,0.572,1.349,0,WASP
PYC-2023-0844,PYC Star 560,2023,Transit,1.563,1.162,1.309,0.0238,5112.0,0.671,0.74,52.2,0.394,0.93,0,TESS
PYC-2012-0845,PYC Star 462,2012,Radial Velocity,294.403,3.898,30.777,0.7942,4029.0,1.806,0.771,188.4,0.659,1.555,0,TESS
PYC-2024-0846,PYC Star 570,2024,Transit,255.757,1.436,1.731,1.0233,4453.0,1.46,2.186,465.1,0.65,1.535,1,Kepler
PYC-2004-0847,PYC Star 792,2004,Transit,300.96,5.721,105.091,0.7921,5098.0,0.508,0.732,8.3,0.297,0.7,0,Kepler
PYC-2021-0848,PYC Star 342,2021,Transit,8.679,3.926,34.252,0.0863,4417.0,0.832,1.138,76.8,0.365,0.861,0,SPITZER
PYC-2004-0849,PYC Star 719,2004,Imaging,294.328,4.428,33.461,0.9266,3478.0,0.641,1.225,46.6,0.174,0.411,0,Kepler
PYC-2022-0850,PYC Star 411,2022,Transit,638.366,1.529,3.248,1.4418,5065.0,0.534,0.981,136.4,0.308,0.726,0,K2
PYC-2013-0851,PYC Star 185,2013,Transit,8.855,10.918,491.979,0.0906,5552.0,0.878,1.265,318.7,0.608,1.434,0,Kepler
PYC-2004-0852,PYC Star 068,2004,Radial Velocity,2.558,0.485,0.242,0.038,5762.0,1.301,1.122,133.2,0.97,2.289,0,Kepler
PYC-1999-0853,PYC Star 645,1999,Microlensing,1103.187,7.543,97.847,1.8878,5279.0,0.868,0.737,191.2,0.543,1.282,0,SPITZER
PYC-2004-0854,PYC Star 542,2004,Transit,101.692,5.092,46.039,0.4539,5536.0,0.713,1.207,128.4,0.491,1.159,0,Kepler
PYC-2019-0855,PYC Star 787,2019,Transit,24.327,9.088,446.225,0.1542,5689.0,0.333,0.826,179.7,0.242,0.572,0,TESS
PYC-2008-0856,PYC Star 212,2008,Radial Velocity,1025.939,3.634,20.796,2.439,4872.0,0.667,1.839,117.6,0.356,0.839,0,OGLE
PYC-2000-0857,PYC Star 643,2000,Radial Velocity,1.346,1.547,1.978,0.0251,2893.0,1.154,1.162,17.7,0.217,0.512,0,Kepler
PYC-2017-0858,PYC Star 022,2017,Transit,553.509,2.004,4.537,1.2159,5844.0,0.492,0.783,106.1,0.377,0.891,0,Kepler
PYC-2022-0859,PYC Star 126,2022,Transit,31.917,7.436,175.226,0.2049,3996.0,1.603,1.127,2.2,0.575,1.357,0,K2
PYC-2004-0860,PYC Star 535,2004,Radial Velocity,0.585,0.937,0.805,0.0123,3782.0,0.692,0.723,2.9,0.222,0.525,0,Kepler
PYC-2017-0861,PYC Star 485,2017,Radial Velocity,2349.599,0.817,0.532,3.5645,3807.0,0.982,1.094,222.4,0.32,0.755,0,Kepler
PYC-1999-0862,PYC Star 533,1999,Radial Velocity,414.111,2.82,8.855,1.059,7036.0,0.752,0.924,1.4,0.836,1.974,1,TESS
PYC-2010-0863,PYC Star 754,2010,Transit,2.718,2.925,23.974,0.0346,5196.0,0.53,0.749,26.2,0.322,0.759,0,Kepler
PYC-2010-0864,PYC Star 750,2010,Transit,1518.577,1.344,4.189,2.3444,3863.0,1.097,0.745,4.4,0.368,0.868,0,CoRoT
PYC-2008-0865,PYC Star 176,2008,Radial Velocity,1684.928,13.768,351.756,3.6816,4185.0,0.688,2.345,164.8,0.271,0.639,0,HIRES
PYC-1995-0866,PYC Star 183,1995,Radial Velocity,505.724,12.505,327.383,1.2556,4799.0,0.619,1.033,21.6,0.32,0.755,0,Kepler
PYC-2018-0867,PYC Star 485,2018,Radial Velocity,1.244,1.286,3.174,0.0215,5288.0,0.309,0.86,45.3,0.194,0.458,0,Kepler
PYC-2014-0868,PYC Star 861,2014,Transit,2.11,1.274,4.111,0.03,5051.0,1.617,0.809,61.0,0.927,2.188,0,Kepler
PYC-2016-0869,PYC Star 602,2016,Transit,334.183,1.213,0.57,0.9957,3964.0,0.902,1.179,36.8,0.319,0.752,0,Kepler
PYC-2008-0870,PYC Star 132,2008,Radial Velocity,1390.315,14.492,1570.326,2.2629,5085.0,1.481,0.8,27.5,0.86,2.03,0,K2
PYC-2013-0871,PYC Star 572,2013,Transit,2.724,1.16,3.334,0.0336,4250.0,1.19,0.682,29.0,0.483,1.139,0,TESS
PYC-2008-0872,PYC Star 305,2008,Transit Timing Variations,24.423,1.254,1.169,0.1641,5742.0,1.481,0.989,197.7,1.097,2.589,0,Kepler
PYC-2020-0873,PYC Star 096,2020,Transit,1.592,6.044,236.867,0.0266,4851.0,0.698,0.986,164.4,0.369,0.871,0,K2
PYC-2009-0874,PYC Star 641,2009,Transit,28.469,4.247,39.3,0.1738,4117.0,0.485,0.864,203.8,0.185,0.436,0,Kepler
PYC-2022-0875,PYC Star 250,2022,Radial Velocity,123.566,6.345,142.758,0.4376,5420.0,1.269,0.732,174.6,0.837,1.976,0,WASP
PYC-2013-0876,PYC Star 698,2013,Transit,0.472,5.707,64.622,0.0113,5145.0,0.954,0.872,14.8,0.567,1.339,0,K2
PYC-2007-0877,PYC Star 497,2007,Transit,124.006,1.908,8.851,0.4607,4373.0,0.73,0.848,373.9,0.313,0.74,1,HAT-P
PYC-2011-0878,PYC Star 402,2011,Transit,120.54,12.623,1107.178,0.4448,5457.0,1.257,0.808,13.2,0.841,1.985,0,TESS
PYC-2006-0879,PYC Star 188,2006,Transit,23.187,1.106,3.081,0.1644,5366.0,1.034,1.102,149.4,0.669,1.578,0,K2
PYC-2011-0880,PYC Star 263,2011,Transit,1179.773,8.321,507.373,2.8332,5882.0,1.2,2.18,11.4,0.932,2.201,0,CoRoT
PYC-2006-0881,PYC Star 301,2006,Transit,1.332,2.171,7.474,0.0277,5439.0,0.568,1.594,95.9,0.378,0.891,0,Kepler
PYC-2008-0882,PYC Star 624,2008,Microlensing,0.632,3.472,120.316,0.0181,4607.0,1.397,1.973,9.1,0.666,1.573,0,WASP
PYC-2016-0883,PYC Star 374,2016,Transit,33.376,0.302,0.088,0.1899,3279.0,0.898,0.82,137.9,0.217,0.512,0,K2
PYC-2012-0884,PYC Star 031,2012,Transit,46.516,1.445,3.41,0.3077,4968.0,1.466,1.797,152.1,0.813,1.919,0,TESS
PYC-2013-0885,PYC Star 013,2013,Transit,4.32,2.038,3.866,0.0533,5108.0,1.391,1.083,21.5,0.815,1.925,0,TESS
PYC-2018-0886,PYC Star 247,2018,Transit,2130.229,3.98,16.888,3.6352,4846.0,1.226,1.412,1.5,0.647,1.526,0,TESS
PYC-2006-0887,PYC Star 459,2006,Transit,3.848,10.359,211.875,0.0507,2500.0,0.856,1.174,7.8,0.12,0.284,0,WASP
PYC-2011-0888,PYC Star 300,2011,Transit,4.456,4.119,24.875,0.0509,5411.0,1.239,0.887,66.3,0.815,1.923,0,Kepler
PYC-2009-0889,PYC Star 895,2009,Transit,555.498,0.634,0.608,1.4383,3979.0,1.484,1.286,79.1,0.528,1.245,0,TESS
PYC-1998-0890,PYC Star 208,1998,Transit,1506.809,4.208,53.489,2.722,5417.0,1.183,1.185,27.8,0.78,1.84,0,Kepler
PYC-2004-0891,PYC Star 368,2004,Microlensing,47.823,4.173,30.2,0.2098,6331.0,0.986,0.539,167.3,0.888,2.095,0,Kepler
PYC-2011-0892,PYC Star 358,2011,Transit,0.474,8.699,258.916,0.0117,4572.0,1.24,0.957,39.6,0.582,1.374,0,Kepler
PYC-2021-0893,PYC Star 247,2021,Transit,9.537,9.325,291.841,0.0974,5195.0,0.71,1.357,317.1,0.431,1.016,0,TESS
PYC-2002-0894,PYC Star 794,2002,Radial Velocity,2.95,0.419,0.155,0.0416,4830.0,1.779,1.102,43.8,0.932,2.2,0,TESS
PYC-1996-0895,PYC Star 228,1996,Radial Velocity,38.22,10.814,314.468,0.2346,5273.0,0.422,1.179,40.6,0.264,0.622,0,OGLE
PYC-2013-0896,PYC Star 010,2013,Transit,176.631,3.132,23.17,0.5644,4893.0,0.914,0.769,101.0,0.492,1.16,0,TESS
PYC-2024-0897,PYC Star 464,2024,Transit,13.267,2.606,14.021,0.113,4335.0,0.75,1.094,393.8,0.316,0.747,0,HAT-P
PYC-2017-0898,PYC Star 571,2017,Transit,48.346,1.934,3.635,0.2568,3986.0,0.675,0.967,22.9,0.241,0.568,1,KMT
PYC-2004-0899,PYC Star 410,2004,Transit,352.018,1.484,6.179,0.9528,6231.0,1.032,0.931,167.1,0.901,2.126,1,Kepler
PYC-2009-0900,PYC Star 379,2009,Transit,3.597,8.939,256.547,0.0424,5195.0,0.542,0.788,17.0,0.329,0.776,0,WASP
PYC-2006-0901,PYC Star 775,2006,Transit,2.299,2.82,9.017,0.0379,5547.0,2.37,1.377,44.2,1.639,3.867,0,K2
PYC-2015-0902,PYC Star 337,2015,Transit,529.596,0.932,1.274,1.3337,5159.0,0.49,1.129,46.3,0.293,0.691,0,Kepler
PYC-2019-0903,PYC Star 575,2019,Transit,0.557,2.14,7.425,0.0136,5678.0,0.587,1.089,213.6,0.425,1.003,0,Other
PYC-2014-0904,PYC Star 753,2014,Imaging,1.533,1.55,3.836,0.0331,3994.0,0.562,2.05,90.8,0.201,0.475,0,Kepler
PYC-2025-0905,PYC Star 359,2025,Transit,0.447,2.249,4.547,0.0121,4875.0,0.984,1.18,2.6,0.525,1.24,0,HIRES
PYC-2009-0906,PYC Star 487,2009,Transit,56.782,14.203,1488.126,0.3326,5255.0,1.421,1.522,177.9,0.881,2.08,0,OGLE
PYC-2019-0907,PYC Star 347,2019,Transit,84.611,3.54,79.251,0.3894,5963.0,1.14,1.1,64.9,0.911,2.15,0,KMT
PYC-2012-0908,PYC Star 553,2012,Transit,45.692,1.172,0.804,0.24,7206.0,1.746,0.884,285.0,2.036,4.806,0,TESS
PYC-2007-0909,PYC Star 492,2007,Transit,16.12,6.693,167.332,0.1104,5167.0,0.62,0.69,26.7,0.372,0.878,0,TESS
PYC-2006-0910,PYC Star 767,2006,Radial Velocity,44.883,10.175,281.248,0.2542,4205.0,1.211,1.088,42.7,0.481,1.135,0,TESS
PYC-1997-0911,PYC Star 228,1997,Radial Velocity,2.257,5.023,254.96,0.0247,3724.0,0.785,0.394,70.0,0.245,0.577,0,TESS
PYC-2000-0912,PYC Star 146,2000,Radial Velocity,636.504,12.631,1358.104,1.4949,3986.0,0.997,1.1,104.0,0.356,0.84,0,KMT
PYC-2017-0913,PYC Star 381,2017,Transit Timing Variations,2527.059,0.618,0.33,3.767,4103.0,1.482,1.117,49.0,0.561,1.323,0,K2
PYC-2020-0914,PYC Star 551,2020,Transit Timing Variations,49.774,9.385,182.671,0.2582,2500.0,0.42,0.927,348.3,0.059,0.139,0,TESS
PYC-2007-0915,PYC Star 257,2007,Microlensing,11.29,7.838,129.081,0.0974,4192.0,2.205,0.968,13.0,0.87,2.054,0,Other
PYC-2005-0916,PYC Star 898,2005,Transit,468.022,0.397,0.131,1.0195,5445.0,0.843,0.645,18.0,0.562,1.325,1,K2
PYC-2012-0917,PYC Star 464,2012,Transit,2.24,3.601,14.152,0.0394,4868.0,0.437,1.624,1.0,0.233,0.549,0,OGLE
PYC-1997-0918,PYC Star 730,1997,Transit,7.0,1.505,1.487,0.0688,4567.0,0.659,0.889,144.0,0.309,0.729,0,Kepler
PYC-1998-0919,PYC Star 492,1998,Transit,1756.072,0.676,0.362,2.5432,3340.0,0.942,0.712,79.0,0.236,0.557,0,Kepler
PYC-2011-0920,PYC Star 354,2011,Transit,2.108,12.081,695.697,0.0343,5745.0,0.659,1.21,348.6,0.489,1.153,0,TESS
PYC-2008-0921,PYC Star 762,2008,Radial Velocity,1.088,1.009,1.237,0.021,5261.0,0.358,1.04,292.4,0.223,0.525,0,TESS
PYC-2018-0922,PYC Star 142,2018,Transit,52.386,3.114,15.383,0.2628,4788.0,0.94,0.882,14.1,0.484,1.143,0,HAT-P
PYC-2014-0923,PYC Star 226,2014,Transit,75.568,1.67,6.012,0.3314,2818.0,0.65,0.85,106.8,0.116,0.274,0,Kepler
PYC-2012-0924,PYC Star 688,2012,Transit,82.424,14.886,727.882,0.3704,4358.0,1.206,0.998,713.7,0.515,1.215,0,Kepler
PYC-2015-0925,PYC Star 814,2015,Transit,1.735,3.318,30.931,0.0331,5190.0,0.556,1.602,45.2,0.337,0.795,0,KMT
PYC-2013-0926,PYC Star 262,2013,Transit,249.195,2.939,18.356,0.8186,4774.0,2.49,1.179,152.2,1.275,3.009,0,TESS
PYC-2015-0927,PYC Star 482,2015,Radial Velocity,3.475,5.845,133.09,0.0447,4973.0,1.134,0.988,78.4,0.63,1.487,0,TESS
PYC-2010-0928,PYC Star 438,2010,Transit,1888.059,11.588,1054.56,3.3022,5417.0,0.983,1.348,243.6,0.648,1.53,0,Kepler
PYC-2004-0929,PYC Star 654,2004,Radial Velocity,3.058,3.07,14.718,0.0414,4939.0,1.191,1.01,1.0,0.653,1.541,0,SPITZER
PYC-2000-0930,PYC Star 449,2000,Transit,0.467,1.344,1.549,0.0123,5385.0,0.397,1.151,30.5,0.258,0.61,0,HIRES
PYC-2018-0931,PYC Star 550,2018,Transit,63.459,1.471,1.174,0.3169,4041.0,0.72,1.054,53.7,0.264,0.623,1,TESS
PYC-2006-0932,PYC Star 602,2006,Transit,2.444,5.168,26.075,0.038,3700.0,2.008,1.229,384.5,0.617,1.457,0,Kepler
PYC-2011-0933,PYC Star 746,2011,Radial Velocity,109.099,1.971,5.348,0.4243,5230.0,0.779,0.856,2.4,0.479,1.13,0,Other
PYC-2014-0934,PYC Star 125,2014,Radial Velocity,3.092,13.079,758.197,0.0364,5414.0,0.875,0.671,193.9,0.576,1.36,0,HIRES
PYC-2015-0935,PYC Star 597,2015,Transit,18.235,1.117,0.774,0.1507,5267.0,0.73,1.374,1.0,0.455,1.073,0,TESS
PYC-2019-0936,PYC Star 163,2019,Microlensing,1.985,7.017,102.531,0.0368,4918.0,1.74,1.693,201.0,0.945,2.231,0,CoRoT
PYC-2010-0937,PYC Star 010,2010,Transit,18.354,9.383,722.627,0.1199,4508.0,0.806,0.682,6.8,0.368,0.869,0,TESS
PYC-2006-0938,PYC Star 645,2006,Radial Velocity,1.352,8.039,349.724,0.0244,4990.0,0.512,1.065,39.9,0.287,0.676,0,Kepler
PYC-2015-0939,PYC Star 351,2015,Transit,8.161,2.979,9.093,0.0753,5141.0,2.872,0.855,111.5,1.706,4.025,0,WASP
PYC-2005-0940,PYC Star 645,2005,Transit,2.36,11.398,448.47,0.0385,5195.0,0.485,1.362,20.8,0.294,0.694,0,WASP
PYC-2018-0941,PYC Star 844,2018,Radial Velocity,581.44,2.912,19.726,1.4032,7146.0,0.861,1.09,17.5,0.988,2.332,0,TESS
PYC-2012-0942,PYC Star 116,2012,Transit,268.134,1.417,1.811,1.1998,3971.0,0.616,3.205,171.3,0.218,0.515,0,OGLE
PYC-2005-0943,PYC Star 406,2005,Transit,1.772,0.899,0.506,0.0277,7703.0,0.656,0.9,92.3,0.875,2.065,0,TESS
PYC-2009-0944,PYC Star 089,2009,Transit,0.838,9.15,266.813,0.0208,3669.0,0.559,1.713,100.4,0.169,0.399,0,KMT
PYC-2019-0945,PYC Star 745,2019,Transit,0.503,9.111,539.201,0.015,5147.0,0.706,1.772,113.2,0.42,0.991,0,Kepler
PYC-2000-0946,PYC Star 899,2000,Transit,3.023,1.545,5.592,0.0435,3725.0,1.401,1.205,155.8,0.437,1.031,0,Other
PYC-1996-0947,PYC Star 782,1996,Radial Velocity,29.025,6.096,76.101,0.1856,5076.0,0.382,1.013,108.2,0.221,0.522,0,Kepler
PYC-2008-0948,PYC Star 894,2008,Radial Velocity,14.179,4.708,70.691,0.1159,5684.0,1.587,1.034,158.6,1.152,2.719,0,Kepler
PYC-2013-0949,PYC Star 299,2013,Transit,2326.367,0.872,0.698,3.4401,4829.0,1.469,1.004,339.3,0.77,1.816,0,TESS
PYC-2015-0950,PYC Star 251,2015,Transit,469.959,1.296,1.185,1.3502,5676.0,1.132,1.487,172.8,0.819,1.933,1,Kepler
PYC-2003-0951,PYC Star 772,2003,Transit,0.804,4.226,36.55,0.0153,4419.0,0.953,0.737,50.1,0.418,0.986,0,Kepler
PYC-2000-0952,PYC Star 586,2000,Transit,1.652,10.867,262.657,0.0268,2955.0,1.019,0.945,34.9,0.2,0.472,0,WASP
PYC-2006-0953,PYC Star 340,2006,Transit,0.507,1.571,5.786,0.012,5364.0,1.708,0.906,253.6,1.104,2.605,0,K2
PYC-1995-0954,PYC Star 190,1995,Microlensing,1.373,1.898,11.496,0.0198,4828.0,0.41,0.547,59.9,0.215,0.507,0,OGLE
PYC-2003-0955,PYC Star 023,2003,Radial Velocity,45.038,1.257,1.476,0.2739,4368.0,1.248,1.351,243.9,0.535,1.263,0,Kepler
PYC-2020-0956,PYC Star 035,2020,Radial Velocity,0.793,8.427,184.433,0.019,4430.0,0.643,1.451,9.5,0.284,0.669,0,K2
PYC-2017-0957,PYC Star 625,2017,Transit,0.682,11.52,974.399,0.0141,5166.0,1.305,0.801,129.6,0.782,1.846,0,K2
PYC-2020-0958,PYC Star 238,2020,Transit,1.148,0.536,0.363,0.0242,4067.0,0.683,1.434,61.8,0.254,0.599,0,TESS
PYC-2017-0959,PYC Star 738,2017,Transit,157.065,11.478,326.306,0.4736,5138.0,1.237,0.574,28.9,0.734,1.731,0,TESS
PYC-2003-0960,PYC Star 761,2003,Transit,0.475,11.617,545.862,0.012,5870.0,0.448,1.008,126.2,0.347,0.819,0,K2
PYC-2020-0961,PYC Star 406,2020,Transit,2287.813,3.056,17.732,3.3483,6654.0,0.42,0.957,20.9,0.418,0.986,0,K2
PYC-2012-0962,PYC Star 270,2012,Transit,11.957,1.89,3.56,0.1034,6064.0,0.855,1.031,61.8,0.707,1.668,0,Kepler
PYC-2006-0963,PYC Star 156,2006,Transit,8.06,8.096,278.83,0.0794,4946.0,1.717,1.029,52.5,0.943,2.227,0,TESS
PYC-2018-0964,PYC Star 231,2018,Microlensing,27.669,1.008,0.719,0.1774,5032.0,1.146,0.973,288.3,0.652,1.538,0,TESS
PYC-2012-0965,PYC Star 554,2012,Transit,40.626,1.221,1.283,0.2211,4440.0,1.142,0.873,153.8,0.506,1.193,0,K2
PYC-2007-0966,PYC Star 680,2007,Microlensing,16.968,1.333,2.006,0.1276,4381.0,1.325,0.963,264.1,0.571,1.349,0,Kepler
PYC-2012-0967,PYC Star 664,2012,Transit,30.662,2.134,3.41,0.2248,5585.0,0.753,1.611,168.0,0.527,1.245,0,HIRES
PYC-2018-0968,PYC Star 862,2018,Transit,8.29,2.36,3.335,0.0749,4523.0,1.185,0.817,21.3,0.545,1.285,0,Kepler
PYC-2019-0969,PYC Star 589,2019,Transit,7.077,6.383,196.064,0.0939,5129.0,0.693,2.202,76.0,0.41,0.967,0,SPITZER
PYC-2022-0970,PYC Star 457,2022,Transit,0.51,0.961,0.623,0.0116,3934.0,0.781,0.801,9.8,0.272,0.641,0,Kepler
PYC-2020-0971,PYC Star 320,2020,Transit,160.446,0.884,2.113,0.5943,6033.0,0.826,1.088,12.7,0.676,1.595,0,Other
PYC-2015-0972,PYC Star 303,2015,Transit,98.634,9.202,859.594,0.4466,4510.0,0.704,1.221,28.6,0.322,0.759,0,TESS
PYC-2013-0973,PYC Star 332,2013,Microlensing,156.236,1.369,1.755,0.5487,5779.0,0.874,0.903,84.8,0.656,1.547,0,TESS
PYC-2011-0974,PYC Star 791,2011,Transit,1772.989,8.202,765.811,3.3686,4167.0,0.803,1.622,86.6,0.313,0.739,0,Kepler
PYC-2009-0975,PYC Star 494,2009,Transit,27.245,1.268,2.965,0.1888,4119.0,0.655,1.21,150.8,0.249,0.589,0,SPITZER
PYC-2009-0976,PYC Star 199,2009,Transit,1044.659,1.418,1.795,1.9673,5995.0,0.845,0.931,29.1,0.682,1.61,0,Kepler
PYC-2015-0977,PYC Star 174,2015,Transit,21.007,0.84,0.175,0.1748,4237.0,0.965,1.616,81.6,0.389,0.918,0,HAT-P
PYC-2010-0978,PYC Star 026,2010,Transit,28.369,10.545,644.633,0.1617,3389.0,0.549,0.701,183.1,0.142,0.334,0,Kepler
PYC-2011-0979,PYC Star 761,2011,Transit,113.446,14.901,1140.673,0.4294,3864.0,1.086,0.82,86.0,0.364,0.86,0,TESS
PYC-2006-0980,PYC Star 198,2006,Pulsar Timing,2.746,12.988,974.665,0.041,5571.0,0.721,1.218,160.8,0.503,1.186,0,HAT-P
PYC-2016-0981,PYC Star 092,2016,Radial Velocity,2.782,2.588,10.565,0.0425,5485.0,0.984,1.324,122.4,0.665,1.569,0,TESS
PYC-2020-0982,PYC Star 261,2020,Radial Velocity,37.817,2.247,4.632,0.229,4114.0,0.667,1.12,104.0,0.254,0.599,0,CoRoT
PYC-1998-0983,PYC Star 438,1998,Transit,0.738,4.88,49.793,0.0157,4231.0,1.444,0.956,93.7,0.581,1.371,0,HAT-P
PYC-2019-0984,PYC Star 863,2019,Transit,3.305,2.463,14.834,0.0422,5406.0,1.384,0.916,250.2,0.908,2.144,0,TESS
PYC-2024-0985,PYC Star 773,2024,Microlensing,474.877,11.698,501.382,1.3593,5984.0,0.561,1.486,54.4,0.452,1.066,0,Kepler
PYC-2014-0986,PYC Star 154,2014,Transit,25.064,5.209,60.985,0.1724,4738.0,1.14,1.088,213.0,0.575,1.357,0,K2
PYC-2019-0987,PYC Star 476,2019,Transit,0.507,2.077,3.13,0.0112,5299.0,1.725,0.737,124.0,1.088,2.568,0,HAT-P
PYC-2017-0988,PYC Star 741,2017,Transit,0.688,0.425,0.113,0.0137,5586.0,0.587,0.722,149.5,0.412,0.972,0,Kepler
PYC-2010-0989,PYC Star 685,2010,Radial Velocity,1462.98,2.62,7.02,3.0092,6738.0,0.609,1.698,35.5,0.621,1.465,0,CoRoT
PYC-2005-0990,PYC Star 423,2005,Transit,2038.931,2.706,21.055,2.8937,3760.0,1.253,0.778,204.8,0.398,0.939,0,Kepler
PYC-2019-0991,PYC Star 216,2019,Radial Velocity,122.005,3.26,14.963,0.497,4198.0,0.5,1.1,92.1,0.198,0.467,0,SPITZER
PYC-1998-0992,PYC Star 706,1998,Radial Velocity,2.083,2.733,11.776,0.0374,4344.0,0.634,1.605,47.8,0.269,0.635,0,TESS
PYC-2019-0993,PYC Star 401,2019,Transit,10.676,11.469,1677.576,0.1011,5545.0,0.57,1.209,13.3,0.394,0.929,0,TESS
PYC-2021-0994,PYC Star 214,2021,Microlensing,6.106,2.269,7.219,0.0598,4573.0,1.26,0.767,87.1,0.592,1.397,0,OGLE
PYC-2009-0995,PYC Star 642,2009,Transit,441.153,8.779,227.682,1.0074,5081.0,0.659,0.701,125.7,0.382,0.902,0,OGLE
PYC-2002-0996,PYC Star 794,2002,Transit,48.23,11.761,813.37,0.3225,4910.0,0.792,1.924,6.1,0.429,1.012,0,Kepler
PYC-2014-0997,PYC Star 799,2014,Transit,420.027,1.807,1.908,0.9721,4802.0,0.643,0.695,30.2,0.333,0.786,0,K2
PYC-2015-0998,PYC Star 843,2015,Pulsar Timing,9.978,11.767,1135.88,0.085,4897.0,1.509,0.824,84.1,0.813,1.918,0,TESS
PYC-2014-0999,PYC Star 579,2014,Transit,936.419,1.172,2.484,1.9564,5727.0,0.611,1.139,105.7,0.45,1.063,0,K2
PYC-1997-1000,PYC Star 691,1997,Transit,18.412,0.879,0.928,0.133,3926.0,0.478,0.926,36.4,0.165,0.39,0,K2
PYC-2019-1001,PYC Star 219,2019,Transit,16.573,4.89,11.454,0.136,4666.0,0.469,1.222,122.0,0.23,0.542,0,K2
PYC-2008-1002,PYC Star 292,2008,Transit,31.43,1.739,3.7,0.1642,3706.0,1.23,0.598,71.6,0.379,0.896,0,Kepler
PYC-2018-1003,PYC Star 132,2018,Transit,78.586,1.06,0.616,0.3504,5004.0,1.27,0.929,114.3,0.715,1.686,0,Kepler
PYC-1996-1004,PYC Star 073,1996,Transit,1166.268,1.912,9.465,2.3468,4624.0,1.579,1.268,81.4,0.758,1.789,0,Kepler
PYC-1999-1005,PYC Star 757,1999,Transit,23.762,12.093,1104.544,0.1751,5762.0,0.51,1.269,6.5,0.381,0.898,0,Kepler
PYC-2002-1006,PYC Star 412,2002,Microlensing,1608.403,4.985,79.096,2.513,4796.0,0.811,0.818,256.1,0.419,0.989,0,TESS
PYC-2019-1007,PYC Star 499,2019,Transit,13.414,4.837,33.004,0.0981,4401.0,2.683,0.699,239.2,1.167,2.755,0,Kepler
PYC-2021-1008,PYC Star 079,2021,Radial Velocity,7.241,13.455,1817.921,0.0751,4578.0,0.786,1.078,53.0,0.37,0.873,0,Kepler
PYC-1998-1009,PYC Star 166,1998,Transit,5.564,1.09,1.097,0.0527,6351.0,0.698,0.632,312.6,0.633,1.494,0,OGLE
PYC-2015-1010,PYC Star 069,2015,Transit,0.483,2.769,34.833,0.014,3387.0,0.892,1.568,155.4,0.23,0.542,0,TESS
PYC-2021-1011,PYC Star 437,2021,Transit,780.809,1.805,5.306,1.6902,4235.0,1.142,1.057,248.0,0.46,1.086,0,HIRES
PYC-1996-1012,PYC Star 523,1996,Transit,0.811,13.924,1212.85,0.0157,4832.0,1.134,0.784,160.1,0.595,1.404,0,Other
PYC-2019-1013,PYC Star 114,2019,Microlensing,7.9,1.225,1.347,0.0686,4227.0,0.683,0.691,68.6,0.274,0.647,0,TESS
PYC-1994-1014,PYC Star 637,1994,Transit,3.738,14.607,2154.602,0.0438,5242.0,0.692,0.801,99.3,0.427,1.008,0,OGLE
PYC-2009-1015,PYC Star 095,2009,Transit,306.759,7.459,251.804,0.7419,4749.0,0.788,0.579,52.0,0.399,0.942,0,Kepler
PYC-2007-1016,PYC Star 755,2007,Transit,1643.964,3.611,57.963,2.888,5030.0,0.648,1.189,14.6,0.368,0.869,0,WASP
PYC-2008-1017,PYC Star 828,2008,Radial Velocity,584.602,2.944,18.106,1.246,4906.0,0.516,0.755,53.0,0.279,0.659,0,TESS
PYC-2012-1018,PYC Star 576,2012,Transit,6.951,0.99,0.951,0.0747,4707.0,2.03,1.15,126.6,1.011,2.385,0,WASP
PYC-2017-1019,PYC Star 490,2017,Transit,23.343,5.353,105.562,0.1702,3638.0,0.749,1.207,137.4,0.223,0.526,0,Kepler
PYC-2020-1020,PYC Star 658,2020,Radial Velocity,3.625,1.127,2.806,0.0517,4958.0,0.769,1.402,63.0,0.425,1.002,0,SPITZER
PYC-2017-1021,PYC Star 224,2017,Radial Velocity,1522.439,5.245,123.623,2.6672,3213.0,0.78,1.092,6.2,0.181,0.427,0,TESS
PYC-2011-1022,PYC Star 829,2011,Pulsar Timing,1.154,1.478,2.959,0.0246,4195.0,0.868,1.483,50.3,0.343,0.81,0,HAT-P
PYC-2002-1023,PYC Star 793,2002,Transit,1954.078,1.354,0.869,3.5958,5240.0,1.094,1.624,269.3,0.675,1.593,0,Other
PYC-2009-1024,PYC Star 626,2009,Transit,568.892,1.063,1.756,1.3848,5871.0,0.73,1.095,122.3,0.565,1.334,0,KMT
PYC-2002-1025,PYC Star 898,2002,Transit,228.806,14.078,471.807,0.7598,6914.0,1.503,1.118,69.2,1.614,3.809,0,K2
PYC-2014-1026,PYC Star 273,2014,Microlensing,399.331,5.8,98.297,0.9944,4415.0,1.178,0.823,19.0,0.516,1.217,0,TESS
PYC-1999-1027,PYC Star 795,1999,Transit,8.261,1.239,1.649,0.0713,4021.0,0.826,0.708,23.2,0.3,0.708,0,CoRoT
PYC-2010-1028,PYC Star 031,2010,Radial Velocity,5.606,2.84,7.424,0.0717,5270.0,0.667,1.566,350.9,0.416,0.982,0,TESS
PYC-2005-1029,PYC Star 673,2005,Transit,12.025,1.974,7.06,0.1102,6483.0,1.466,1.236,73.5,1.385,3.268,0,TESS
PYC-2017-1030,PYC Star 261,2017,Transit,2.022,0.886,2.145,0.0339,6179.0,0.837,1.272,134.9,0.718,1.694,0,WASP
PYC-2022-1031,PYC Star 865,2022,Transit,312.069,1.499,2.452,0.8404,3868.0,0.514,0.813,310.2,0.173,0.408,0,HIRES
PYC-2013-1032,PYC Star 510,2013,Transit,27.726,2.554,16.788,0.2167,4674.0,1.425,1.765,141.7,0.699,1.65,0,K2
PYC-2006-1033,PYC Star 178,2006,Radial Velocity,1082.998,1.756,14.029,2.0096,5565.0,0.649,0.923,64.6,0.452,1.066,0,Kepler
PYC-2020-1034,PYC Star 284,2020,Transit,1013.543,1.406,3.732,1.7983,5628.0,1.33,0.755,29.5,0.947,2.234,1,WASP
PYC-2013-1035,PYC Star 790,2013,Transit,1.607,2.379,6.9,0.0251,5333.0,0.29,0.818,21.6,0.185,0.438,0,TESS
PYC-2005-1036,PYC Star 724,2005,Transit,2.818,2.037,7.16,0.0469,4396.0,0.762,1.733,66.8,0.331,0.781,0,HIRES
PYC-2006-1037,PYC Star 323,2006,Transit,15.607,8.429,324.692,0.1074,5325.0,1.517,0.678,182.6,0.966,2.28,0,HAT-P
PYC-2007-1038,PYC Star 237,2007,Transit,1.155,3.202,42.229,0.0197,5636.0,0.902,0.769,62.0,0.644,1.519,0,K2
PYC-2015-1039,PYC Star 029,2015,Transit,187.784,13.761,1675.407,0.9,3961.0,1.178,2.758,18.0,0.415,0.98,0,CoRoT
PYC-2009-1040,PYC Star 111,2009,Transit,288.595,5.122,17.499,0.9538,5997.0,0.6,1.39,202.3,0.485,1.144,0,KMT
PYC-2003-1041,PYC Star 030,2003,Transit,249.653,2.172,4.9,0.7123,5693.0,1.052,0.774,7.8,0.766,1.808,0,K2
PYC-2011-1042,PYC Star 297,2011,Transit,26.555,10.573,444.346,0.1535,4132.0,0.902,0.685,103.7,0.346,0.816,0,Kepler
PYC-2021-1043,PYC Star 169,2021,Transit,740.584,0.596,0.157,1.318,5632.0,1.004,0.557,148.9,0.716,1.689,1,CoRoT
PYC-2018-1044,PYC Star 019,2018,Transit,89.074,13.987,149.777,0.3948,5532.0,2.253,1.035,25.5,1.549,3.655,0,Kepler
PYC-2011-1045,PYC Star 701,2011,Transit,2833.782,1.302,1.383,4.2665,5566.0,1.619,1.29,10.5,1.127,2.659,0,SPITZER
PYC-2015-1046,PYC Star 791,2015,Transit,578.007,2.162,7.408,1.6212,6218.0,1.285,1.702,196.3,1.117,2.635,1,Kepler
PYC-2018-1047,PYC Star 807,2018,Radial Velocity,251.685,0.843,0.493,0.6255,4791.0,1.293,0.515,319.9,0.666,1.573,0,K2
PYC-2008-1048,PYC Star 753,2008,Radial Velocity,1.202,9.527,213.21,0.019,5098.0,0.598,0.629,537.8,0.349,0.824,0,Gaia
PYC-2011-1049,PYC Star 116,2011,Transit,673.653,3.518,26.872,1.4831,2500.0,0.728,0.959,135.5,0.102,0.241,0,Kepler
PYC-2015-1050,PYC Star 148,2015,Transit,6.112,1.708,4.774,0.0906,5804.0,0.452,2.653,16.6,0.342,0.807,0,Kepler
PYC-2020-1051,PYC Star 760,2020,Transit,16.803,4.604,41.925,0.1424,5718.0,0.508,1.364,104.9,0.373,0.881,0,Kepler
PYC-2023-1052,PYC Star 014,2023,Transit,24.848,2.125,14.093,0.1741,6020.0,0.604,1.139,454.9,0.492,1.161,0,Other
PYC-1997-1053,PYC Star 680,1997,Transit,7.69,13.962,975.861,0.0661,3957.0,0.888,0.651,119.0,0.312,0.737,0,Other
PYC-2005-1054,PYC Star 114,2005,Transit,1.053,6.935,99.411,0.0158,5666.0,0.519,0.476,1.2,0.374,0.883,0,K2
PYC-2005-1055,PYC Star 047,2005,Transit,2.369,1.05,0.647,0.0349,5717.0,0.884,1.014,27.9,0.649,1.532,0,HAT-P
PYC-2019-1056,PYC Star 702,2019,Microlensing,519.448,4.974,58.23,1.2501,4214.0,0.84,0.966,20.6,0.335,0.791,0,HAT-P
PYC-2018-1057,PYC Star 658,2018,Transit,134.787,2.908,27.99,0.4987,5750.0,0.54,0.911,74.7,0.401,0.947,0,Kepler
PYC-2012-1058,PYC Star 077,2012,Transit,1801.476,1.844,3.254,2.7717,5217.0,1.788,0.875,50.6,1.093,2.58,0,Kepler
PYC-2016-1059,PYC Star 035,2016,Transit,607.785,12.231,905.279,1.2868,3272.0,0.496,0.77,871.2,0.119,0.281,0,KMT
PYC-2015-1060,PYC Star 795,2015,Microlensing,14.477,2.779,14.945,0.1037,5326.0,1.488,0.71,37.6,0.948,2.238,0,Kepler
PYC-2018-1061,PYC Star 237,2018,Transit,445.304,0.555,0.587,1.3421,4110.0,0.326,1.626,203.8,0.124,0.292,0,TESS
PYC-2018-1062,PYC Star 872,2018,Transit,68.511,1.664,4.566,0.2955,3292.0,0.844,0.733,40.8,0.205,0.485,1,Kepler
PYC-2021-1063,PYC Star 478,2021,Transit,5.146,3.858,23.608,0.0565,5130.0,0.525,0.908,10.3,0.31,0.733,0,TESS
PYC-2018-1064,PYC Star 880,2018,Transit,2402.099,0.744,0.671,3.4942,4741.0,0.67,0.986,61.3,0.339,0.799,0,Kepler
PYC-2017-1065,PYC Star 818,2017,Transit Timing Variations,1584.964,2.059,9.606,2.8889,6063.0,2.032,1.28,61.7,1.679,3.962,1,Kepler
PYC-2014-1066,PYC Star 554,2014,Transit,1.089,6.257,96.453,0.0188,4964.0,0.77,0.742,64.1,0.426,1.006,0,Kepler
PYC-2012-1067,PYC Star 095,2012,Transit,715.929,4.048,21.182,1.7555,5501.0,0.547,1.408,228.9,0.372,0.878,0,Other
PYC-2013-1068,PYC Star 807,2013,Transit,0.8,5.578,114.086,0.0158,5258.0,1.121,0.816,125.6,0.696,1.643,0,Kepler
PYC-2014-1069,PYC Star 314,2014,Transit,1589.613,1.762,4.501,2.6158,5719.0,0.767,0.945,117.1,0.563,1.33,0,TESS
PYC-2020-1070,PYC Star 227,2020,Radial Velocity,104.892,12.751,350.865,0.5273,4002.0,0.963,1.777,71.7,0.347,0.818,0,TESS
PYC-2017-1071,PYC Star 519,2017,Transit,1.768,0.713,0.472,0.0256,4979.0,0.596,0.712,81.9,0.332,0.784,0,K2
PYC-2006-1072,PYC Star 322,2006,Transit,587.492,1.348,1.582,1.4933,4673.0,0.61,1.287,1.0,0.299,0.706,0,OGLE
PYC-1995-1073,PYC Star 666,1995,Microlensing,39.879,0.896,0.352,0.2568,5388.0,0.631,1.421,22.6,0.412,0.972,0,K2
PYC-2010-1074,PYC Star 239,2010,Radial Velocity,0.68,10.237,354.847,0.0157,5030.0,1.289,1.115,16.3,0.733,1.729,0,CoRoT
PYC-2019-1075,PYC Star 823,2019,Transit,496.609,0.667,0.663,1.2106,4247.0,0.813,0.96,69.6,0.329,0.777,0,TESS
PYC-2020-1076,PYC Star 090,2020,Transit,453.857,2.844,27.701,1.4811,4496.0,0.562,2.104,134.7,0.255,0.602,0,KMT
PYC-2011-1077,PYC Star 422,2011,Transit,29.517,6.693,225.029,0.1866,6284.0,0.968,0.995,186.5,0.859,2.026,0,OGLE
PYC-2004-1078,PYC Star 864,2004,Transit,272.367,4.796,67.413,0.8421,3275.0,0.933,1.074,334.7,0.225,0.53,0,Kepler
PYC-2007-1079,PYC Star 756,2007,Transit,0.572,3.258,29.033,0.013,5438.0,1.165,0.889,200.6,0.774,1.827,0,HAT-P
PYC-2019-1080,PYC Star 738,2019,Transit,6.835,2.377,9.975,0.0717,5917.0,0.725,1.054,12.0,0.57,1.345,0,OGLE
PYC-2011-1081,PYC Star 555,2011,Microlensing,162.494,1.46,1.54,0.6522,5321.0,0.869,1.401,192.9,0.553,1.305,1,HIRES
PYC-2016-1082,PYC Star 512,2016,Microlensing,3.131,7.141,105.461,0.0406,6574.0,1.088,0.908,178.3,1.056,2.493,0,Other
PYC-2011-1083,PYC Star 184,2011,Radial Velocity,22.255,2.804,10.772,0.1211,5645.0,0.571,0.478,17.4,0.409,0.965,0,HAT-P
PYC-2003-1084,PYC Star 268,2003,Transit Timing Variations,1634.597,0.912,1.587,2.8834,5146.0,1.341,1.197,146.5,0.798,1.883,0,TESS
PYC-2016-1085,PYC Star 522,2016,Radial Velocity,639.402,14.55,1808.195,1.2808,4380.0,0.907,0.686,131.2,0.391,0.922,0,Kepler
PYC-2008-1086,PYC Star 276,2008,Radial Velocity,58.121,8.527,153.313,0.3202,5162.0,0.548,1.296,140.4,0.328,0.775,0,KMT
PYC-1994-1087,PYC Star 283,1994,Radial Velocity,68.686,2.898,16.337,0.3282,5414.0,0.547,1.0,6.3,0.36,0.849,0,HIRES
PYC-2005-1088,PYC Star 611,2005,Transit,1094.618,0.663,0.281,2.3204,4803.0,0.861,1.391,60.7,0.446,1.053,0,Kepler
PYC-2012-1089,PYC Star 633,2012,Transit,884.03,2.218,7.343,1.6139,4131.0,0.703,0.718,129.9,0.269,0.636,0,TESS
PYC-2006-1090,PYC Star 446,2006,Transit,0.879,7.813,160.318,0.0169,3716.0,1.264,0.829,24.2,0.392,0.925,0,Kepler
PYC-2021-1091,PYC Star 256,2021,Transit,25.48,14.721,2197.437,0.1629,4967.0,0.791,0.888,16.3,0.438,1.035,0,Kepler
PYC-2008-1092,PYC Star 159,2008,Transit,2.196,1.391,2.336,0.0278,3468.0,1.031,0.595,1.4,0.279,0.658,0,K2
PYC-2016-1093,PYC Star 237,2016,Transit,0.841,1.07,1.327,0.0198,4376.0,0.614,1.476,158.1,0.264,0.624,0,K2
PYC-2007-1094,PYC Star 297,2007,Transit,5.434,1.432,2.848,0.05,2611.0,0.891,0.566,133.2,0.136,0.322,0,WASP
PYC-2007-1095,PYC Star 850,2007,Transit,92.97,2.275,5.072,0.4565,5550.0,1.627,1.468,19.9,1.126,2.656,0,Kepler
PYC-2000-1096,PYC Star 291,2000,Transit,478.954,0.906,0.817,1.2588,5839.0,0.842,1.16,90.5,0.645,1.522,1,TESS
PYC-2018-1097,PYC Star 817,2018,Radial Velocity,1373.921,1.457,4.526,2.3632,4871.0,0.702,0.933,51.6,0.374,0.883,0,TESS
PYC-2000-1098,PYC Star 485,2000,Radial Velocity,17.42,8.261,505.855,0.1369,6448.0,0.61,1.128,75.7,0.57,1.345,0,HAT-P
PYC-2016-1099,PYC Star 407,2016,Transit,17.322,1.078,0.684,0.136,6013.0,0.892,1.118,230.5,0.725,1.711,0,Kepler
PYC-2020-1100,PYC Star 241,2020,Transit,1.57,0.954,0.415,0.0252,5232.0,1.697,0.869,21.5,1.043,2.463,0,K2
PYC-2017-1101,PYC Star 689,2017,Transit,2.276,2.537,11.607,0.0351,4698.0,0.487,1.11,42.8,0.242,0.57,0,WASP
PYC-2022-1102,PYC Star 758,2022,Radial Velocity,0.998,0.695,0.676,0.0213,4486.0,0.88,1.292,26.7,0.398,0.939,0,WASP
PYC-2020-1103,PYC Star 883,2020,Radial Velocity,2419.549,1.0,1.198,3.1591,5306.0,0.416,0.718,1.1,0.263,0.621,0,TESS
PYC-2013-1104,PYC Star 738,2013,Transit,1.249,0.575,0.333,0.0236,4673.0,0.748,1.129,722.7,0.367,0.866,0,TESS
PYC-2014-1105,PYC Star 080,2014,Radial Velocity,342.055,1.51,1.48,0.7046,5293.0,1.013,0.399,95.5,0.638,1.505,1,Other
PYC-2004-1106,PYC Star 791,2004,Transit,6.814,0.978,0.709,0.0562,5360.0,0.442,0.509,32.0,0.285,0.673,0,K2
PYC-2006-1107,PYC Star 545,2006,Transit,48.255,0.845,0.215,0.2771,4593.0,0.737,1.218,23.4,0.349,0.824,0,Kepler
PYC-2012-1108,PYC Star 462,2012,Astrometry,963.531,3.9,32.055,1.8184,5786.0,1.026,0.864,154.3,0.771,1.821,0,Gaia
PYC-2013-1109,PYC Star 228,2013,Transit,1697.33,10.983,172.152,2.5208,4594.0,0.955,0.742,153.4,0.453,1.068,0,OGLE
PYC-2017-1110,PYC Star 456,2017,Transit,3.412,2.986,33.458,0.0441,4819.0,1.048,0.982,290.6,0.547,1.291,0,Kepler
PYC-2013-1111,PYC Star 720,2013,Transit,1359.204,1.25,3.888,2.293,3920.0,0.58,0.871,546.5,0.2,0.473,0,KMT
PYC-2019-1112,PYC Star 530,2019,Transit,3.791,9.236,347.408,0.0424,4556.0,1.026,0.708,50.8,0.478,1.129,0,Kepler
PYC-2000-1113,PYC Star 092,2000,Microlensing,525.652,2.895,7.446,1.0528,6742.0,0.687,0.563,60.7,0.702,1.656,1,OGLE
PYC-2004-1114,PYC Star 680,2004,Transit Timing Variations,0.458,3.078,22.437,0.0092,3990.0,1.241,0.502,148.8,0.444,1.047,0,CoRoT
PYC-2012-1115,PYC Star 710,2012,Transit,47.437,6.208,291.976,0.2795,5194.0,0.318,1.295,117.4,0.193,0.455,0,TESS
PYC-2008-1116,PYC Star 605,2008,Transit,259.794,5.406,102.065,0.7585,4391.0,0.79,0.863,249.0,0.342,0.808,0,SPITZER
PYC-2017-1117,PYC Star 181,2017,Radial Velocity,712.853,0.76,0.884,1.7488,2807.0,0.941,1.404,150.5,0.167,0.393,0,OGLE
PYC-2002-1118,PYC Star 266,2002,Transit,726.919,9.774,294.329,1.5043,5303.0,1.652,0.859,52.0,1.044,2.463,0,Kepler
PYC-2010-1119,PYC Star 410,2010,Radial Velocity,5.757,1.703,2.583,0.0655,4299.0,0.936,1.132,104.2,0.389,0.917,0,WASP
PYC-2017-1120,PYC Star 782,2017,Transit,809.221,2.855,14.758,1.6748,5087.0,0.98,0.957,96.8,0.569,1.344,0,HAT-P
PYC-2020-1121,PYC Star 732,2020,Transit,7.181,4.366,17.617,0.0732,5691.0,1.066,1.016,219.3,0.775,1.83,0,TESS
PYC-2020-1122,PYC Star 086,2020,Radial Velocity,3.22,13.571,2731.869,0.0431,5011.0,1.582,1.033,9.4,0.892,2.106,0,Kepler
PYC-2004-1123,PYC Star 061,2004,Transit,0.405,1.721,4.4,0.0102,5095.0,0.758,0.856,99.6,0.442,1.043,0,Kepler
PYC-2010-1124,PYC Star 045,2010,Transit,3.277,3.008,27.032,0.0374,4019.0,0.479,0.65,152.0,0.174,0.41,0,Other
PYC-2006-1125,PYC Star 835,2006,Transit,1.151,1.67,3.01,0.0235,5436.0,0.439,1.308,84.9,0.292,0.688,0,TESS
PYC-2008-1126,PYC Star 777,2008,Transit,164.999,0.475,0.067,0.709,4629.0,1.214,1.747,130.5,0.584,1.379,1,TESS
PYC-2013-1127,PYC Star 196,2013,Transit,1.456,2.126,14.503,0.0305,3001.0,0.995,1.787,34.9,0.201,0.475,0,TESS
PYC-2019-1128,PYC Star 824,2019,Transit,74.209,2.766,8.034,0.324,5545.0,0.802,0.824,208.6,0.554,1.307,0,Kepler
PYC-2018-1129,PYC Star 451,2018,Pulsar Timing,1.236,1.354,2.616,0.0207,5820.0,0.691,0.774,14.4,0.526,1.241,0,Kepler
PYC-2021-1130,PYC Star 282,2021,Astrometry,214.647,0.7,0.493,0.6577,6133.0,0.976,0.824,256.8,0.825,1.947,0,Kepler
PYC-2017-1131,PYC Star 661,2017,Transit,5.112,0.627,0.308,0.0569,6754.0,0.989,0.94,69.4,1.014,2.392,0,Kepler
PYC-2010-1132,PYC Star 063,2010,Transit,6.285,5.954,69.855,0.0662,5496.0,1.117,0.982,60.2,0.758,1.789,0,HIRES
PYC-2015-1133,PYC Star 112,2015,Radial Velocity,121.225,2.212,7.312,0.4267,5263.0,0.546,0.705,39.4,0.34,0.802,1,Kepler
PYC-2008-1134,PYC Star 231,2008,Transit Timing Variations,1739.925,0.91,0.487,2.3822,5782.0,0.407,0.596,242.6,0.306,0.721,0,Kepler
PYC-2023-1135,PYC Star 548,2023,Transit,2783.395,1.64,5.428,3.8951,4002.0,0.597,1.018,297.2,0.215,0.507,0,TESS
PYC-2013-1136,PYC Star 754,2013,Transit,9.693,12.512,948.775,0.0589,3295.0,0.49,0.291,88.5,0.12,0.282,0,HIRES
PYC-2019-1137,PYC Star 464,2019,Transit,1858.375,1.437,2.539,2.9237,4371.0,0.479,0.965,47.8,0.205,0.485,0,Kepler
PYC-2021-1138,PYC Star 396,2021,Transit,94.372,1.528,2.266,0.3633,5950.0,1.824,0.718,278.7,1.45,3.423,0,Kepler
PYC-2018-1139,PYC Star 527,2018,Transit,1302.211,1.442,7.43,2.5562,4205.0,0.324,1.314,6.0,0.129,0.304,0,WASP
PYC-2004-1140,PYC Star 011,2004,Transit,0.513,4.741,29.82,0.0142,5219.0,1.112,1.443,14.7,0.68,1.606,0,TESS
PYC-2008-1141,PYC Star 596,2008,Radial Velocity,0.538,3.368,10.857,0.0147,5316.0,1.354,1.455,90.1,0.859,2.028,0,TESS
PYC-2011-1142,PYC Star 724,2011,Radial Velocity,0.778,5.629,85.759,0.0159,5020.0,1.404,0.886,97.8,0.795,1.875,0,Kepler
PYC-2002-1143,PYC Star 379,2002,Radial Velocity,523.76,8.313,216.42,1.1139,3650.0,1.02,0.672,221.5,0.305,0.72,0,KMT
PYC-2009-1144,PYC Star 583,2009,Transit,1.37,13.493,1501.772,0.0219,5108.0,1.63,0.752,48.0,0.956,2.255,0,TESS
PYC-2017-1145,PYC Star 269,2017,Transit,1.933,1.025,1.473,0.0314,4421.0,2.008,1.106,236.9,0.882,2.08,0,OGLE
PYC-2015-1146,PYC Star 842,2015,Radial Velocity,74.22,4.377,47.142,0.2853,6333.0,0.786,0.562,101.4,0.708,1.67,0,Other
PYC-1996-1147,PYC Star 166,1996,Radial Velocity,2052.208,0.836,0.807,3.7185,5823.0,1.101,1.629,62.7,0.839,1.979,0,HAT-P
PYC-2010-1148,PYC Star 124,2010,Transit,63.046,5.157,90.575,0.2983,4452.0,1.598,0.891,60.4,0.712,1.679,0,Kepler
PYC-2019-1149,PYC Star 845,2019,Radial Velocity,276.003,1.708,11.508,0.8795,6389.0,0.611,1.191,15.0,0.56,1.322,1,WASP
PYC-2000-1150,PYC Star 456,2000,Transit,2.136,10.705,539.489,0.0264,5109.0,0.806,0.536,94.1,0.473,1.116,0,TESS
PYC-2012-1151,PYC Star 361,2012,Radial Velocity,1394.892,4.843,43.003,2.1931,3296.0,0.679,0.723,311.1,0.166,0.391,0,Kepler
PYC-2017-1152,PYC Star 734,2017,Transit,0.659,2.617,13.466,0.0119,4730.0,1.107,0.513,2.8,0.557,1.313,0,Kepler
PYC-2009-1153,PYC Star 254,2009,Transit,4.989,3.575,7.411,0.0644,6272.0,0.383,1.43,47.8,0.339,0.799,0,Kepler
PYC-2010-1154,PYC Star 266,2010,Transit,22.923,12.78,741.085,0.155,4062.0,1.718,0.945,117.2,0.637,1.503,0,SPITZER
PYC-2017-1155,PYC Star 048,2017,Transit,3.009,1.128,2.361,0.0436,4739.0,1.144,1.221,96.8,0.577,1.362,0,OGLE
PYC-2022-1156,PYC Star 466,2022,Transit,149.339,11.842,834.889,0.555,3576.0,1.174,1.022,191.1,0.337,0.796,0,WASP
PYC-2013-1157,PYC Star 676,2013,Transit,170.774,14.359,1183.986,0.6362,3719.0,0.311,1.178,114.2,0.097,0.228,0,HAT-P
PYC-2002-1158,PYC Star 887,2002,Transit,2.649,1.196,2.202,0.036,4049.0,0.564,0.889,92.9,0.208,0.49,0,TESS
PYC-2004-1159,PYC Star 475,2004,Radial Velocity,0.432,12.689,1283.782,0.0109,3695.0,1.76,0.931,176.9,0.54,1.274,0,KMT
PYC-2004-1160,PYC Star 068,2004,Transit,0.776,9.368,685.078,0.0164,4244.0,0.831,0.968,99.4,0.336,0.793,0,Kepler
PYC-2005-1161,PYC Star 172,2005,Transit,0.402,2.782,17.88,0.0112,6364.0,0.414,1.153,22.3,0.377,0.89,0,Kepler
PYC-2020-1162,PYC Star 253,2020,Radial Velocity,1289.781,10.111,349.828,2.4388,4768.0,0.994,1.163,112.4,0.508,1.198,0,TESS
PYC-2017-1163,PYC Star 804,2017,Transit,102.578,0.553,0.067,0.5953,5507.0,1.222,2.675,102.9,0.832,1.964,0,OGLE
PYC-2005-1164,PYC Star 523,2005,Transit,1.376,0.801,0.916,0.0295,5782.0,1.143,1.801,263.9,0.859,2.027,0,OGLE
PYC-2019-1165,PYC Star 840,2019,Radial Velocity,0.913,2.077,8.653,0.015,3802.0,0.841,0.537,27.8,0.273,0.645,0,Other
PYC-2017-1166,PYC Star 759,2017,Radial Velocity,589.237,4.253,46.527,1.3527,4052.0,1.5,0.951,223.8,0.553,1.306,0,HAT-P
PYC-2006-1167,PYC Star 792,2006,Transit,555.761,1.588,2.36,1.2617,5489.0,0.656,0.868,242.5,0.444,1.048,0,Kepler
PYC-2008-1168,PYC Star 252,2008,Radial Velocity,1569.325,4.18,66.77,3.0686,4229.0,1.148,1.565,30.7,0.461,1.088,0,Kepler
PYC-2007-1169,PYC Star 505,2007,Transit,1.657,0.851,0.578,0.0264,5430.0,0.956,0.895,38.9,0.633,1.495,0,TESS
PYC-2024-1170,PYC Star 055,2024,Transit,42.258,9.456,338.395,0.2507,6310.0,0.848,1.176,17.8,0.758,1.789,0,WASP
PYC-2008-1171,PYC Star 336,2008,Radial Velocity,1.182,1.299,1.92,0.0167,3490.0,0.759,0.441,312.8,0.208,0.49,0,TESS
PYC-2009-1172,PYC Star 282,2009,Transit,484.409,1.591,4.191,1.0117,4479.0,0.771,0.589,119.4,0.347,0.82,0,Kepler
PYC-2011-1173,PYC Star 146,2011,Radial Velocity,15.866,1.597,1.9,0.1577,4622.0,0.913,2.08,124.7,0.438,1.034,0,TESS
PYC-2016-1174,PYC Star 056,2016,Transit,198.805,0.759,0.646,0.6706,4326.0,0.789,1.018,67.7,0.332,0.783,1,OGLE
PYC-1997-1175,PYC Star 340,1997,Radial Velocity,0.524,4.321,31.327,0.0113,4253.0,1.252,0.705,18.6,0.509,1.2,0,Kepler
PYC-2007-1176,PYC Star 064,2007,Transit,413.609,13.767,648.766,1.1176,4357.0,0.707,1.089,176.2,0.302,0.712,0,CoRoT
PYC-2016-1177,PYC Star 551,2016,Transit,3.1,1.016,1.622,0.0368,4786.0,1.823,0.692,298.1,0.938,2.214,0,Kepler
PYC-2008-1178,PYC Star 250,2008,Transit,737.868,11.927,382.728,1.5461,4948.0,0.693,0.906,35.1,0.381,0.9,0,TESS
PYC-2003-1179,PYC Star 204,2003,Transit,2.1,12.928,1207.329,0.0271,5658.0,1.362,0.601,309.4,0.979,2.311,0,WASP
PYC-2017-1180,PYC Star 100,2017,Radial Velocity,461.036,3.437,26.064,1.0653,4777.0,1.388,0.759,52.9,0.712,1.68,0,Kepler
PYC-2022-1181,PYC Star 418,2022,Transit,1.324,7.183,73.874,0.0225,5806.0,0.97,0.864,14.2,0.734,1.733,0,HAT-P
PYC-2017-1182,PYC Star 152,2017,Transit,148.882,1.37,4.481,0.6265,4267.0,0.932,1.48,29.7,0.381,0.899,1,WASP
PYC-2010-1183,PYC Star 516,2010,Transit,418.538,1.57,3.773,1.156,3719.0,0.648,1.176,135.0,0.201,0.475,0,K2
PYC-2015-1184,PYC Star 887,2015,Transit,12.553,5.638,109.295,0.1139,4526.0,0.713,1.25,277.3,0.328,0.774,0,HIRES
PYC-2019-1185,PYC Star 658,2019,Radial Velocity,3.539,13.104,1330.475,0.0453,5216.0,0.994,0.991,46.5,0.607,1.433,0,HAT-P
PYC-2001-1186,PYC Star 105,2001,Transit,8.652,10.24,896.124,0.0908,5574.0,0.882,1.334,75.3,0.616,1.453,0,TESS
PYC-2010-1187,PYC Star 083,2010,Pulsar Timing,5.641,5.362,87.088,0.056,6114.0,1.533,0.737,22.3,1.287,3.038,0,Kepler
PYC-2011-1188,PYC Star 787,2011,Transit,113.562,0.505,0.23,0.4213,5061.0,0.734,0.774,231.9,0.422,0.996,0,TESS
PYC-2015-1189,PYC Star 780,2015,Transit,0.595,11.722,724.41,0.0145,5478.0,0.754,1.153,214.4,0.508,1.199,0,K2
PYC-2022-1190,PYC Star 326,2022,Transit,0.579,2.225,6.737,0.0132,6032.0,0.426,0.907,23.3,0.348,0.821,0,Kepler
PYC-2009-1191,PYC Star 411,2009,Transit,5.214,6.188,51.778,0.0588,4099.0,1.202,0.995,163.5,0.454,1.071,0,CoRoT
PYC-2019-1192,PYC Star 340,2019,Radial Velocity,4.735,1.118,1.487,0.0541,4611.0,1.154,0.944,329.0,0.551,1.301,0,SPITZER
PYC-2012-1193,PYC Star 524,2012,Transit Timing Variations,1.942,3.965,71.613,0.0353,7294.0,1.397,1.551,219.3,1.67,3.94,0,Kepler
PYC-2014-1194,PYC Star 188,2014,Radial Velocity,239.752,3.041,24.137,0.8796,5571.0,1.433,1.579,99.6,0.999,2.358,0,HAT-P
PYC-2014-1195,PYC Star 846,2014,Transit,0.494,2.045,3.767,0.0114,5260.0,1.284,0.803,111.6,0.798,1.883,0,CoRoT
PYC-2002-1196,PYC Star 364,2002,Transit,1525.901,1.795,7.925,2.1125,5604.0,1.308,0.54,58.9,0.923,2.178,1,WASP
PYC-2009-1197,PYC Star 152,2009,Transit,344.642,0.467,0.118,0.8854,3598.0,1.184,0.78,165.8,0.344,0.813,0,KMT
PYC-2002-1198,PYC Star 271,2002,Transit,14.573,5.114,24.459,0.1052,4218.0,1.269,0.731,237.0,0.507,1.197,0,K2
PYC-2015-1199,PYC Star 796,2015,Radial Velocity,852.086,1.433,4.241,1.9382,3889.0,0.393,1.338,155.8,0.133,0.315,0,TESS
PYC-2018-1200,PYC Star 260,2018,Transit,99.413,1.256,1.128,0.4676,5177.0,0.549,1.38,54.0,0.33,0.78,1,Kepler
PYC-2010-1201,PYC Star 724,2010,Transit,64.824,3.825,79.705,0.28,4468.0,0.51,0.697,21.1,0.229,0.54,0,Kepler
PYC-2009-1202,PYC Star 689,2009,Radial Velocity,6.532,2.126,12.609,0.0626,4886.0,1.594,0.768,20.9,0.855,2.017,0,TESS
PYC-2019-1203,PYC Star 894,2019,Transit,148.467,2.43,8.972,0.4618,4520.0,0.633,0.596,422.7,0.29,0.685,1,Kepler
PYC-2012-1204,PYC Star 138,2012,Transit,1.391,5.087,86.415,0.0248,3336.0,0.68,1.048,226.5,0.17,0.401,0,Kepler
PYC-2018-1205,PYC Star 354,2018,Transit,43.259,1.839,16.385,0.2399,5596.0,0.903,0.984,41.5,0.635,1.499,0,Kepler
PYC-2011-1206,PYC Star 757,2011,Transit,1.127,1.788,7.471,0.0232,3214.0,0.514,1.318,16.5,0.119,0.282,0,Kepler
PYC-2018-1207,PYC Star 115,2018,Transit,21.234,1.741,4.765,0.159,4145.0,1.068,1.19,67.9,0.412,0.973,0,K2
PYC-2015-1208,PYC Star 031,2015,Transit,97.757,3.136,82.78,0.446,3616.0,0.345,1.238,77.7,0.101,0.239,0,Kepler
PYC-2007-1209,PYC Star 013,2007,Transit,1.602,1.772,4.694,0.0224,4008.0,0.53,0.583,116.4,0.191,0.451,0,Kepler
PYC-2004-1210,PYC Star 074,2004,Radial Velocity,2.903,0.892,0.993,0.037,4982.0,0.984,0.803,22.9,0.549,1.295,0,WASP
PYC-2013-1211,PYC Star 713,2013,Radial Velocity,566.87,1.017,0.653,1.4974,5912.0,0.515,1.394,244.4,0.404,0.954,0,WASP
PYC-2010-1212,PYC Star 314,2010,Transit,3.917,1.329,0.906,0.0457,3395.0,1.615,0.828,137.7,0.418,0.987,0,Gaia
PYC-2009-1213,PYC Star 123,2009,Transit,0.938,4.06,33.088,0.0155,4299.0,0.919,0.566,167.4,0.381,0.9,0,SPITZER
PYC-2020-1214,PYC Star 633,2020,Transit,7.647,1.92,5.559,0.0835,3226.0,1.498,1.327,241.2,0.35,0.826,0,KMT
PYC-2017-1215,PYC Star 276,2017,Transit,1681.84,7.867,251.529,2.5875,4255.0,1.057,0.817,182.4,0.43,1.015,0,WASP
PYC-2017-1216,PYC Star 125,2017,Transit,195.214,1.556,1.553,0.7455,4865.0,0.895,1.451,40.9,0.476,1.123,1,Kepler
PYC-1994-1217,PYC Star 888,1994,Transit,67.905,1.595,4.687,0.325,5490.0,0.575,0.994,3.2,0.389,0.919,0,Kepler
PYC-2017-1218,PYC Star 526,2017,Transit,722.333,1.64,2.389,1.5254,2893.0,1.367,0.908,11.1,0.257,0.607,0,Gaia
PYC-2009-1219,PYC Star 398,2009,Transit,144.653,5.96,140.539,0.6323,5295.0,1.098,1.611,252.6,0.692,1.632,0,Gaia
PYC-2015-1220,PYC Star 829,2015,Transit,556.286,1.622,5.611,1.1371,3925.0,2.3,0.634,30.6,0.796,1.878,1,TESS
PYC-1999-1221,PYC Star 208,1999,Transit,140.794,0.458,0.108,0.6261,3705.0,1.307,1.652,46.8,0.403,0.951,1,TESS
PYC-2006-1222,PYC Star 531,2006,Radial Velocity,893.536,12.799,467.084,1.6851,4861.0,0.753,0.799,6.2,0.399,0.943,0,Kepler
PYC-2012-1223,PYC Star 678,2012,Transit,104.744,12.935,1681.976,0.4432,5364.0,1.025,1.058,158.6,0.663,1.564,0,Kepler
PYC-2012-1224,PYC Star 006,2012,Transit,4.251,4.032,58.056,0.0524,4710.0,1.088,1.062,5.8,0.542,1.28,0,TESS
PYC-2010-1225,PYC Star 245,2010,Radial Velocity,0.577,9.769,404.234,0.0129,3816.0,1.519,0.861,49.6,0.497,1.173,0,Kepler
PYC-2019-1226,PYC Star 087,2019,Transit,1.024,6.3,249.596,0.0182,4709.0,1.631,0.766,60.1,0.813,1.918,0,TESS
PYC-2008-1227,PYC Star 478,2008,Transit,38.71,2.047,6.718,0.2145,4147.0,0.837,0.879,78.3,0.323,0.763,0,OGLE
PYC-2013-1228,PYC Star 612,2013,Microlensing,2331.965,1.951,4.168,3.0574,5344.0,0.521,0.701,114.7,0.334,0.788,0,OGLE
PYC-2003-1229,PYC Star 142,2003,Transit,350.768,1.34,1.297,1.2238,5768.0,0.391,1.987,36.0,0.292,0.689,0,KMT
PYC-2015-1230,PYC Star 128,2015,Transit,404.527,7.088,154.14,1.012,5710.0,0.539,0.845,191.2,0.395,0.932,0,Kepler
PYC-2016-1231,PYC Star 415,2016,Transit,149.374,1.899,7.794,0.6307,4782.0,0.69,1.5,70.5,0.354,0.836,1,TESS
PYC-2014-1232,PYC Star 358,2014,Transit,1268.037,9.051,615.485,2.5847,5810.0,1.771,1.433,36.2,1.343,3.17,0,CoRoT
PYC-2014-1233,PYC Star 098,2014,Transit,283.146,4.738,57.763,0.8804,3881.0,1.783,1.135,57.4,0.603,1.424,0,TESS
PYC-2018-1234,PYC Star 613,2018,Transit,4.011,1.946,10.354,0.0486,6405.0,1.386,0.954,291.0,1.278,3.015,0,Other
PYC-2013-1235,PYC Star 696,2013,Transit,34.481,0.398,0.082,0.2121,3876.0,1.566,1.07,384.3,0.528,1.247,0,Kepler
PYC-2018-1236,PYC Star 386,2018,Transit,14.754,8.173,159.381,0.1259,2973.0,0.655,1.222,188.1,0.13,0.307,0,Kepler
PYC-2008-1237,PYC Star 329,2008,Transit,1.75,4.411,24.668,0.0288,6029.0,0.455,1.036,510.2,0.372,0.877,0,K2
PYC-2002-1238,PYC Star 145,2002,Transit,2.909,1.64,2.81,0.0332,4161.0,0.572,0.578,6.7,0.223,0.525,0,TESS
PYC-2012-1239,PYC Star 287,2012,Transit,5.094,2.694,6.973,0.0469,4905.0,0.36,0.529,12.5,0.195,0.459,0,K2
PYC-2022-1240,PYC Star 457,2022,Radial Velocity,1.883,10.732,1306.511,0.0356,3872.0,0.545,1.696,31.9,0.184,0.433,0,K2
PYC-2001-1241,PYC Star 894,2001,Transit,2.781,2.053,8.084,0.0285,6927.0,0.717,0.398,37.5,0.773,1.823,0,Kepler
PYC-2023-1242,PYC Star 167,2023,Transit,1422.789,11.121,500.291,2.5329,6440.0,0.97,1.071,249.3,0.904,2.133,0,TESS
PYC-2005-1243,PYC Star 746,2005,Transit,8.553,11.82,1454.617,0.0796,6192.0,0.957,0.921,39.8,0.824,1.944,0,WASP
PYC-2011-1244,PYC Star 452,2011,Transit,643.781,0.698,0.205,1.4868,4880.0,0.66,1.058,173.9,0.353,0.833,0,Kepler
PYC-2007-1245,PYC Star 498,2007,Transit,0.711,3.752,29.064,0.0136,5683.0,1.163,0.671,34.8,0.843,1.99,0,KMT
PYC-2018-1246,PYC Star 270,2018,Transit,2550.536,0.3,0.119,3.8059,4752.0,0.666,1.131,4.6,0.338,0.797,0,CoRoT
PYC-2017-1247,PYC Star 849,2017,Transit,367.853,6.658,128.674,1.0292,5810.0,0.904,1.075,8.8,0.686,1.618,0,Kepler
PYC-2010-1248,PYC Star 058,2010,Radial Velocity,1305.09,0.64,1.063,3.2255,4430.0,0.546,2.628,22.8,0.241,0.568,0,Kepler
PYC-2020-1249,PYC Star 191,2020,Microlensing,43.651,11.844,915.532,0.2463,6226.0,1.469,1.047,53.6,1.279,3.019,0,Kepler
PYC-2022-1250,PYC Star 286,2022,Transit,115.062,0.795,1.06,0.5418,4385.0,0.908,1.603,97.6,0.392,0.926,1,Kepler
PYC-2016-1251,PYC Star 516,2016,Transit,10.006,3.072,36.061,0.0763,4487.0,1.222,0.592,77.8,0.553,1.304,0,CoRoT
PYC-2010-1252,PYC Star 381,2010,Transit,18.889,1.698,3.963,0.1563,4380.0,0.521,1.429,47.5,0.224,0.53,0,Gaia
PYC-2013-1253,PYC Star 836,2013,Transit,324.515,3.292,17.347,0.9489,4973.0,0.973,1.082,109.4,0.541,1.277,0,Kepler
PYC-2008-1254,PYC Star 166,2008,Transit,0.625,0.435,0.108,0.0148,4451.0,1.164,1.099,39.6,0.518,1.223,0,Kepler
PYC-2006-1255,PYC Star 513,2006,Radial Velocity,0.554,1.096,0.775,0.0136,5239.0,0.359,1.104,176.6,0.221,0.522,0,KMT
PYC-2003-1256,PYC Star 436,2003,Radial Velocity,982.726,3.148,19.074,2.3606,4367.0,1.522,1.817,4.7,0.652,1.539,0,TESS
PYC-2008-1257,PYC Star 277,2008,Radial Velocity,1.067,0.618,0.286,0.0211,5512.0,0.513,1.093,13.1,0.35,0.826,0,TESS
PYC-2006-1258,PYC Star 021,2006,Transit,248.94,0.535,0.458,0.7068,6167.0,0.99,0.76,92.5,0.845,1.995,0,TESS
PYC-2017-1259,PYC Star 730,2017,Astrometry,2.373,9.12,421.561,0.0324,4870.0,2.012,0.806,52.9,1.072,2.53,0,Kepler
PYC-2017-1260,PYC Star 181,2017,Transit,10.499,2.076,21.767,0.1032,6796.0,1.383,1.331,88.3,1.435,3.387,0,Kepler
PYC-2009-1261,PYC Star 125,2009,Transit,5.49,2.394,3.287,0.0642,5815.0,0.46,1.17,374.7,0.35,0.825,0,Other
PYC-2004-1262,PYC Star 513,2004,Transit,31.779,4.567,28.238,0.1642,6724.0,0.831,0.585,430.8,0.844,1.991,0,CoRoT
PYC-2009-1263,PYC Star 137,2009,Microlensing,638.887,1.728,3.471,1.5416,4745.0,1.568,1.197,28.7,0.793,1.871,1,Kepler
PYC-2024-1264,PYC Star 575,2024,Transit,988.117,0.441,0.251,1.7112,3305.0,0.623,0.685,99.7,0.153,0.361,0,Gaia
PYC-2005-1265,PYC Star 658,2005,Radial Velocity,2.901,6.755,135.878,0.0419,4164.0,0.765,1.166,41.1,0.298,0.704,0,K2
PYC-2018-1266,PYC Star 207,2018,Transit,8.137,11.498,274.699,0.0721,4256.0,0.756,0.754,234.4,0.308,0.726,0,Kepler
PYC-2010-1267,PYC Star 063,2010,Transit Timing Variations,700.106,7.438,163.151,1.4932,3942.0,1.163,0.906,2.9,0.406,0.958,0,Other
PYC-2019-1268,PYC Star 088,2019,Transit,0.89,5.902,55.522,0.017,2824.0,0.451,0.826,154.1,0.081,0.191,0,WASP
PYC-1999-1269,PYC Star 046,1999,Transit,1.135,14.061,481.062,0.0254,5722.0,1.193,1.702,232.0,0.877,2.071,0,HAT-P
PYC-2008-1270,PYC Star 436,2008,Imaging,28.871,1.272,5.076,0.193,3126.0,0.68,1.151,65.8,0.149,0.352,1,Kepler
PYC-2017-1271,PYC Star 341,2017,Transit,461.23,9.773,314.537,1.3535,5636.0,0.895,1.555,158.1,0.639,1.508,0,Kepler
PYC-2003-1272,PYC Star 700,2003,Transit,8.017,2.108,7.583,0.1099,6767.0,0.813,2.755,22.1,0.837,1.975,0,Gaia
PYC-2011-1273,PYC Star 358,2011,Transit,0.743,1.008,0.975,0.0161,4100.0,1.179,1.017,239.6,0.445,1.05,0,Kepler
PYC-2001-1274,PYC Star 586,2001,Transit,2252.195,1.791,4.012,4.0066,5149.0,0.892,1.692,222.3,0.531,1.253,0,KMT
PYC-1999-1275,PYC Star 423,1999,Transit,1739.398,0.99,0.641,2.6088,4441.0,1.721,0.783,12.8,0.763,1.8,0,HAT-P
PYC-2015-1276,PYC Star 385,2015,Transit,134.344,9.104,267.025,0.5943,5544.0,1.405,1.551,23.7,0.97,2.289,0,K2
PYC-2015-1277,PYC Star 666,2015,Transit,175.539,1.264,2.177,0.5584,3725.0,0.629,0.754,135.8,0.196,0.463,0,KMT
PYC-2012-1278,PYC Star 458,2012,Radial Velocity,1660.3,3.662,59.391,2.7382,4681.0,1.664,0.994,293.6,0.819,1.933,0,SPITZER
PYC-2014-1279,PYC Star 512,2014,Transit,125.046,2.559,18.485,0.521,5809.0,1.039,1.207,9.6,0.788,1.859,0,KMT
PYC-2019-1280,PYC Star 405,2019,Transit,454.157,8.83,156.612,1.2539,4756.0,0.972,1.275,52.2,0.494,1.165,0,TESS
PYC-2014-1281,PYC Star 642,2014,Transit,25.016,13.555,1439.219,0.1443,3334.0,1.318,0.641,153.2,0.329,0.777,0,TESS
PYC-2013-1282,PYC Star 274,2013,Transit,3.059,0.722,0.544,0.0373,5917.0,0.563,0.738,50.0,0.443,1.046,0,K2
PYC-2002-1283,PYC Star 045,2002,Transit,673.245,1.824,3.489,1.6145,3634.0,0.484,1.239,59.5,0.143,0.339,0,Kepler
PYC-2012-1284,PYC Star 381,2012,Microlensing,179.507,10.581,505.056,0.5966,4871.0,0.91,0.879,118.6,0.485,1.145,0,HIRES
PYC-1999-1285,PYC Star 284,1999,Microlensing,5.298,8.807,380.93,0.0505,5324.0,0.685,0.613,16.6,0.436,1.03,0,Other
PYC-2005-1286,PYC Star 807,2005,Transit,104.062,1.147,1.462,0.4294,4908.0,2.288,0.975,21.0,1.238,2.922,0,Kepler
PYC-2004-1287,PYC Star 869,2004,Transit,583.426,2.157,9.378,1.3476,7084.0,0.638,0.959,75.6,0.719,1.697,1,WASP
PYC-1999-1288,PYC Star 196,1999,Transit,4.463,2.658,8.252,0.0542,5460.0,0.916,1.064,17.5,0.614,1.449,0,Gaia
PYC-2012-1289,PYC Star 385,2012,Transit,379.05,11.224,1455.706,1.0903,4618.0,0.981,1.204,38.1,0.47,1.109,0,TESS
PYC-2013-1290,PYC Star 389,2013,Transit,0.763,5.56,32.987,0.0173,5342.0,1.566,1.177,30.2,1.004,2.37,0,Kepler
PYC-1999-1291,PYC Star 201,1999,Transit,105.627,8.342,331.759,0.3998,4989.0,0.575,0.764,85.7,0.322,0.759,0,Kepler
PYC-2007-1292,PYC Star 009,2007,Transit,2971.591,0.373,0.093,3.8558,4840.0,0.436,0.866,102.7,0.229,0.541,0,TESS
PYC-2011-1293,PYC Star 892,2011,Transit,910.574,4.0,50.685,2.0488,5019.0,1.686,1.384,73.6,0.954,2.252,0,SPITZER
PYC-2004-1294,PYC Star 587,2004,Transit,989.21,0.487,0.108,1.8237,4409.0,0.933,0.827,36.0,0.408,0.962,0,Kepler
PYC-2018-1295,PYC Star 370,2018,Transit,173.175,6.923,274.564,0.5806,4992.0,1.296,0.871,118.4,0.725,1.712,0,K2
PYC-2020-1296,PYC Star 166,2020,Transit,24.501,3.536,25.27,0.1385,4345.0,1.323,0.591,149.6,0.561,1.325,0,OGLE
PYC-2009-1297,PYC Star 431,2009,Transit,168.388,1.742,2.341,0.5948,3093.0,1.431,0.99,36.7,0.308,0.726,1,OGLE
PYC-2012-1298,PYC Star 245,2012,Radial Velocity,7.026,2.556,6.634,0.0747,5826.0,0.759,1.128,27.9,0.579,1.366,0,Gaia
PYC-2011-1299,PYC Star 202,2011,Transit,55.472,1.509,3.102,0.2261,4291.0,0.672,0.501,178.7,0.278,0.656,0,OGLE
PYC-2006-1300,PYC Star 861,2006,Transit,49.357,2.618,5.495,0.2324,4927.0,0.367,0.688,8.9,0.2,0.472,1,TESS
PYC-2002-1301,PYC Star 591,2002,Transit,51.174,3.218,51.36,0.2285,4116.0,0.575,0.608,11.9,0.219,0.517,0,SPITZER
PYC-1997-1302,PYC Star 278,1997,Radial Velocity,15.796,6.158,190.668,0.1351,4143.0,0.926,1.318,81.4,0.357,0.842,0,TESS
PYC-2019-1303,PYC Star 187,2019,Transit,9.315,0.697,0.976,0.0693,3865.0,0.656,0.512,257.0,0.22,0.52,0,TESS
PYC-2012-1304,PYC Star 692,2012,Radial Velocity,7.624,0.844,1.52,0.0751,5653.0,0.539,0.973,169.8,0.387,0.913,0,Kepler
PYC-2023-1305,PYC Star 549,2023,Microlensing,2.971,0.93,0.694,0.044,5871.0,0.921,1.286,170.3,0.713,1.682,0,TESS
PYC-2007-1306,PYC Star 769,2007,Transit,20.02,8.213,154.481,0.1475,4823.0,1.647,1.068,80.2,0.861,2.031,0,Kepler
PYC-2004-1307,PYC Star 681,2004,Transit,1.144,2.961,4.409,0.0203,4317.0,0.878,0.857,118.7,0.367,0.867,0,HIRES
PYC-2013-1308,PYC Star 362,2013,Transit,1246.559,2.346,7.492,2.3603,3276.0,0.541,1.129,101.9,0.13,0.308,0,Kepler
PYC-2002-1309,PYC Star 587,2002,Microlensing,0.745,1.513,7.094,0.0181,5516.0,1.596,1.438,96.9,1.091,2.574,0,K2
PYC-2019-1310,PYC Star 343,2019,Transit,703.248,5.017,43.803,1.5284,4191.0,0.635,0.963,353.2,0.251,0.592,0,Other
PYC-2013-1311,PYC Star 082,2013,Microlensing,3.443,3.486,23.14,0.0344,3794.0,1.751,0.457,272.5,0.566,1.337,0,OGLE
PYC-2001-1312,PYC Star 029,2001,Transit,809.723,1.153,1.097,1.9438,4826.0,0.799,1.494,18.0,0.418,0.987,0,HAT-P
PYC-2001-1313,PYC Star 072,2001,Transit,247.25,1.68,4.65,0.8078,4499.0,0.943,1.15,96.1,0.429,1.012,1,WASP
PYC-2007-1314,PYC Star 827,2007,Transit,1482.16,0.641,0.599,2.5343,3434.0,1.817,0.988,193.6,0.481,1.136,0,Kepler
PYC-2007-1315,PYC Star 758,2007,Transit,942.467,4.025,17.309,1.4932,3557.0,0.49,0.5,12.9,0.139,0.329,0,Kepler
PYC-2000-1316,PYC Star 352,2000,Transit,208.361,7.03,81.17,0.6643,5103.0,0.561,0.901,67.1,0.328,0.775,0,OGLE
PYC-2024-1317,PYC Star 814,2024,Transit,1.548,1.105,2.725,0.0236,4210.0,0.777,0.736,96.3,0.309,0.73,0,HIRES
PYC-2001-1318,PYC Star 663,2001,Radial Velocity,53.659,0.953,1.273,0.2416,5259.0,0.845,0.653,6.2,0.525,1.239,0,K2
PYC-2011-1319,PYC Star 122,2011,Radial Velocity,8.297,2.333,7.945,0.0789,4932.0,2.955,0.953,20.1,1.615,3.811,0,Kepler
PYC-2007-1320,PYC Star 203,2007,Transit,1082.667,0.87,1.633,1.9384,5743.0,0.604,0.829,83.2,0.447,1.055,0,Kepler
PYC-2000-1321,PYC Star 338,2000,Transit,959.398,3.287,11.153,1.8021,4051.0,0.5,0.848,50.4,0.184,0.435,0,TESS
PYC-1997-1322,PYC Star 724,1997,Transit,6.591,0.468,0.221,0.075,5009.0,0.591,1.295,116.7,0.333,0.786,0,Kepler
PYC-2020-1323,PYC Star 589,2020,Radial Velocity,160.301,4.11,38.125,0.595,5374.0,0.999,1.094,68.1,0.648,1.53,0,Kepler
PYC-2007-1324,PYC Star 354,2007,Transit,8.183,7.425,248.606,0.075,4236.0,1.123,0.841,383.5,0.453,1.069,0,K2
PYC-2003-1325,PYC Star 752,2003,Radial Velocity,169.859,3.623,8.612,0.5582,5814.0,0.655,0.804,97.5,0.497,1.174,1,TESS
PYC-2011-1326,PYC Star 293,2011,Transit,95.686,3.479,22.452,0.3883,3300.0,0.909,0.853,24.9,0.222,0.525,0,CoRoT
PYC-2019-1327,PYC Star 818,2019,Transit,38.196,10.531,658.221,0.2156,4050.0,2.16,0.917,132.2,0.796,1.878,0,K2
PYC-2004-1328,PYC Star 649,2004,Transit,1013.765,1.093,1.22,2.1143,3267.0,0.914,1.227,20.0,0.219,0.517,0,K2
PYC-2009-1329,PYC Star 629,2009,Transit,3.594,7.287,327.538,0.0407,4138.0,1.04,0.694,82.8,0.4,0.944,0,Kepler
PYC-2016-1330,PYC Star 079,2016,Radial Velocity,492.371,4.482,91.033,1.4467,4661.0,2.106,1.666,159.6,1.028,2.425,0,CoRoT
PYC-2013-1331,PYC Star 133,2013,Transit,187.908,4.206,25.934,0.6874,5548.0,0.657,1.227,31.4,0.455,1.073,0,Kepler
PYC-2011-1332,PYC Star 885,2011,Transit,4.92,3.375,35.671,0.0411,4660.0,0.638,0.384,142.1,0.311,0.735,0,HIRES
PYC-2020-1333,PYC Star 691,2020,Imaging,17.223,1.354,1.339,0.1318,4264.0,0.729,1.03,35.5,0.298,0.702,0,Kepler
PYC-1998-1334,PYC Star 232,1998,Imaging,0.74,2.102,7.086,0.0181,3406.0,0.71,1.439,51.9,0.185,0.436,0,OGLE
PYC-2003-1335,PYC Star 773,2003,Radial Velocity,82.738,3.101,26.316,0.3888,3707.0,0.397,1.146,441.1,0.122,0.289,0,K2
PYC-2022-1336,PYC Star 277,2022,Transit,1103.295,1.19,1.034,1.9915,5079.0,0.958,0.866,58.9,0.555,1.31,0,CoRoT
PYC-2018-1337,PYC Star 316,2018,Transit,1.144,12.339,1019.021,0.0213,5593.0,0.992,0.979,139.8,0.697,1.646,0,WASP
PYC-2008-1338,PYC Star 274,2008,Radial Velocity,1.299,3.888,26.51,0.0238,4423.0,0.828,1.064,33.1,0.364,0.858,0,Kepler
PYC-2011-1339,PYC Star 445,2011,Transit,27.608,5.584,65.443,0.1956,5890.0,1.006,1.309,37.8,0.784,1.85,0,K2
PYC-2015-1340,PYC Star 685,2015,Transit,4.919,1.124,1.929,0.048,3945.0,1.011,0.609,92.3,0.353,0.834,0,Kepler
PYC-2021-1341,PYC Star 150,2021,Radial Velocity,4.733,1.976,3.868,0.0514,4449.0,0.498,0.809,35.5,0.221,0.522,0,TESS
PYC-2013-1342,PYC Star 870,2013,Transit,119.384,6.535,84.556,0.5745,4524.0,1.025,1.774,7.9,0.471,1.112,0,HIRES
PYC-2008-1343,PYC Star 274,2008,Transit,15.554,3.167,33.714,0.1224,6176.0,1.157,1.012,24.4,0.992,2.34,0,TESS
PYC-2004-1344,PYC Star 871,2004,Transit Timing Variations,750.103,1.799,4.86,1.9309,4920.0,0.439,1.707,176.2,0.239,0.563,0,WASP
PYC-2014-1345,PYC Star 782,2014,Transit,18.37,1.501,1.389,0.193,3181.0,1.739,2.843,131.3,0.395,0.933,0,Kepler
PYC-2002-1346,PYC Star 493,2002,Transit,96.893,2.407,15.052,0.3898,5656.0,0.516,0.842,97.5,0.371,0.875,0,TESS
PYC-2002-1347,PYC Star 080,2002,Transit,13.929,11.39,455.662,0.0985,6461.0,0.539,0.658,100.1,0.506,1.194,0,HAT-P
PYC-2013-1348,PYC Star 516,2013,Transit,3.928,1.379,1.143,0.0472,4575.0,0.986,0.911,71.9,0.463,1.094,0,Kepler
PYC-2015-1349,PYC Star 686,2015,Transit,26.823,11.562,165.735,0.1994,3993.0,1.145,1.469,392.1,0.41,0.968,0,Kepler
PYC-2006-1350,PYC Star 883,2006,Radial Velocity,247.723,2.015,9.71,0.892,5578.0,1.277,1.543,73.7,0.893,2.107,0,Kepler
PYC-2021-1351,PYC Star 088,2021,Radial Velocity,1969.037,1.632,2.324,4.0077,6568.0,1.158,2.215,213.2,1.123,2.649,0,Kepler
PYC-2018-1352,PYC Star 670,2018,Transit,0.583,2.774,7.617,0.0136,5564.0,0.712,0.987,78.0,0.495,1.169,0,Other
PYC-2013-1353,PYC Star 264,2013,Transit,46.017,2.787,19.779,0.266,3339.0,0.945,1.186,163.5,0.237,0.559,0,Kepler
PYC-2023-1354,PYC Star 675,2023,Radial Velocity,116.538,0.877,1.064,0.4297,5479.0,0.78,0.779,101.5,0.526,1.242,0,Kepler
PYC-2014-1355,PYC Star 524,2014,Transit,0.859,11.963,428.064,0.0132,5164.0,0.973,0.416,173.6,0.583,1.376,0,Kepler
PYC-2020-1356,PYC Star 779,2020,Transit,653.354,0.784,0.837,1.4668,3941.0,0.928,0.986,223.8,0.324,0.764,0,Kepler
PYC-2021-1357,PYC Star 003,2021,Transit,4.692,2.341,25.508,0.0479,5960.0,0.717,0.668,83.1,0.572,1.35,0,K2
PYC-2012-1358,PYC Star 455,2012,Transit,982.647,1.339,4.191,2.0851,5195.0,0.77,1.253,105.6,0.467,1.101,0,Kepler
PYC-2018-1359,PYC Star 608,2018,Transit,55.392,3.687,53.956,0.2283,5983.0,0.391,0.518,36.4,0.315,0.742,0,Kepler
PYC-2014-1360,PYC Star 341,2014,Transit,1.554,0.731,0.517,0.0241,3845.0,1.308,0.772,53.2,0.434,1.025,0,Kepler
PYC-2017-1361,PYC Star 285,2017,Transit,292.81,5.433,65.265,0.8903,5159.0,1.029,1.098,794.0,0.615,1.452,0,HAT-P
PYC-1998-1362,PYC Star 295,1998,Transit,1.627,3.085,18.193,0.0283,3994.0,0.319,1.139,122.2,0.114,0.27,0,TESS
PYC-2024-1363,PYC Star 673,2024,Transit,247.497,7.547,238.697,0.7672,5023.0,1.286,0.984,3.0,0.729,1.72,0,HAT-P
PYC-2001-1364,PYC Star 187,2001,Transit,541.848,1.339,1.139,1.6174,6130.0,0.879,1.922,5.0,0.742,1.75,1,Kepler
PYC-2010-1365,PYC Star 877,2010,Transit,67.963,3.341,15.672,0.3914,3516.0,0.59,1.732,159.0,0.164,0.387,0,K2
PYC-2024-1366,PYC Star 189,2024,Transit,4.493,1.573,1.59,0.0492,3568.0,0.567,0.787,24.4,0.162,0.383,0,Other
PYC-2007-1367,PYC Star 375,2007,Transit,19.805,1.577,3.679,0.1728,5660.0,0.66,1.756,73.9,0.475,1.121,0,Kepler
PYC-2022-1368,PYC Star 893,2022,Transit,44.481,1.288,2.012,0.3018,4787.0,0.592,1.853,244.9,0.305,0.719,0,TESS
PYC-2010-1369,PYC Star 027,2010,Transit,152.056,10.063,291.995,0.5495,5854.0,0.629,0.958,93.4,0.484,1.142,0,Kepler
PYC-2007-1370,PYC Star 303,2007,Transit,114.435,1.89,7.885,0.4637,4073.0,1.935,1.016,264.9,0.721,1.702,0,Kepler
PYC-2015-1371,PYC Star 764,2015,Microlensing,14.247,1.472,1.62,0.1143,4846.0,1.064,0.982,369.7,0.561,1.324,0,TESS
PYC-2012-1372,PYC Star 285,2012,Transit,346.738,1.165,1.054,0.8959,5419.0,2.25,0.798,11.2,1.484,3.503,0,TESS
PYC-2010-1373,PYC Star 247,2010,Radial Velocity,390.252,0.938,1.252,0.9807,4989.0,0.996,0.826,133.7,0.557,1.315,1,K2
PYC-2024-1374,PYC Star 001,2024,Transit Timing Variations,199.704,3.393,38.124,0.7799,3190.0,1.168,1.587,76.7,0.267,0.63,0,TESS
PYC-1999-1375,PYC Star 134,1999,Transit,4.536,2.8,9.771,0.0564,7340.0,0.606,1.165,80.5,0.733,1.73,0,K2
PYC-2013-1376,PYC Star 177,2013,Transit,26.363,1.438,2.887,0.1625,4991.0,0.834,0.824,54.5,0.467,1.102,0,TESS
PYC-2002-1377,PYC Star 791,2002,Radial Velocity,19.012,2.925,11.033,0.1251,3594.0,0.868,0.723,150.0,0.252,0.594,0,KMT
PYC-2016-1378,PYC Star 492,2016,Transit,585.032,4.555,46.697,1.2531,5083.0,1.19,0.767,206.0,0.69,1.629,0,WASP
PYC-2004-1379,PYC Star 210,2004,Transit,541.76,9.898,416.579,1.276,5186.0,0.88,0.944,13.9,0.532,1.255,0,Kepler
PYC-2003-1380,PYC Star 728,2003,Transit,908.19,0.97,1.223,2.0417,5695.0,1.054,1.377,200.0,0.768,1.812,0,Kepler
PYC-2003-1381,PYC Star 545,2003,Transit,3.147,6.575,156.87,0.038,5634.0,1.037,0.74,2.8,0.74,1.746,0,WASP
PYC-2000-1382,PYC Star 284,2000,Transit,317.956,1.912,6.183,1.0128,4608.0,0.785,1.371,40.9,0.375,0.884,0,Kepler
PYC-2024-1383,PYC Star 229,2024,Pulsar Timing,943.866,7.442,107.686,1.9269,3250.0,0.75,1.071,158.0,0.178,0.42,0,HIRES
PYC-2006-1384,PYC Star 199,2006,Imaging,1.767,0.563,0.273,0.0291,5215.0,0.666,1.051,55.2,0.407,0.96,0,OGLE
PYC-2024-1385,PYC Star 641,2024,Transit,0.571,7.62,258.656,0.0152,3322.0,1.465,1.432,161.0,0.363,0.857,0,Kepler
PYC-2013-1386,PYC Star 644,2013,Transit,1.025,1.271,2.634,0.022,5894.0,0.785,1.343,547.0,0.613,1.447,0,OGLE
PYC-2009-1387,PYC Star 584,2009,Transit,89.358,12.378,483.817,0.332,4141.0,1.044,0.612,128.5,0.402,0.949,0,Kepler
PYC-2013-1388,PYC Star 403,2013,Radial Velocity,17.218,3.361,36.947,0.115,5371.0,0.839,0.684,44.0,0.544,1.283,0,Kepler
PYC-2001-1389,PYC Star 458,2001,Transit,2.28,2.891,8.18,0.033,4209.0,1.452,0.923,45.8,0.578,1.364,0,Other
PYC-2009-1390,PYC Star 808,2009,Microlensing,44.593,2.341,7.358,0.2565,4357.0,0.368,1.133,103.9,0.157,0.37,1,HAT-P
PYC-2023-1391,PYC Star 499,2023,Radial Velocity,442.596,1.04,0.964,1.3328,4079.0,1.031,1.612,110.1,0.386,0.91,0,TESS
PYC-2015-1392,PYC Star 553,2015,Transit,828.716,1.317,1.089,1.7398,5444.0,0.512,1.023,14.7,0.341,0.804,0,KMT
PYC-2010-1393,PYC Star 205,2010,Transit,327.359,5.252,64.539,1.134,4241.0,1.073,1.815,56.3,0.434,1.023,0,Kepler
PYC-2002-1394,PYC Star 410,2002,Radial Velocity,1080.117,1.061,1.304,1.8972,5492.0,0.843,0.781,27.2,0.571,1.347,0,HAT-P
PYC-2016-1395,PYC Star 020,2016,Transit,87.764,1.011,0.413,0.363,4264.0,0.463,0.828,26.2,0.189,0.446,1,Gaia
PYC-2016-1396,PYC Star 415,2016,Transit,701.087,3.469,20.829,1.4904,4592.0,1.048,0.899,240.9,0.496,1.171,0,OGLE
PYC-2004-1397,PYC Star 720,2004,Microlensing,16.546,1.279,0.792,0.1155,4832.0,0.996,0.751,72.8,0.522,1.232,0,TESS
PYC-2019-1398,PYC Star 604,2019,Transit,804.39,6.27,328.303,1.9379,4938.0,0.811,1.5,162.1,0.444,1.049,0,K2
PYC-2013-1399,PYC Star 800,2013,Transit,1184.107,0.736,0.502,1.5856,3968.0,0.859,0.379,39.2,0.304,0.717,0,HIRES
PYC-2014-1400,PYC Star 306,2014,Transit,182.782,10.535,485.46,0.5944,5433.0,0.968,0.838,212.0,0.642,1.515,0,Kepler
PYC-2017-1401,PYC Star 700,2017,Transit,18.724,1.549,3.503,0.1578,4556.0,1.529,1.495,43.3,0.713,1.683,0,SPITZER
PYC-2018-1402,PYC Star 659,2018,Imaging,4.938,1.11,1.776,0.0547,5290.0,0.781,0.896,82.7,0.491,1.159,0,K2
PYC-2015-1403,PYC Star 637,2015,Transit,7.28,1.397,3.887,0.0833,4785.0,1.42,1.456,102.8,0.73,1.724,0,Kepler
PYC-2022-1404,PYC Star 719,2022,Transit,1.303,1.015,0.476,0.0302,5328.0,0.885,2.158,426.9,0.564,1.332,0,Kepler
PYC-2020-1405,PYC Star 425,2020,Transit,0.609,14.329,1952.915,0.0142,4430.0,1.612,1.029,27.7,0.711,1.677,0,TESS
PYC-2010-1406,PYC Star 308,2010,Imaging,16.142,0.3,0.081,0.1433,4089.0,0.81,1.506,199.2,0.304,0.718,0,Kepler
PYC-2011-1407,PYC Star 525,2011,Transit,0.585,5.35,75.749,0.0182,5184.0,0.667,2.332,168.3,0.403,0.95,0,K2
PYC-2019-1408,PYC Star 346,2019,Radial Velocity,1033.695,9.951,370.424,2.0969,4356.0,0.549,1.151,13.0,0.234,0.552,0,HIRES
PYC-2004-1409,PYC Star 622,2004,Transit,132.034,6.196,24.304,0.5046,6113.0,0.886,0.983,97.4,0.744,1.756,0,Kepler
PYC-2015-1410,PYC Star 779,2015,Radial Velocity,743.571,1.378,1.235,1.7846,4861.0,0.63,1.371,48.2,0.334,0.789,0,TESS
PYC-2012-1411,PYC Star 024,2012,Transit Timing Variations,21.096,3.963,46.509,0.1716,3564.0,1.693,1.514,7.0,0.483,1.14,0,TESS
PYC-2012-1412,PYC Star 559,2012,Radial Velocity,2.95,0.929,1.506,0.0401,4273.0,0.608,0.987,183.8,0.249,0.589,0,CoRoT
PYC-2018-1413,PYC Star 381,2018,Microlensing,5.332,2.455,14.868,0.0565,3901.0,0.66,0.844,230.2,0.226,0.532,0,TESS
PYC-1996-1414,PYC Star 095,1996,Transit,820.735,11.443,544.263,2.0962,5766.0,1.169,1.824,9.2,0.873,2.06,0,KMT
PYC-2000-1415,PYC Star 202,2000,Radial Velocity,1.187,6.307,314.559,0.0213,5496.0,1.535,0.91,47.6,1.041,2.458,0,TESS
PYC-2013-1416,PYC Star 743,2013,Transit,203.181,2.412,16.308,0.7775,4745.0,1.251,1.519,12.9,0.633,1.493,0,TESS
PYC-2005-1417,PYC Star 328,2005,Transit,2.997,5.604,72.532,0.0419,5061.0,1.449,1.096,89.7,0.834,1.968,0,Kepler
PYC-2022-1418,PYC Star 079,2022,Radial Velocity,9.346,4.798,175.601,0.1075,4721.0,0.868,1.895,42.4,0.435,1.026,0,TESS
PYC-2018-1419,PYC Star 674,2018,Imaging,0.411,7.822,121.52,0.0098,5574.0,0.874,0.743,13.8,0.61,1.439,0,Kepler
PYC-1998-1420,PYC Star 214,1998,Transit,28.745,1.601,1.629,0.1663,5268.0,2.225,0.742,92.1,1.387,3.274,0,TESS
PYC-2014-1421,PYC Star 327,2014,Transit,1.257,0.64,0.254,0.0252,5430.0,1.926,1.349,139.6,1.275,3.01,0,TESS
PYC-1999-1422,PYC Star 177,1999,Transit,857.524,5.414,55.267,1.5482,4627.0,1.241,0.673,62.0,0.597,1.409,0,HAT-P
PYC-2015-1423,PYC Star 665,2015,Transit,0.957,1.35,1.818,0.0193,4232.0,1.481,1.042,210.3,0.596,1.406,0,TESS
PYC-2007-1424,PYC Star 826,2007,Transit,3.735,1.63,5.31,0.0564,5399.0,1.324,1.719,11.7,0.867,2.046,0,CoRoT
PYC-2008-1425,PYC Star 874,2008,Transit,0.456,13.898,921.079,0.0094,6196.0,0.523,0.535,10.4,0.451,1.065,0,Kepler
PYC-2012-1426,PYC Star 068,2012,Transit,2815.274,4.155,40.405,4.0894,5795.0,0.884,1.151,20.7,0.667,1.574,0,WASP
PYC-2020-1427,PYC Star 831,2020,Transit,122.369,3.134,20.078,0.5556,6223.0,1.765,1.528,6.7,1.536,3.624,0,Gaia
PYC-2024-1428,PYC Star 571,2024,Radial Velocity,124.727,4.964,20.279,0.4871,4946.0,1.245,0.991,31.3,0.684,1.614,0,TESS
PYC-2021-1429,PYC Star 745,2021,Transit,40.99,0.871,0.327,0.2088,3927.0,0.875,0.723,1.1,0.303,0.715,0,Kepler
PYC-2020-1430,PYC Star 068,2020,Microlensing,924.333,9.245,267.761,1.801,4007.0,1.775,0.912,188.8,0.64,1.511,0,TESS
PYC-2017-1431,PYC Star 767,2017,Transit,1.448,3.476,16.744,0.0227,6042.0,1.063,0.746,24.4,0.871,2.057,0,Kepler
PYC-2010-1432,PYC Star 295,2010,Transit,472.508,7.222,152.14,1.1969,3124.0,1.264,1.025,1.0,0.277,0.654,0,TESS
PYC-2019-1433,PYC Star 355,2019,Transit,536.677,1.727,8.354,1.2514,6154.0,1.065,0.908,259.5,0.906,2.139,1,Kepler
PYC-2021-1434,PYC Star 806,2021,Transit,0.552,0.937,0.813,0.0124,4091.0,1.148,0.836,23.4,0.432,1.019,0,TESS
PYC-2018-1435,PYC Star 658,2018,Transit Timing Variations,1.307,2.25,4.253,0.0247,6531.0,1.186,1.177,18.0,1.136,2.681,0,KMT
PYC-2011-1436,PYC Star 461,2011,Transit,52.759,0.866,0.463,0.331,4736.0,1.615,1.738,147.6,0.814,1.921,0,Kepler
PYC-2013-1437,PYC Star 600,2013,Transit,0.894,0.878,1.678,0.0189,5450.0,1.713,1.122,18.4,1.143,2.698,0,TESS
PYC-2017-1438,PYC Star 320,2017,Microlensing,4.969,2.657,27.293,0.0667,6947.0,0.735,1.6,75.4,0.796,1.879,0,Kepler
PYC-2006-1439,PYC Star 884,2006,Transit Timing Variations,14.666,9.007,408.635,0.141,4503.0,1.056,1.738,133.9,0.481,1.135,0,Kepler
PYC-2004-1440,PYC Star 063,2004,Transit,1.627,2.266,3.839,0.0253,4488.0,1.595,0.814,52.5,0.721,1.703,0,CoRoT
PYC-2002-1441,PYC Star 517,2002,Transit,214.127,1.071,1.392,0.7233,4175.0,0.848,1.101,30.1,0.332,0.784,1,HAT-P
PYC-2017-1442,PYC Star 040,2017,Transit,33.148,5.227,89.269,0.1922,3898.0,0.499,0.862,155.0,0.17,0.402,0,KMT
PYC-2020-1443,PYC Star 387,2020,Transit,120.611,10.293,434.699,0.4019,4503.0,0.598,0.595,73.1,0.272,0.643,0,Kepler
PYC-2007-1444,PYC Star 458,2007,Transit,27.542,4.78,43.932,0.1861,4301.0,0.617,1.133,288.2,0.256,0.605,0,Kepler
PYC-2006-1445,PYC Star 753,2006,Transit,15.866,1.042,0.929,0.1093,3675.0,0.732,0.692,17.8,0.222,0.524,0,TESS
PYC-2009-1446,PYC Star 844,2009,Microlensing,32.367,0.948,0.632,0.2103,4611.0,0.643,1.185,79.8,0.307,0.725,0,TESS
PYC-2010-1447,PYC Star 674,2010,Transit,1223.869,0.431,0.063,1.8675,5205.0,1.43,0.58,95.6,0.87,2.054,1,HAT-P
PYC-2001-1448,PYC Star 867,2001,Transit,13.7,12.355,1365.998,0.1143,3994.0,0.795,1.062,158.0,0.285,0.672,0,HAT-P
PYC-2011-1449,PYC Star 113,2011,Transit,123.273,7.082,252.371,0.4036,4654.0,1.587,0.577,8.2,0.772,1.823,0,KMT
PYC-2008-1450,PYC Star 473,2008,Radial Velocity,681.892,0.318,0.044,1.6402,6066.0,0.541,1.266,88.5,0.447,1.056,0,Kepler
PYC-2019-1451,PYC Star 537,2019,Transit,102.05,1.281,2.272,0.4082,3522.0,0.768,0.871,98.1,0.214,0.505,1,Other
PYC-2010-1452,PYC Star 070,2010,Radial Velocity,3.007,1.711,4.907,0.0385,6539.0,0.943,0.842,16.7,0.906,2.138,0,Other
PYC-2022-1453,PYC Star 533,2022,Microlensing,1.188,10.147,1334.229,0.025,4193.0,1.296,1.483,1.6,0.512,1.208,0,Kepler
PYC-2005-1454,PYC Star 039,2005,Transit,77.937,11.552,896.177,0.3439,4981.0,1.506,0.894,7.2,0.839,1.98,0,K2
PYC-2022-1455,PYC Star 568,2022,Transit,263.488,0.445,0.185,0.8148,5951.0,0.706,1.04,35.9,0.562,1.326,1,HAT-P
PYC-2000-1456,PYC Star 200,2000,Transit,381.034,2.281,8.701,1.005,6226.0,1.407,0.933,364.2,1.225,2.892,0,TESS
PYC-2010-1457,PYC Star 847,2010,Transit,195.248,5.134,56.609,0.6988,5223.0,0.422,1.194,19.1,0.259,0.611,0,Kepler
PYC-2013-1458,PYC Star 294,2013,Microlensing,0.413,1.558,6.326,0.0122,4175.0,1.332,1.441,493.3,0.522,1.231,0,K2
PYC-2004-1459,PYC Star 542,2004,Transit,398.785,12.876,1064.265,1.1689,4095.0,0.492,1.34,330.0,0.185,0.438,0,TESS
PYC-2014-1460,PYC Star 548,2014,Radial Velocity,88.107,1.706,2.65,0.367,4283.0,1.1,0.849,182.2,0.453,1.07,0,KMT
PYC-2006-1461,PYC Star 783,2006,Transit,2699.749,14.27,1259.19,4.3693,6500.0,1.496,1.527,82.9,1.42,3.351,0,OGLE
PYC-2001-1462,PYC Star 303,2001,Transit,367.183,5.094,104.744,0.9018,4455.0,1.342,0.726,346.8,0.598,1.412,0,Gaia
PYC-2011-1463,PYC Star 323,2011,Transit,18.584,1.512,1.028,0.1259,5091.0,0.43,0.771,326.5,0.251,0.592,0,TESS
PYC-1999-1464,PYC Star 615,1999,Transit,166.795,1.321,1.301,0.5842,3861.0,0.736,0.956,333.7,0.246,0.582,0,OGLE
PYC-2011-1465,PYC Star 052,2011,Transit,97.465,0.998,1.192,0.4683,3759.0,1.243,1.443,204.5,0.395,0.931,1,Kepler
PYC-2007-1466,PYC Star 498,2007,Transit,8.119,0.597,0.1,0.069,4824.0,1.227,0.664,116.2,0.641,1.513,0,TESS
PYC-2022-1467,PYC Star 338,2022,Transit,46.722,12.808,313.298,0.2817,4508.0,1.019,1.366,56.2,0.465,1.098,0,HIRES
PYC-2011-1468,PYC Star 880,2011,Radial Velocity,2.478,4.012,32.361,0.0356,4573.0,0.334,0.981,72.5,0.157,0.371,0,OGLE
PYC-2019-1469,PYC Star 479,2019,Transit,0.876,1.837,6.211,0.017,3469.0,1.543,0.859,23.4,0.417,0.984,0,WASP
PYC-2007-1470,PYC Star 694,2007,Microlensing,277.061,2.951,21.817,0.9454,4734.0,1.672,1.468,21.5,0.842,1.986,0,Kepler
PYC-2001-1471,PYC Star 750,2001,Transit,12.319,2.79,31.794,0.0951,6194.0,0.969,0.755,48.8,0.835,1.971,0,Kepler
PYC-2016-1472,PYC Star 132,2016,Transit,339.231,3.109,19.896,1.2428,4032.0,0.998,2.226,151.9,0.364,0.86,0,WASP
PYC-2021-1473,PYC Star 569,2021,Transit,31.217,8.745,233.142,0.1901,5608.0,1.129,0.94,52.8,0.797,1.882,0,K2
PYC-2009-1474,PYC Star 612,2009,Transit,549.596,1.727,2.153,1.3363,2500.0,1.736,1.054,210.8,0.244,0.575,0,K2
PYC-2005-1475,PYC Star 398,2005,Transit,293.826,0.737,0.373,1.0356,4078.0,1.007,1.716,13.3,0.376,0.888,0,KMT
PYC-2015-1476,PYC Star 179,2015,Transit,365.691,3.082,26.593,1.0216,3081.0,0.826,1.064,13.2,0.176,0.416,0,Kepler
PYC-2014-1477,PYC Star 416,2014,Pulsar Timing,18.439,6.426,183.693,0.1569,5913.0,1.069,1.516,187.9,0.839,1.981,0,K2
PYC-2015-1478,PYC Star 046,2015,Transit,2121.722,10.611,530.177,2.573,5591.0,0.896,0.505,39.5,0.629,1.484,0,Kepler
PYC-2019-1479,PYC Star 896,2019,Transit,14.875,7.21,223.567,0.1124,3869.0,0.9,0.856,15.6,0.303,0.714,0,Kepler
PYC-2019-1480,PYC Star 080,2019,Transit,473.741,1.053,2.163,1.2457,5060.0,0.407,1.149,20.6,0.234,0.552,0,Kepler
PYC-2010-1481,PYC Star 128,2010,Transit,31.568,8.082,237.633,0.2218,5882.0,1.139,1.46,100.2,0.885,2.088,0,Kepler
PYC-2002-1482,PYC Star 124,2002,Transit,3.259,4.957,127.179,0.0471,6021.0,1.525,1.309,5.9,1.242,2.931,0,TESS
PYC-2009-1483,PYC Star 185,2009,Transit,109.431,5.069,47.32,0.4845,4435.0,1.424,1.267,51.8,0.629,1.485,0,TESS
PYC-2004-1484,PYC Star 166,2004,Transit,26.296,14.477,1004.331,0.1959,2812.0,1.381,1.45,47.1,0.245,0.579,0,TESS
PYC-2019-1485,PYC Star 563,2019,Transit,4.22,3.113,15.065,0.054,3991.0,0.879,1.181,2.8,0.315,0.742,0,KMT
PYC-2002-1486,PYC Star 101,2002,Transit Timing Variations,12.145,5.563,128.787,0.0805,5490.0,0.961,0.472,2.5,0.651,1.535,0,TESS
PYC-2016-1487,PYC Star 631,2016,Transit,1.667,6.102,66.37,0.0326,6689.0,1.538,1.657,9.1,1.546,3.649,0,CoRoT
PYC-2015-1488,PYC Star 367,2015,Radial Velocity,2672.523,0.49,0.134,3.418,4751.0,1.33,0.746,58.0,0.674,1.591,0,CoRoT
PYC-2004-1489,PYC Star 356,2004,Transit,124.29,4.108,15.551,0.5056,4254.0,1.757,1.116,85.9,0.714,1.685,0,TESS
PYC-2023-1490,PYC Star 459,2023,Transit,1.882,2.435,13.614,0.0305,6959.0,0.665,1.065,71.9,0.723,1.707,0,K2
PYC-2018-1491,PYC Star 029,2018,Radial Velocity,367.186,10.504,843.923,1.0091,5165.0,0.663,1.017,507.5,0.397,0.938,0,HIRES
PYC-2014-1492,PYC Star 450,2014,Transit,85.976,1.769,6.948,0.3351,3695.0,0.775,0.679,62.5,0.238,0.561,1,TESS
PYC-2015-1493,PYC Star 470,2015,Radial Velocity,252.342,0.48,0.222,0.6233,4693.0,0.589,0.507,76.6,0.291,0.687,1,TESS
PYC-2009-1494,PYC Star 674,2009,Transit,73.617,2.313,13.467,0.3058,5700.0,0.497,0.704,283.1,0.362,0.855,0,TESS
PYC-2013-1495,PYC Star 130,2013,Transit,0.686,8.106,327.198,0.0168,4737.0,1.111,1.335,237.1,0.56,1.322,0,OGLE
PYC-1999-1496,PYC Star 047,1999,Radial Velocity,2.453,13.205,1115.196,0.0301,5515.0,1.078,0.603,100.4,0.736,1.738,0,TESS
PYC-2017-1497,PYC Star 051,2017,Transit,381.058,10.868,694.051,0.9283,3355.0,1.005,0.735,28.6,0.254,0.6,0,TESS
PYC-2004-1498,PYC Star 863,2004,Transit,335.13,1.578,2.359,0.9914,3509.0,1.055,1.158,72.7,0.292,0.689,0,TESS
PYC-2021-1499,PYC Star 310,2021,Transit,333.713,2.282,7.727,0.8352,4139.0,0.466,0.698,105.9,0.179,0.423,0,HAT-P
PYC-2006-1500,PYC Star 213,2006,Transit,0.458,3.61,29.151,0.0109,4546.0,0.725,0.827,144.4,0.337,0.795,0,K2
PYC-2009-1501,PYC Star 122,2009,Imaging,527.313,1.644,3.081,1.2896,5101.0,0.789,1.029,55.3,0.461,1.088,0,SPITZER
PYC-2016-1502,PYC Star 231,2016,Transit,20.124,2.544,5.178,0.1496,5373.0,0.92,1.104,38.3,0.597,1.408,0,KMT
PYC-2012-1503,PYC Star 395,2012,Transit,195.003,4.553,27.763,0.5824,7020.0,0.467,0.693,321.8,0.517,1.219,0,Kepler
PYC-2012-1504,PYC Star 873,2012,Radial Velocity,4.533,12.465,792.066,0.0545,4135.0,0.593,1.051,97.6,0.228,0.537,0,K2
PYC-2002-1505,PYC Star 685,2002,Transit,383.734,1.042,1.751,1.0827,4517.0,0.74,1.15,38.3,0.339,0.8,0,HIRES
PYC-2010-1506,PYC Star 766,2010,Radial Velocity,2561.309,0.814,0.589,3.1579,4160.0,1.449,0.64,5.5,0.563,1.33,0,Kepler
PYC-2012-1507,PYC Star 043,2012,Transit,3.842,12.645,2920.054,0.0492,5771.0,1.013,1.078,437.7,0.758,1.788,0,K2
PYC-2011-1508,PYC Star 517,2011,Transit,437.395,1.7,2.507,1.0372,5821.0,1.425,0.778,23.4,1.085,2.56,0,Kepler
PYC-2018-1509,PYC Star 450,2018,Radial Velocity,88.365,3.639,35.901,0.3939,4397.0,0.852,1.044,28.7,0.37,0.873,0,Kepler
PYC-2005-1510,PYC Star 176,2005,Transit,4.574,0.646,0.613,0.0587,6659.0,0.9,1.288,69.4,0.897,2.117,0,TESS
PYC-2010-1511,PYC Star 447,2010,Transit,5.53,3.328,38.835,0.06,4162.0,1.127,0.94,5.3,0.438,1.035,0,HAT-P
PYC-1998-1512,PYC Star 526,1998,Transit,273.653,1.266,2.563,0.9177,5727.0,0.831,1.377,39.4,0.612,1.445,1,WASP
PYC-2007-1513,PYC Star 002,2007,Radial Velocity,5.057,3.642,49.181,0.0632,6109.0,0.679,1.319,494.9,0.57,1.344,0,Kepler
PYC-1997-1514,PYC Star 882,1997,Radial Velocity,0.613,0.63,0.31,0.0157,3575.0,0.46,1.374,90.9,0.132,0.312,0,TESS
PYC-2007-1515,PYC Star 664,2007,Transit,974.338,3.191,46.924,2.0161,5320.0,0.688,1.152,39.3,0.437,1.032,0,K2
PYC-2021-1516,PYC Star 833,2021,Transit,76.608,2.144,13.801,0.4014,2500.0,1.311,1.47,54.8,0.184,0.434,0,CoRoT
PYC-2019-1517,PYC Star 081,2019,Imaging,347.69,4.917,41.053,1.0122,5542.0,1.587,1.144,21.2,1.095,2.584,0,TESS
PYC-2020-1518,PYC Star 055,2020,Transit,87.014,3.892,40.216,0.3164,3809.0,0.636,0.558,104.5,0.207,0.489,0,Other
PYC-2009-1519,PYC Star 838,2009,Transit,40.12,8.196,109.474,0.2091,5311.0,0.412,0.758,33.4,0.261,0.617,0,OGLE
PYC-2012-1520,PYC Star 839,2012,Transit,385.291,2.749,29.655,1.011,5479.0,1.366,0.929,243.3,0.921,2.174,0,WASP
PYC-2021-1521,PYC Star 575,2021,Transit,0.533,1.768,4.924,0.0127,5808.0,0.929,0.97,151.2,0.704,1.661,0,TESS
PYC-2009-1522,PYC Star 181,2009,Radial Velocity,6.466,4.661,107.382,0.0708,5601.0,0.491,1.133,14.7,0.346,0.817,0,TESS
PYC-2013-1523,PYC Star 259,2013,Radial Velocity,108.029,2.692,12.434,0.404,4850.0,0.222,0.754,253.2,0.117,0.277,0,TESS
PYC-2005-1524,PYC Star 715,2005,Transit,1819.784,2.052,2.563,3.6875,4458.0,0.583,2.02,1.0,0.26,0.615,0,OGLE
PYC-2017-1525,PYC Star 832,2017,Transit,13.412,4.824,223.601,0.1092,4733.0,0.731,0.965,397.0,0.368,0.868,0,HIRES
PYC-2008-1526,PYC Star 604,2008,Transit,2406.423,12.283,725.546,3.5113,3796.0,0.536,0.997,134.4,0.173,0.409,0,Other
PYC-2017-1527,PYC Star 361,2017,Transit,337.927,1.017,0.634,0.878,4609.0,1.229,0.791,24.4,0.587,1.384,1,TESS
PYC-2006-1528,PYC Star 739,2006,Transit,30.274,5.528,151.175,0.1691,4538.0,0.624,0.704,590.1,0.289,0.682,0,WASP
PYC-2020-1529,PYC Star 234,2020,Transit,18.411,1.07,3.3,0.1345,4091.0,0.905,0.957,1.0,0.34,0.803,0,K2
PYC-2004-1530,PYC Star 117,2004,Transit,1.27,8.767,255.51,0.023,3233.0,2.619,1.01,90.9,0.615,1.451,0,Kepler
PYC-1997-1531,PYC Star 346,1997,Transit,96.822,7.565,183.387,0.4085,3651.0,0.949,0.97,43.7,0.284,0.67,0,WASP
PYC-2008-1532,PYC Star 421,2008,Transit,0.638,9.04,344.893,0.0176,2500.0,0.854,1.785,187.0,0.12,0.283,0,SPITZER
PYC-2018-1533,PYC Star 550,2018,Transit,18.397,4.405,27.106,0.1344,4523.0,0.863,0.957,62.7,0.397,0.936,0,KMT
PYC-2006-1534,PYC Star 619,2006,Transit,3.336,0.303,0.032,0.0433,5124.0,1.216,0.97,42.0,0.717,1.693,0,KMT
PYC-2013-1535,PYC Star 651,2013,Transit,2031.081,5.083,167.083,3.452,2500.0,1.15,1.33,179.4,0.161,0.381,0,TESS
PYC-2006-1536,PYC Star 184,2006,Radial Velocity,10.227,2.686,12.219,0.0904,5013.0,0.573,0.942,128.4,0.323,0.763,0,WASP
PYC-2017-1537,PYC Star 595,2017,Radial Velocity,31.474,1.743,2.79,0.2078,4690.0,0.748,1.208,97.8,0.37,0.872,0,CoRoT
PYC-2020-1538,PYC Star 041,2020,Radial Velocity,11.406,12.956,622.621,0.0854,3741.0,0.667,0.639,243.3,0.21,0.495,0,TESS
PYC-2011-1539,PYC Star 829,2011,Transit,1.361,1.573,5.551,0.0207,4412.0,0.793,0.641,108.5,0.347,0.818,0,Kepler
PYC-2002-1540,PYC Star 398,2002,Radial Velocity,9.297,1.555,1.174,0.0878,5746.0,2.047,1.044,120.2,1.519,3.584,0,TESS
PYC-2010-1541,PYC Star 860,2010,Transit,417.569,6.191,129.962,1.0642,3923.0,1.188,0.922,66.9,0.411,0.97,0,Kepler
PYC-2019-1542,PYC Star 781,2019,Transit,102.148,0.49,0.537,0.3891,4871.0,0.868,0.753,222.4,0.463,1.092,0,WASP
PYC-2002-1543,PYC Star 178,2002,Transit,19.818,8.717,769.058,0.1454,5112.0,1.576,1.044,5.5,0.925,2.183,0,Gaia
PYC-2014-1544,PYC Star 101,2014,Transit,605.092,1.721,5.464,1.4347,4060.0,0.98,1.076,82.2,0.363,0.856,0,WASP
PYC-2015-1545,PYC Star 821,2015,Transit,0.415,0.3,0.084,0.01,5707.0,0.431,0.78,174.7,0.315,0.744,0,Kepler
PYC-1994-1546,PYC Star 442,1994,Transit,638.541,1.29,3.728,1.366,5163.0,1.903,0.834,32.7,1.14,2.69,1,TESS
PYC-2006-1547,PYC Star 096,2006,Radial Velocity,0.68,13.959,889.778,0.0155,4573.0,0.839,1.079,138.4,0.394,0.93,0,TESS
PYC-2007-1548,PYC Star 548,2007,Transit,942.794,1.155,2.311,1.6704,6927.0,0.326,0.7,145.4,0.352,0.83,0,WASP
PYC-2020-1549,PYC Star 861,2020,Transit,1879.143,1.579,8.019,2.7774,5711.0,0.438,0.809,53.5,0.321,0.758,0,Kepler
PYC-2013-1550,PYC Star 541,2013,Transit,597.574,6.25,62.345,1.4777,3282.0,1.495,1.205,30.7,0.362,0.854,0,TESS
PYC-2011-1551,PYC Star 234,2011,Transit,0.476,6.371,164.521,0.0119,4450.0,0.441,0.992,162.4,0.196,0.463,0,KMT
PYC-2017-1552,PYC Star 304,2017,Transit,43.767,1.726,4.949,0.2299,7020.0,1.652,0.846,1.6,1.829,4.315,0,Kepler
PYC-2019-1553,PYC Star 239,2019,Transit,651.173,2.526,11.718,1.3233,3916.0,0.933,0.729,314.3,0.322,0.759,0,WASP
PYC-2022-1554,PYC Star 484,2022,Transit,51.764,9.107,314.484,0.2415,4860.0,1.241,0.701,2.1,0.658,1.554,0,KMT
PYC-2013-1555,PYC Star 379,2013,Radial Velocity,9.927,1.476,3.092,0.089,5908.0,0.802,0.955,35.3,0.629,1.484,0,OGLE
PYC-2005-1556,PYC Star 309,2005,Microlensing,26.671,5.682,107.199,0.2213,5387.0,1.139,2.032,87.5,0.743,1.752,0,SPITZER
PYC-2019-1557,PYC Star 164,2019,Transit,0.822,3.686,51.983,0.0183,5517.0,1.038,1.219,36.3,0.71,1.675,0,HAT-P
PYC-2009-1558,PYC Star 027,2009,Transit,33.52,11.537,732.764,0.1742,5464.0,0.885,0.627,17.0,0.593,1.4,0,TESS
PYC-2018-1559,PYC Star 745,2018,Radial Velocity,0.513,1.074,1.103,0.0136,4823.0,0.557,1.281,24.0,0.291,0.687,0,TESS
PYC-2006-1560,PYC Star 723,2006,Astrometry,125.328,3.482,16.844,0.4486,4087.0,1.058,0.767,1.0,0.397,0.937,0,Kepler
PYC-2007-1561,PYC Star 113,2007,Transit,13.034,2.039,5.032,0.1083,5191.0,0.397,0.998,102.2,0.241,0.568,0,Kepler
PYC-2005-1562,PYC Star 205,2005,Radial Velocity,2.206,0.639,0.356,0.031,4438.0,1.369,0.814,116.6,0.605,1.429,0,CoRoT
PYC-2014-1563,PYC Star 395,2014,Radial Velocity,0.467,5.31,53.933,0.0149,4367.0,0.983,2.03,33.4,0.421,0.994,0,Kepler
PYC-2011-1564,PYC Star 536,2011,Radial Velocity,1497.365,5.49,134.377,2.244,6134.0,1.109,0.672,9.8,0.938,2.213,0,K2
PYC-2013-1565,PYC Star 816,2013,Transit,57.257,6.568,165.451,0.3016,4457.0,0.277,1.116,50.9,0.124,0.292,0,OGLE
PYC-2017-1566,PYC Star 627,2017,Transit,128.542,4.98,115.08,0.4602,6336.0,0.542,0.787,102.6,0.489,1.154,0,Kepler
PYC-2009-1567,PYC Star 572,2009,Transit,418.908,8.918,214.785,1.1943,5031.0,0.717,1.295,26.0,0.408,0.962,0,Kepler
PYC-2008-1568,PYC Star 669,2008,Transit,107.186,1.163,0.978,0.457,4657.0,1.219,1.108,35.1,0.594,1.401,0,WASP
PYC-2011-1569,PYC Star 546,2011,Transit,15.954,1.495,5.024,0.1436,3164.0,0.589,1.551,176.5,0.132,0.313,1,Kepler
PYC-2018-1570,PYC Star 836,2018,Transit,108.144,11.439,602.601,0.4831,6708.0,2.833,1.286,8.2,2.863,6.758,0,TESS
PYC-2022-1571,PYC Star 895,2022,Transit,3.807,4.839,54.503,0.044,4795.0,0.799,0.784,172.4,0.413,0.974,0,Kepler
PYC-2004-1572,PYC Star 406,2004,Transit,59.887,13.176,1156.481,0.421,2756.0,0.57,2.775,156.5,0.097,0.229,0,HAT-P
PYC-2024-1573,PYC Star 021,2024,Radial Velocity,2.505,1.732,5.803,0.0385,5689.0,0.827,1.215,161.3,0.602,1.42,0,CoRoT
PYC-2017-1574,PYC Star 894,2017,Transit,1435.918,0.347,0.034,2.3359,4755.0,0.587,0.825,11.0,0.298,0.703,0,TESS
PYC-2005-1575,PYC Star 288,2005,Transit,37.728,1.253,3.592,0.2255,3962.0,0.528,1.075,81.3,0.186,0.44,1,Kepler
PYC-2010-1576,PYC Star 242,2010,Radial Velocity,3.223,1.633,2.914,0.046,5638.0,1.418,1.247,115.0,1.013,2.391,0,WASP
PYC-2002-1577,PYC Star 113,2002,Radial Velocity,120.414,0.3,0.102,0.5114,2506.0,1.134,1.231,142.2,0.16,0.378,0,K2
PYC-2009-1578,PYC Star 686,2009,Pulsar Timing,0.895,1.723,2.113,0.0193,4157.0,1.135,1.19,159.3,0.441,1.04,0,TESS
PYC-2019-1579,PYC Star 166,2019,Radial Velocity,19.227,3.207,24.258,0.1572,4531.0,1.599,1.403,280.3,0.737,1.74,0,Kepler
PYC-2021-1580,PYC Star 868,2021,Radial Velocity,907.248,8.706,253.041,2.0296,5567.0,1.12,1.355,100.7,0.78,1.841,0,Kepler
PYC-2000-1581,PYC Star 195,2000,Transit,378.058,1.435,0.953,0.9269,6816.0,0.557,0.743,118.3,0.581,1.371,1,Kepler
PYC-1999-1582,PYC Star 066,1999,Transit,212.78,4.238,59.37,0.892,4580.0,1.238,2.091,7.3,0.583,1.377,0,Kepler
PYC-2009-1583,PYC Star 564,2009,Transit,26.649,1.218,0.638,0.2197,5214.0,0.542,1.992,76.4,0.331,0.781,0,Kepler
PYC-2009-1584,PYC Star 186,2009,Transit,21.565,5.18,62.218,0.1665,7274.0,0.726,1.324,71.7,0.863,2.036,0,Kepler
PYC-2017-1585,PYC Star 245,2017,Microlensing,0.442,0.415,0.176,0.0114,4804.0,0.882,1.014,46.0,0.457,1.079,0,KMT
PYC-1998-1586,PYC Star 095,1998,Transit,84.575,1.31,1.549,0.3795,5221.0,0.842,1.02,152.7,0.516,1.217,0,TESS
PYC-2014-1587,PYC Star 598,2014,Transit,68.866,6.186,72.672,0.3166,3686.0,0.402,0.893,71.3,0.123,0.29,0,CoRoT
PYC-2022-1588,PYC Star 198,2022,Transit,0.419,5.256,111.555,0.0107,6563.0,0.582,0.934,38.5,0.563,1.33,0,Kepler
PYC-2024-1589,PYC Star 664,2024,Transit,1.359,0.959,0.791,0.0186,4158.0,0.891,0.465,41.6,0.346,0.817,0,Kepler
PYC-2017-1590,PYC Star 234,2017,Transit,0.447,0.773,0.418,0.0137,5042.0,0.684,1.708,288.9,0.39,0.921,0,Other
PYC-2001-1591,PYC Star 362,2001,Transit,3.83,1.256,3.418,0.055,5016.0,1.494,1.51,280.9,0.845,1.993,0,Kepler
PYC-2007-1592,PYC Star 443,2007,Microlensing,0.414,0.54,0.113,0.0089,4877.0,1.614,0.556,109.4,0.862,2.035,0,OGLE
PYC-2005-1593,PYC Star 483,2005,Transit,16.573,1.416,1.962,0.1411,4409.0,0.544,1.365,248.5,0.237,0.56,0,WASP
PYC-2012-1594,PYC Star 745,2012,Radial Velocity,28.062,2.79,22.218,0.1806,5017.0,0.925,0.997,243.8,0.523,1.234,0,TESS
PYC-2023-1595,PYC Star 119,2023,Transit,19.76,1.219,0.904,0.1398,6382.0,1.835,0.933,82.3,1.679,3.961,0,HAT-P
PYC-2008-1596,PYC Star 205,2008,Transit,2.37,14.351,2474.01,0.0368,6853.0,0.847,1.188,15.8,0.894,2.109,0,HAT-P
PYC-2009-1597,PYC Star 677,2009,Transit,42.745,1.558,2.842,0.1952,4642.0,0.749,0.543,170.9,0.363,0.856,0,KMT
PYC-1993-1598,PYC Star 770,1993,Radial Velocity,571.119,11.866,961.895,1.3454,4395.0,1.325,0.996,210.7,0.575,1.358,0,TESS
PYC-2001-1599,PYC Star 377,2001,Transit,5.377,2.092,10.541,0.0606,4072.0,0.796,1.028,52.5,0.296,0.699,0,Kepler
PYC-2005-1600,PYC Star 006,2005,Microlensing,6.506,1.991,5.551,0.0688,7218.0,1.594,1.029,377.0,1.866,4.404,0,TESS
PYC-2019-1601,PYC Star 751,2019,Transit,50.763,7.209,133.79,0.2287,4916.0,0.689,0.62,220.7,0.374,0.882,0,Kepler
PYC-2018-1602,PYC Star 550,2018,Transit,3.22,7.026,155.637,0.045,5804.0,0.727,1.169,83.4,0.55,1.298,0,K2
PYC-2020-1603,PYC Star 474,2020,Radial Velocity,8.147,1.283,2.732,0.0897,5427.0,1.284,1.449,38.5,0.85,2.005,0,TESS
PYC-2004-1604,PYC Star 350,2004,Transit,22.661,1.283,1.166,0.1643,6788.0,0.942,1.153,174.7,0.975,2.3,0,Kepler
PYC-2017-1605,PYC Star 627,2017,Transit,12.56,0.984,0.525,0.103,4577.0,0.945,0.923,157.0,0.445,1.05,0,KMT
PYC-2016-1606,PYC Star 260,2016,Imaging,592.598,4.8,124.005,1.8896,3804.0,0.381,2.563,382.1,0.124,0.292,0,Other
PYC-2015-1607,PYC Star 323,2015,Transit,779.762,10.288,296.835,1.4885,6474.0,0.768,0.724,5.1,0.723,1.706,0,Kepler
PYC-2000-1608,PYC Star 692,2000,Transit,14.563,2.759,16.699,0.1277,5613.0,1.328,1.311,35.4,0.94,2.218,0,Kepler
PYC-2016-1609,PYC Star 335,2016,Transit,21.74,0.3,0.04,0.1568,5211.0,0.633,1.089,19.4,0.386,0.911,0,TESS
PYC-2024-1610,PYC Star 851,2024,Transit,2042.13,8.194,219.174,3.9837,6182.0,1.234,2.022,108.4,1.059,2.499,0,Kepler
PYC-2006-1611,PYC Star 393,2006,Radial Velocity,35.609,0.527,0.386,0.2216,5262.0,1.015,1.145,147.4,0.632,1.491,0,Kepler
PYC-2000-1612,PYC Star 506,2000,Radial Velocity,2819.162,0.391,0.083,4.1893,6213.0,0.823,1.234,252.4,0.713,1.684,0,HIRES
PYC-2025-1613,PYC Star 572,2025,Transit,361.383,0.773,0.429,1.0533,5022.0,1.658,1.194,296.2,0.939,2.217,1,Kepler
PYC-2016-1614,PYC Star 629,2016,Radial Velocity,4.226,1.029,0.942,0.0452,5612.0,0.772,0.69,10.5,0.546,1.29,0,Kepler
PYC-2019-1615,PYC Star 456,2019,Transit,3.089,2.866,12.009,0.0375,5274.0,0.797,0.738,189.9,0.498,1.175,0,TESS
PYC-2022-1616,PYC Star 327,2022,Transit,1.654,4.019,26.622,0.0265,4507.0,0.818,0.908,133.4,0.374,0.881,0,Kepler
PYC-2021-1617,PYC Star 724,2021,Transit,532.015,2.577,9.127,1.4368,4615.0,0.933,1.398,69.3,0.447,1.054,0,OGLE
PYC-2006-1618,PYC Star 644,2006,Pulsar Timing,6.183,1.218,3.835,0.0677,4446.0,1.271,1.085,564.6,0.564,1.332,0,OGLE
PYC-2000-1619,PYC Star 050,2000,Transit,166.264,10.628,665.753,0.5776,5039.0,0.464,0.93,1.8,0.265,0.625,0,K2
PYC-2021-1620,PYC Star 563,2021,Transit,49.559,13.662,753.964,0.3099,4390.0,1.33,1.617,119.2,0.576,1.359,0,Kepler
PYC-2008-1621,PYC Star 810,2008,Transit,635.112,13.071,1304.875,1.1474,5192.0,0.928,0.5,15.3,0.562,1.326,0,HIRES
PYC-2002-1622,PYC Star 504,2002,Radial Velocity,324.731,4.242,19.361,0.7949,5162.0,1.155,0.635,73.1,0.691,1.631,0,WASP
PYC-2021-1623,PYC Star 833,2021,Transit,0.706,14.761,2179.88,0.0116,4985.0,2.641,0.417,126.2,1.474,3.478,0,TESS
PYC-2003-1624,PYC Star 351,2003,Transit,8.194,2.437,19.362,0.0916,5000.0,0.715,1.526,193.3,0.402,0.948,0,K2
PYC-2008-1625,PYC Star 220,2008,Radial Velocity,41.445,1.824,14.594,0.2318,4290.0,0.519,0.967,25.5,0.214,0.506,0,TESS
PYC-2021-1626,PYC Star 449,2021,Transit,520.248,3.214,34.506,1.417,4546.0,0.982,1.402,48.7,0.456,1.076,0,Kepler
PYC-1998-1627,PYC Star 091,1998,Transit,233.862,0.816,0.734,0.7335,3296.0,1.055,0.962,9.0,0.257,0.608,0,TESS
PYC-2022-1628,PYC Star 059,2022,Transit,53.831,1.916,10.336,0.3144,4692.0,1.332,1.431,8.8,0.659,1.555,0,WASP
PYC-2015-1629,PYC Star 515,2015,Transit,542.705,3.658,21.315,1.283,3913.0,0.706,0.957,19.7,0.243,0.573,0,TESS
PYC-2021-1630,PYC Star 027,2021,Transit,19.384,1.656,3.047,0.1481,4890.0,0.619,1.154,7.7,0.333,0.785,0,WASP
PYC-2013-1631,PYC Star 058,2013,Radial Velocity,0.657,7.596,188.622,0.0153,4157.0,0.451,1.097,156.7,0.175,0.414,0,HAT-P
PYC-2018-1632,PYC Star 410,2018,Transit,945.016,13.338,1669.081,1.9604,2954.0,0.486,1.125,21.5,0.095,0.225,0,HAT-P
PYC-2019-1633,PYC Star 207,2019,Transit,43.918,12.132,428.919,0.2965,6827.0,0.746,1.803,108.5,0.782,1.844,0,TESS
PYC-2003-1634,PYC Star 162,2003,Transit Timing Variations,542.84,2.619,7.554,1.0775,4592.0,0.854,0.566,207.0,0.404,0.955,0,Kepler
PYC-2023-1635,PYC Star 457,2023,Transit,13.225,3.166,22.534,0.1086,6102.0,2.279,0.976,1.1,1.907,4.5,0,WASP
PYC-2002-1636,PYC Star 295,2002,Transit,76.337,0.927,1.175,0.3604,4326.0,0.42,1.072,131.9,0.177,0.417,1,OGLE
PYC-2020-1637,PYC Star 552,2020,Microlensing,7.675,6.812,103.257,0.0766,6328.0,1.047,1.017,63.5,0.942,2.222,0,Kepler
PYC-2012-1638,PYC Star 383,2012,Transit,15.459,0.713,0.579,0.1159,3763.0,0.649,0.87,45.8,0.207,0.487,0,HIRES
PYC-2023-1639,PYC Star 175,2023,Radial Velocity,1.49,8.916,585.633,0.024,4958.0,0.995,0.829,68.9,0.55,1.297,0,Gaia
PYC-2009-1640,PYC Star 634,2009,Radial Velocity,299.102,0.564,0.412,1.0463,3817.0,0.702,1.708,90.8,0.23,0.542,0,WASP
PYC-2011-1641,PYC Star 839,2011,Transit,4.877,2.087,8.077,0.0558,7141.0,1.434,0.976,134.2,1.643,3.877,0,Kepler
PYC-2020-1642,PYC Star 654,2020,Transit,5.906,12.374,661.982,0.085,4576.0,1.43,2.347,17.8,0.673,1.587,0,WASP
PYC-2011-1643,PYC Star 164,2011,Transit,9.431,1.365,5.348,0.0929,5546.0,0.855,1.203,201.7,0.591,1.395,0,K2
PYC-2019-1644,PYC Star 502,2019,Transit,18.905,12.595,730.868,0.1343,5206.0,1.72,0.904,134.7,1.047,2.471,0,K2
PYC-2024-1645,PYC Star 139,2024,Transit,68.349,2.041,10.23,0.3489,4777.0,1.267,1.213,60.2,0.65,1.533,0,Kepler
PYC-2024-1646,PYC Star 024,2024,Transit,177.002,4.603,140.965,0.6249,5266.0,1.684,1.039,5.2,1.049,2.476,0,WASP
PYC-2018-1647,PYC Star 146,2018,Radial Velocity,166.111,4.934,96.336,0.6916,6023.0,0.883,1.6,97.4,0.719,1.698,0,TESS
PYC-2001-1648,PYC Star 728,2001,Radial Velocity,17.533,9.354,203.261,0.1153,5401.0,1.381,0.665,119.4,0.905,2.136,0,TESS
PYC-2009-1649,PYC Star 836,2009,Radial Velocity,29.472,1.573,1.746,0.1513,4946.0,0.637,0.532,94.2,0.35,0.826,0,K2
PYC-1995-1650,PYC Star 537,1995,Transit,1.399,1.032,0.936,0.0255,5267.0,0.609,1.135,12.7,0.379,0.895,0,TESS
PYC-2012-1651,PYC Star 791,2012,Transit,41.969,13.67,1279.593,0.2606,6524.0,2.4,1.34,17.6,2.295,5.415,0,TESS
PYC-2025-1652,PYC Star 369,2025,Transit,1001.633,4.905,78.039,2.0257,4425.0,0.552,1.105,375.4,0.243,0.573,0,TESS
PYC-2020-1653,PYC Star 030,2020,Transit,24.341,6.63,412.224,0.1778,3132.0,0.74,1.265,279.9,0.163,0.385,0,Kepler
PYC-2020-1654,PYC Star 813,2020,Microlensing,1725.521,2.814,18.311,2.9935,3813.0,0.383,1.202,179.9,0.125,0.295,0,K2
PYC-2005-1655,PYC Star 654,2005,Transit,1.606,2.109,5.91,0.0226,3880.0,0.615,0.596,305.1,0.208,0.491,0,Kepler
PYC-2015-1656,PYC Star 593,2015,Transit,286.833,1.969,3.305,0.8796,4007.0,0.575,1.103,105.2,0.208,0.49,0,HAT-P
PYC-2012-1657,PYC Star 067,2012,Radial Velocity,221.595,1.187,2.818,0.8357,4038.0,0.666,1.585,83.1,0.244,0.575,0,TESS
PYC-2003-1658,PYC Star 866,2003,Transit,174.995,1.054,1.142,0.6247,4779.0,1.03,1.062,163.4,0.528,1.247,1,OGLE
PYC-2023-1659,PYC Star 068,2023,Transit,148.14,1.044,0.527,0.4703,5023.0,1.148,0.632,60.8,0.651,1.536,0,TESS
PYC-2002-1660,PYC Star 014,2002,Transit,0.488,2.066,6.67,0.0117,5013.0,0.572,0.89,51.8,0.323,0.762,0,Kepler
PYC-2003-1661,PYC Star 069,2003,Transit,300.489,6.961,94.358,0.9369,4143.0,0.631,1.215,6.3,0.243,0.574,0,Kepler
PYC-2013-1662,PYC Star 847,2013,Radial Velocity,34.544,2.863,12.448,0.256,5695.0,1.466,1.875,151.5,1.068,2.52,0,Kepler
PYC-2010-1663,PYC Star 746,2010,Transit,42.985,0.651,0.329,0.1911,5281.0,1.939,0.504,14.3,1.215,2.867,0,TESS
PYC-2003-1664,PYC Star 102,2003,Microlensing,0.63,11.495,363.732,0.015,6223.0,1.584,1.135,68.1,1.378,3.252,0,HAT-P
PYC-2005-1665,PYC Star 385,2005,Radial Velocity,2.148,1.523,2.341,0.0292,5562.0,0.429,0.722,223.8,0.298,0.704,0,Kepler
PYC-2018-1666,PYC Star 476,2018,Radial Velocity,1356.025,8.101,158.692,2.544,4485.0,1.537,1.194,15.9,0.695,1.64,0,TESS
PYC-2023-1667,PYC Star 501,2023,Transit,6.68,5.612,61.927,0.0743,5975.0,2.073,1.228,105.0,1.662,3.923,0,Kepler
PYC-2013-1668,PYC Star 182,2013,Transit,13.439,1.161,0.891,0.1077,5046.0,0.42,0.922,159.5,0.24,0.566,0,K2
PYC-2017-1669,PYC Star 028,2017,Radial Velocity,2.164,2.249,6.459,0.0352,5518.0,1.465,1.247,131.6,1.002,2.365,0,TESS
PYC-2014-1670,PYC Star 028,2014,Transit,112.678,3.304,14.293,0.5215,5448.0,0.996,1.49,540.3,0.664,1.568,0,Kepler
PYC-2013-1671,PYC Star 810,2013,Transit,296.703,2.143,9.73,0.854,4688.0,0.777,0.944,60.3,0.384,0.905,1,Kepler
PYC-2021-1672,PYC Star 559,2021,Radial Velocity,1485.956,14.293,1114.032,2.1804,4893.0,0.944,0.626,52.1,0.508,1.198,0,HAT-P
PYC-1998-1673,PYC Star 883,1998,Transit,60.269,10.647,851.591,0.3553,4682.0,1.099,1.647,161.1,0.541,1.277,0,TESS
PYC-2010-1674,PYC Star 774,2010,Radial Velocity,4.679,1.365,5.764,0.0603,4032.0,1.515,1.336,32.9,0.553,1.306,0,K2
PYC-2001-1675,PYC Star 212,2001,Microlensing,0.753,0.74,0.641,0.0173,2870.0,1.48,1.218,102.7,0.274,0.646,0,WASP
PYC-2013-1676,PYC Star 081,2013,Radial Velocity,4.298,1.529,3.778,0.0477,4176.0,0.457,0.785,32.3,0.179,0.422,0,Kepler
PYC-2013-1677,PYC Star 591,2013,Transit,99.6,0.904,1.112,0.4717,4979.0,0.672,1.412,205.7,0.374,0.884,1,KMT
PYC-2011-1678,PYC Star 203,2011,Radial Velocity,2381.064,2.085,8.53,4.4287,5777.0,0.939,2.044,80.4,0.704,1.661,0,HAT-P
PYC-2022-1679,PYC Star 611,2022,Transit,0.811,3.506,26.761,0.0168,5516.0,1.826,0.958,157.4,1.248,2.946,0,K2
PYC-2019-1680,PYC Star 870,2019,Radial Velocity,12.794,1.997,5.951,0.1082,4548.0,0.264,1.034,10.7,0.123,0.289,0,TESS
PYC-1996-1681,PYC Star 869,1996,Radial Velocity,154.042,5.288,45.574,0.4967,4188.0,0.684,0.689,526.4,0.269,0.636,0,K2
PYC-2014-1682,PYC Star 226,2014,Radial Velocity,67.384,3.952,54.19,0.298,4638.0,0.453,0.777,88.2,0.219,0.516,0,HAT-P
PYC-2020-1683,PYC Star 435,2020,Transit,134.094,5.423,79.848,0.4523,3922.0,0.486,0.687,55.5,0.168,0.396,0,Kepler
PYC-2016-1684,PYC Star 636,2016,Transit,24.947,1.583,6.81,0.1697,2896.0,1.402,1.047,397.1,0.264,0.624,0,WASP
PYC-2023-1685,PYC Star 214,2023,Transit,4.334,3.028,28.176,0.05,3409.0,0.708,0.888,26.5,0.185,0.437,0,K2
PYC-2014-1686,PYC Star 507,2014,Transit,29.7,6.368,90.051,0.196,6037.0,0.315,1.139,61.3,0.258,0.609,0,HAT-P
PYC-2020-1687,PYC Star 324,2020,Transit,12.037,0.901,1.421,0.0926,6472.0,0.838,0.732,61.6,0.789,1.861,0,Other
PYC-2014-1688,PYC Star 516,2014,Transit,224.198,10.403,122.632,0.7083,5479.0,2.25,0.943,85.9,1.517,3.58,0,Kepler
PYC-2013-1689,PYC Star 576,2013,Transit,1.85,1.613,9.105,0.0264,4748.0,0.399,0.716,164.8,0.202,0.477,0,TESS
PYC-2012-1690,PYC Star 788,2012,Radial Velocity,33.471,5.835,50.239,0.2078,3546.0,1.144,1.068,99.1,0.323,0.763,0,TESS
PYC-2007-1691,PYC Star 425,2007,Microlensing,2082.026,4.376,59.484,2.6377,4655.0,1.822,0.565,53.9,0.887,2.094,0,TESS
PYC-2004-1692,PYC Star 259,2004,Transit,46.004,10.197,518.557,0.2558,5351.0,0.88,1.054,32.4,0.566,1.336,0,Kepler
PYC-2015-1693,PYC Star 072,2015,Radial Velocity,3.321,3.844,58.127,0.0422,5547.0,2.143,0.907,401.5,1.481,3.496,0,TESS
PYC-2006-1694,PYC Star 629,2006,Transit,1692.533,1.376,1.946,2.8388,5420.0,0.669,1.065,729.5,0.441,1.042,0,WASP
PYC-2019-1695,PYC Star 726,2019,Transit,3.533,11.435,192.999,0.0374,5889.0,1.725,0.561,45.0,1.344,3.172,0,Gaia
PYC-2022-1696,PYC Star 370,2022,Transit,325.783,1.2,1.363,1.0002,6549.0,1.551,1.258,34.6,1.495,3.527,0,WASP
PYC-2002-1697,PYC Star 777,2002,Radial Velocity,1.063,1.166,1.337,0.0197,4435.0,0.887,0.901,496.9,0.392,0.925,0,TESS
PYC-1998-1698,PYC Star 427,1998,Imaging,801.603,3.906,12.407,1.7321,7325.0,0.461,1.079,452.8,0.556,1.311,0,Kepler
PYC-2001-1699,PYC Star 431,2001,Radial Velocity,2.004,2.099,7.035,0.025,2982.0,0.573,0.52,60.3,0.115,0.27,0,Kepler
PYC-2013-1700,PYC Star 042,2013,Microlensing,13.475,3.026,10.388,0.0959,4100.0,0.313,0.647,66.5,0.118,0.279,0,CoRoT
PYC-2020-1701,PYC Star 471,2020,Transit Timing Variations,2207.486,0.964,1.256,3.1703,4980.0,1.176,0.872,54.0,0.655,1.546,0,CoRoT
PYC-2019-1702,PYC Star 535,2019,Transit,70.348,3.381,20.991,0.3916,5294.0,1.114,1.618,392.9,0.702,1.656,0,OGLE
PYC-2001-1703,PYC Star 442,2001,Transit,4.218,0.862,1.81,0.0543,4637.0,0.933,1.203,160.1,0.45,1.063,0,TESS
PYC-2014-1704,PYC Star 484,2014,Transit,0.402,0.987,0.85,0.0108,4354.0,0.852,1.047,90.4,0.363,0.856,0,Kepler
PYC-2009-1705,PYC Star 477,2009,Transit Timing Variations,0.425,14.208,1230.401,0.0099,6782.0,1.658,0.724,13.4,1.713,4.043,0,Kepler
PYC-2012-1706,PYC Star 629,2012,Transit,4.636,10.047,362.28,0.0478,4311.0,1.029,0.679,64.9,0.43,1.014,0,TESS
PYC-2009-1707,PYC Star 093,2009,Transit,44.02,2.224,3.55,0.252,3883.0,0.701,1.102,3.2,0.237,0.56,1,K2
PYC-2012-1708,PYC Star 477,2012,Radial Velocity,30.272,2.866,13.947,0.2063,6322.0,0.962,1.278,20.7,0.863,2.038,0,Kepler
PYC-2014-1709,PYC Star 390,2014,Transit,1494.197,1.043,1.625,2.621,5564.0,2.261,1.076,23.4,1.573,3.712,1,Kepler
PYC-2010-1710,PYC Star 312,2010,Radial Velocity,365.571,2.196,10.441,1.2214,5785.0,1.191,1.819,79.6,0.895,2.113,0,TESS
PYC-2010-1711,PYC Star 403,2010,Transit,1532.736,10.306,371.862,2.4026,4976.0,0.755,0.788,11.7,0.42,0.991,0,K2
PYC-2023-1712,PYC Star 611,2023,Transit Timing Variations,38.48,1.019,0.507,0.2278,3562.0,0.882,1.065,26.6,0.251,0.593,0,Other
PYC-2022-1713,PYC Star 897,2022,Radial Velocity,21.524,2.967,23.327,0.1243,4876.0,1.109,0.553,43.7,0.592,1.398,0,KMT
PYC-2020-1714,PYC Star 199,2020,Transit,62.472,0.859,0.831,0.3158,3438.0,0.745,1.077,44.6,0.198,0.467,1,Kepler
PYC-2012-1715,PYC Star 044,2012,Radial Velocity,11.07,5.213,111.564,0.1154,5018.0,0.716,1.672,11.6,0.405,0.955,0,HAT-P
PYC-2013-1716,PYC Star 315,2013,Transit,2.624,13.075,696.957,0.033,5388.0,0.895,0.695,204.9,0.584,1.378,0,TESS
PYC-2007-1717,PYC Star 281,2007,Transit,698.507,1.321,0.888,1.6998,5768.0,1.783,1.343,198.1,1.332,3.145,1,SPITZER
PYC-2006-1718,PYC Star 063,2006,Transit,173.445,4.886,80.777,0.7201,4717.0,1.285,1.656,264.1,0.642,1.515,0,TESS
PYC-2019-1719,PYC Star 446,2019,Radial Velocity,7.311,4.307,44.35,0.068,5473.0,0.749,0.786,185.3,0.504,1.189,0,Kepler
PYC-2019-1720,PYC Star 466,2019,Transit,21.45,1.564,6.418,0.1595,3987.0,1.331,1.178,12.8,0.475,1.121,0,Kepler
PYC-2010-1721,PYC Star 762,2010,Transit,2.99,1.443,2.634,0.0488,5670.0,0.903,1.738,111.8,0.653,1.54,0,Other
PYC-1998-1722,PYC Star 629,1998,Transit,60.687,11.626,575.757,0.3105,5407.0,1.051,1.084,217.8,0.69,1.629,0,HIRES
PYC-2013-1723,PYC Star 415,2013,Transit,9.789,1.494,3.497,0.0982,4080.0,1.009,1.317,26.1,0.377,0.89,0,TESS
PYC-2006-1724,PYC Star 592,2006,Transit,988.48,3.161,14.791,1.579,5277.0,0.348,0.537,169.4,0.218,0.514,0,TESS
PYC-2013-1725,PYC Star 262,2013,Transit,44.617,0.538,0.144,0.264,5781.0,0.228,1.232,31.6,0.171,0.405,1,TESS
PYC-2009-1726,PYC Star 141,2009,Transit,15.759,1.437,2.443,0.1307,4871.0,0.997,1.198,468.0,0.531,1.254,0,HAT-P
PYC-2009-1727,PYC Star 482,2009,Radial Velocity,321.279,2.332,5.705,0.7864,4060.0,0.613,0.629,237.0,0.227,0.536,0,TESS
PYC-2022-1728,PYC Star 447,2022,Transit,1286.42,3.413,21.701,2.0686,4960.0,0.43,0.714,236.7,0.238,0.561,0,Kepler
PYC-1999-1729,PYC Star 268,1999,Transit,588.314,0.495,0.424,1.4744,5297.0,0.622,1.235,85.8,0.392,0.925,0,K2
PYC-2013-1730,PYC Star 809,2013,Microlensing,33.105,0.884,1.223,0.1948,4053.0,1.364,0.899,97.2,0.504,1.188,0,TESS
PYC-2010-1731,PYC Star 493,2010,Transit,9.623,13.917,1096.752,0.1008,3893.0,1.057,1.476,113.3,0.36,0.85,0,K2
PYC-2004-1732,PYC Star 511,2004,Radial Velocity,147.181,8.313,534.866,0.5657,5269.0,1.274,1.115,37.4,0.795,1.875,0,OGLE
PYC-2012-1733,PYC Star 621,2012,Transit,585.428,6.663,91.727,1.3786,5541.0,1.104,1.02,21.5,0.761,1.796,0,Gaia
PYC-2009-1734,PYC Star 261,2009,Radial Velocity,2479.41,9.481,1203.85,3.5145,6735.0,0.595,0.942,656.5,0.606,1.431,0,Kepler
PYC-2016-1735,PYC Star 478,2016,Radial Velocity,23.656,0.764,0.394,0.1669,5399.0,1.276,1.108,36.7,0.836,1.973,0,KMT
PYC-2013-1736,PYC Star 807,2013,Radial Velocity,155.429,12.647,1996.598,0.6213,3712.0,1.171,1.324,12.3,0.363,0.856,0,WASP
PYC-2019-1737,PYC Star 549,2019,Transit,5.468,3.289,60.054,0.0646,6636.0,0.854,1.205,102.4,0.844,1.993,0,TESS
PYC-2013-1738,PYC Star 766,2013,Transit,0.873,5.043,27.945,0.017,5749.0,0.924,0.862,121.0,0.686,1.62,0,Kepler
PYC-2020-1739,PYC Star 035,2020,Radial Velocity,3.825,3.126,40.31,0.0553,2995.0,1.286,1.543,93.4,0.259,0.612,0,TESS
PYC-2011-1740,PYC Star 648,2011,Transit,0.455,3.645,25.05,0.0125,3873.0,0.642,1.259,16.2,0.216,0.511,0,Other
PYC-2009-1741,PYC Star 593,2009,Transit,37.681,7.176,126.48,0.2301,4358.0,1.468,1.144,173.5,0.626,1.478,0,CoRoT
PYC-2015-1742,PYC Star 808,2015,Transit,11.17,1.544,4.022,0.0988,5554.0,1.161,1.033,34.0,0.804,1.898,0,TESS
PYC-2009-1743,PYC Star 872,2009,Imaging,169.987,3.422,14.798,0.6366,2658.0,0.901,1.191,28.5,0.143,0.338,0,Kepler
PYC-2008-1744,PYC Star 126,2008,Transit,96.926,0.946,1.111,0.3335,4693.0,1.793,0.527,181.5,0.887,2.093,0,K2
PYC-2008-1745,PYC Star 442,2008,Transit,1.789,2.456,6.462,0.0297,5503.0,0.503,1.088,144.7,0.342,0.807,0,TESS
PYC-2017-1746,PYC Star 839,2017,Radial Velocity,163.365,3.216,22.773,0.7082,2500.0,0.732,1.775,45.5,0.103,0.242,0,CoRoT
PYC-2019-1747,PYC Star 722,2019,Transit,2.129,1.575,6.353,0.0332,5472.0,0.662,1.08,44.6,0.445,1.051,0,KMT
PYC-2006-1748,PYC Star 092,2006,Transit,0.422,10.595,561.334,0.0111,5580.0,1.057,1.03,54.7,0.74,1.746,0,TESS
PYC-2024-1749,PYC Star 494,2024,Transit,2299.408,7.152,139.122,3.1805,4038.0,1.532,0.812,98.2,0.561,1.325,0,Kepler
PYC-1998-1750,PYC Star 314,1998,Transit,0.509,1.934,7.288,0.0132,3762.0,0.578,1.188,50.9,0.184,0.434,0,Kepler
PYC-2009-1751,PYC Star 633,2009,Transit,8.44,14.865,552.374,0.0793,4024.0,3.983,0.934,61.1,1.449,3.42,0,Kepler
PYC-2004-1752,PYC Star 461,2004,Radial Velocity,118.156,2.966,11.103,0.549,2500.0,0.668,1.581,34.1,0.094,0.221,0,Kepler
PYC-2016-1753,PYC Star 279,2016,Radial Velocity,10.896,1.763,3.522,0.087,4506.0,1.059,0.739,130.0,0.483,1.14,0,K2
PYC-2004-1754,PYC Star 376,2004,Transit,12.002,2.283,12.671,0.0973,4998.0,0.901,0.854,6.3,0.506,1.193,0,HAT-P
PYC-2020-1755,PYC Star 870,2020,Transit,252.74,1.353,2.687,0.7294,3703.0,0.919,0.81,4.8,0.283,0.668,0,TESS
PYC-2013-1756,PYC Star 329,2013,Transit,86.187,1.685,5.077,0.473,5675.0,0.63,1.9,11.3,0.456,1.076,1,KMT
PYC-2010-1757,PYC Star 194,2010,Imaging,40.814,3.499,25.613,0.2269,4892.0,1.455,0.936,47.1,0.782,1.846,0,Gaia
PYC-2022-1758,PYC Star 102,2022,Radial Velocity,1087.907,9.492,234.444,1.9419,5034.0,0.613,0.825,123.7,0.349,0.823,0,Kepler
PYC-2000-1759,PYC Star 144,2000,Microlensing,1.05,3.369,49.502,0.0158,4438.0,0.406,0.481,26.1,0.18,0.424,0,WASP
PYC-2015-1760,PYC Star 048,2015,Transit,26.451,1.083,0.868,0.1562,5469.0,0.543,0.727,286.2,0.365,0.861,0,Kepler
PYC-2002-1761,PYC Star 041,2002,Transit,3.376,1.667,4.654,0.0468,5962.0,1.725,1.203,81.2,1.377,3.25,0,Kepler
PYC-2011-1762,PYC Star 480,2011,Transit,0.556,1.724,3.896,0.0141,4433.0,1.58,1.201,17.4,0.698,1.646,0,Kepler
PYC-2017-1763,PYC Star 487,2017,Transit,2488.144,2.195,10.227,3.3306,5485.0,0.365,0.796,46.6,0.246,0.582,0,Kepler
PYC-2010-1764,PYC Star 716,2010,Transit,279.55,1.48,2.046,0.7805,5495.0,1.298,0.812,141.5,0.88,2.078,0,WASP
PYC-2017-1765,PYC Star 557,2017,Transit,2.753,1.731,7.054,0.0478,5176.0,0.369,1.917,32.4,0.222,0.524,0,WASP
PYC-1999-1766,PYC Star 173,1999,Pulsar Timing,14.505,0.513,0.351,0.1594,6309.0,0.889,2.57,1.0,0.795,1.876,0,CoRoT
PYC-2013-1767,PYC Star 584,2013,Transit,3.006,1.525,4.921,0.0466,4146.0,0.523,1.495,7.0,0.202,0.476,0,TESS
PYC-2019-1768,PYC Star 399,2019,Transit,180.267,0.3,0.047,0.7491,4421.0,1.344,1.726,154.9,0.59,1.392,1,HAT-P
PYC-2009-1769,PYC Star 155,2009,Radial Velocity,9.121,3.657,23.419,0.1051,4101.0,1.155,1.859,15.1,0.436,1.03,0,HAT-P
PYC-2015-1770,PYC Star 585,2015,Transit,1467.519,0.881,2.95,3.2724,5453.0,1.399,2.171,245.5,0.934,2.204,0,KMT
PYC-2011-1771,PYC Star 586,2011,Radial Velocity,2.549,2.474,6.42,0.0353,4555.0,0.788,0.9,340.9,0.367,0.867,0,WASP
PYC-2021-1772,PYC Star 381,2021,Transit,9.071,8.113,359.105,0.0768,4174.0,0.826,0.735,27.9,0.323,0.763,0,K2
PYC-1998-1773,PYC Star 149,1998,Radial Velocity,1632.669,2.317,10.495,3.3608,6297.0,0.458,1.9,64.4,0.408,0.964,0,TESS
PYC-2017-1774,PYC Star 027,2017,Transit,1072.142,8.302,237.83,1.832,6429.0,0.566,0.714,2.7,0.526,1.24,0,TESS
PYC-2022-1775,PYC Star 679,2022,Transit,5.472,1.107,1.43,0.0539,4504.0,1.379,0.698,111.7,0.629,1.483,0,Kepler
PYC-2009-1776,PYC Star 141,2009,Transit,29.784,3.21,16.072,0.1672,3569.0,1.062,0.703,252.1,0.304,0.717,0,OGLE
PYC-2012-1777,PYC Star 248,2012,Transit,1062.847,7.167,207.328,2.0072,6477.0,0.943,0.955,45.3,0.889,2.098,0,HIRES
PYC-2009-1778,PYC Star 608,2009,Transit,158.785,1.644,4.267,0.4553,5224.0,1.588,0.499,85.3,0.974,2.298,0,Other
PYC-2019-1779,PYC Star 380,2019,Transit,117.912,8.497,994.324,0.3981,5179.0,0.501,0.606,21.8,0.302,0.713,0,Kepler
PYC-2020-1780,PYC Star 739,2020,Transit,145.133,12.357,1178.926,0.5026,4895.0,1.244,0.804,189.5,0.67,1.581,0,Kepler
PYC-2015-1781,PYC Star 331,2015,Radial Velocity,1482.239,6.052,139.626,2.2129,4080.0,0.529,0.658,70.3,0.198,0.467,0,Kepler
PYC-2018-1782,PYC Star 802,2018,Transit,40.378,1.307,2.673,0.2607,4428.0,1.75,1.45,272.7,0.771,1.819,0,OGLE
PYC-2002-1783,PYC Star 331,2002,Transit,2.025,13.503,2180.681,0.0314,5410.0,1.15,1.002,127.7,0.756,1.784,0,CoRoT
PYC-2003-1784,PYC Star 075,2003,Transit,27.158,13.074,491.955,0.1891,4397.0,1.389,1.224,82.0,0.603,1.424,0,HAT-P
PYC-2019-1785,PYC Star 649,2019,Radial Velocity,267.022,6.47,117.115,0.857,5190.0,0.656,1.178,159.0,0.397,0.937,0,HIRES
PYC-2016-1786,PYC Star 594,2016,Transit,32.293,14.194,381.35,0.1937,4812.0,2.403,0.93,157.7,1.25,2.95,0,Kepler
PYC-1994-1787,PYC Star 897,1994,Transit,6.546,2.735,18.091,0.0769,3849.0,2.212,1.413,11.8,0.736,1.737,0,K2
PYC-2014-1788,PYC Star 090,2014,Radial Velocity,152.802,3.801,49.185,0.5897,6259.0,1.092,1.171,55.6,0.961,2.269,0,OGLE
PYC-2005-1789,PYC Star 475,2005,Transit,22.219,1.687,2.367,0.149,5335.0,1.527,0.895,19.3,0.976,2.304,0,Kepler
PYC-2000-1790,PYC Star 638,2000,Radial Velocity,2153.017,1.402,4.932,2.6811,5098.0,0.786,0.555,127.9,0.459,1.082,0,TESS
PYC-2006-1791,PYC Star 361,2006,Transit,9.26,8.927,206.873,0.0917,5300.0,0.509,1.2,12.5,0.321,0.757,0,TESS
PYC-2022-1792,PYC Star 236,2022,Transit,241.194,0.776,0.436,0.6546,3186.0,1.288,0.643,48.1,0.294,0.693,1,TESS
PYC-2000-1793,PYC Star 265,2000,Transit,56.624,2.13,7.577,0.3017,4356.0,0.595,1.142,155.6,0.254,0.599,1,Other
PYC-2008-1794,PYC Star 010,2008,Radial Velocity,0.799,3.577,61.008,0.017,3425.0,1.623,1.028,31.9,0.428,1.01,0,Kepler
PYC-2007-1795,PYC Star 562,2007,Transit,26.448,3.64,18.731,0.1482,4912.0,1.442,0.621,216.5,0.782,1.845,0,TESS
PYC-2014-1796,PYC Star 700,2014,Transit,0.519,12.358,798.55,0.013,5093.0,1.0,1.095,73.2,0.583,1.376,0,Gaia
PYC-1997-1797,PYC Star 406,1997,Transit,459.945,2.283,12.601,1.1924,4927.0,0.976,1.069,35.3,0.532,1.256,0,K2
PYC-2007-1798,PYC Star 036,2007,Transit,280.808,0.603,0.357,0.8585,5861.0,1.405,1.071,39.5,1.084,2.558,0,HAT-P
PYC-2017-1799,PYC Star 695,2017,Transit,0.628,2.746,18.707,0.0146,3452.0,1.018,1.053,139.2,0.273,0.644,0,SPITZER
PYC-2006-1800,PYC Star 817,2006,Transit,34.547,0.854,0.972,0.1924,4081.0,0.75,0.796,52.7,0.281,0.662,0,Kepler
PYC-2018-1801,PYC Star 546,2018,Transit,2128.552,1.05,0.859,3.4698,5173.0,0.455,1.23,565.0,0.274,0.646,0,Kepler
PYC-2012-1802,PYC Star 079,2012,Transit,5.071,4.398,109.38,0.0533,5038.0,1.386,0.786,35.7,0.79,1.864,0,Kepler
PYC-2008-1803,PYC Star 371,2008,Transit,1277.293,2.01,5.809,2.0325,3616.0,1.061,0.687,20.7,0.312,0.736,0,Kepler
PYC-2002-1804,PYC Star 512,2002,Transit,1.54,1.669,3.352,0.0282,5877.0,3.11,1.266,145.3,2.413,5.695,0,K2
PYC-2019-1805,PYC Star 857,2019,Transit,0.424,3.906,67.798,0.0123,6189.0,0.862,1.388,203.7,0.742,1.75,0,Kepler
PYC-2015-1806,PYC Star 449,2015,Transit,45.484,8.703,202.423,0.2676,5183.0,1.031,1.236,65.7,0.622,1.468,0,TESS
PYC-2017-1807,PYC Star 011,2017,Transit,3.382,10.319,507.029,0.043,3442.0,1.042,0.93,12.4,0.277,0.654,0,HAT-P
PYC-2005-1808,PYC Star 634,2005,Transit,1021.193,2.054,4.526,1.5827,4944.0,1.206,0.507,66.7,0.662,1.563,0,Kepler
PYC-1999-1809,PYC Star 620,1999,Transit,163.512,11.437,1988.992,0.6956,5106.0,0.582,1.68,1.0,0.341,0.805,0,TESS
PYC-2005-1810,PYC Star 212,2005,Transit,183.57,1.194,5.025,0.5032,4555.0,0.869,0.504,139.4,0.405,0.956,1,Kepler
PYC-2008-1811,PYC Star 370,2008,Transit,162.578,3.826,30.989,0.6242,6013.0,1.306,1.228,371.5,1.061,2.503,0,WASP
PYC-2009-1812,PYC Star 039,2009,Radial Velocity,171.026,5.057,87.699,0.7713,4696.0,0.775,2.093,9.6,0.384,0.906,0,K2
PYC-2016-1813,PYC Star 110,2016,Transit,314.178,1.031,1.085,0.9204,6694.0,1.284,1.054,63.2,1.293,3.051,0,Kepler
PYC-2007-1814,PYC Star 280,2007,Radial Velocity,157.731,7.059,135.237,0.5911,5505.0,0.94,1.107,218.0,0.64,1.51,0,Gaia
PYC-2024-1815,PYC Star 084,2024,Transit,683.798,4.03,39.788,1.5877,5048.0,1.078,1.142,1.4,0.617,1.457,0,HAT-P
PYC-2023-1816,PYC Star 249,2023,Radial Velocity,58.186,8.603,263.795,0.3007,5628.0,1.511,1.072,291.9,1.075,2.537,0,WASP
PYC-2007-1817,PYC Star 584,2007,Transit,9.141,0.801,0.263,0.1126,6178.0,0.812,2.277,311.7,0.697,1.644,0,WASP
PYC-2004-1818,PYC Star 345,2004,Transit,25.77,7.276,198.649,0.1548,5609.0,0.468,0.744,7.0,0.331,0.781,0,TESS
PYC-1995-1819,PYC Star 133,1995,Transit,20.323,0.966,0.896,0.1302,4732.0,0.798,0.712,21.1,0.402,0.948,0,Kepler
PYC-2014-1820,PYC Star 562,2014,Microlensing,7.772,14.159,1149.5,0.0739,4206.0,0.621,0.892,932.0,0.247,0.582,0,TESS
PYC-2007-1821,PYC Star 770,2007,Transit,16.294,1.498,2.752,0.1541,3790.0,0.346,1.839,256.0,0.112,0.263,1,OGLE
PYC-2018-1822,PYC Star 531,2018,Transit,12.414,1.036,0.917,0.0981,2603.0,0.858,0.817,195.5,0.131,0.308,0,Other
PYC-2015-1823,PYC Star 280,2015,Transit,1.078,4.3,68.689,0.0216,4957.0,0.984,1.163,84.5,0.543,1.282,0,TESS
PYC-2004-1824,PYC Star 726,2004,Radial Velocity,661.456,14.361,1331.824,1.6835,4451.0,1.425,1.455,291.3,0.634,1.497,0,K2
PYC-2005-1825,PYC Star 310,2005,Transit,341.516,6.514,262.564,1.0472,4499.0,0.539,1.313,59.7,0.245,0.578,0,WASP
PYC-2011-1826,PYC Star 014,2011,Transit,8.129,2.84,19.331,0.0891,5726.0,0.937,1.428,134.4,0.69,1.628,0,WASP
PYC-2001-1827,PYC Star 594,2001,Transit,1838.673,9.164,287.389,3.4657,4699.0,1.495,1.643,63.9,0.742,1.751,0,Kepler
PYC-1995-1828,PYC Star 647,1995,Microlensing,1909.405,2.279,11.596,3.1224,6506.0,0.695,1.114,12.2,0.661,1.559,0,TESS
PYC-2020-1829,PYC Star 198,2020,Transit,835.413,2.382,3.547,1.6458,4284.0,1.146,0.852,13.4,0.472,1.115,0,Kepler
PYC-2022-1830,PYC Star 339,2022,Transit,0.52,8.763,808.629,0.0129,3926.0,1.847,1.053,90.8,0.64,1.51,0,TESS
PYC-2003-1831,PYC Star 007,2003,Imaging,10.979,4.549,58.909,0.0929,3668.0,0.389,0.888,115.2,0.118,0.278,0,HAT-P
PYC-2016-1832,PYC Star 423,2016,Transit,23.674,6.384,369.552,0.2165,5450.0,1.017,2.417,427.0,0.679,1.603,0,K2
PYC-2020-1833,PYC Star 401,2020,Transit,243.854,11.259,350.833,0.7179,5836.0,1.519,0.83,84.1,1.162,2.743,0,CoRoT
PYC-2005-1834,PYC Star 233,2005,Transit,115.344,2.264,4.787,0.4906,4265.0,0.769,1.184,239.9,0.314,0.741,1,K2
PYC-2005-1835,PYC Star 475,2005,Transit,170.145,1.155,1.748,0.5044,3842.0,1.68,0.591,14.4,0.557,1.315,0,Kepler
PYC-2016-1836,PYC Star 611,2016,Transit,375.888,5.983,125.494,1.0352,6177.0,1.197,1.048,181.2,1.026,2.422,0,HAT-P
PYC-1992-1837,PYC Star 401,1992,Transit,1893.675,0.31,0.056,2.8969,3495.0,1.995,0.904,174.7,0.547,1.292,0,TESS
PYC-2020-1838,PYC Star 716,2020,Radial Velocity,54.852,0.95,0.961,0.3057,5709.0,1.17,1.267,5.2,0.857,2.021,0,OGLE
PYC-2014-1839,PYC Star 412,2014,Radial Velocity,1274.324,1.724,3.008,2.4966,4286.0,2.072,1.278,44.9,0.855,2.018,0,WASP
PYC-2009-1840,PYC Star 368,2009,Transit,574.822,3.746,14.746,1.5962,5157.0,1.03,1.642,62.0,0.616,1.453,0,OGLE
PYC-2000-1841,PYC Star 599,2000,Transit,8.157,5.443,94.313,0.0927,5769.0,0.486,1.597,32.1,0.364,0.858,0,Kepler
PYC-2006-1842,PYC Star 155,2006,Transit,568.962,0.51,0.091,1.3334,5229.0,0.678,0.977,19.6,0.416,0.982,0,TESS
PYC-2009-1843,PYC Star 761,2009,Microlensing,1.14,1.433,1.28,0.0191,4534.0,1.423,0.719,168.4,0.657,1.551,0,K2
PYC-2024-1844,PYC Star 544,2024,Transit,1.649,1.429,2.09,0.0248,6056.0,1.411,0.749,11.9,1.162,2.743,0,HAT-P
PYC-2010-1845,PYC Star 329,2010,Transit,2802.77,5.272,93.465,4.0303,5060.0,0.783,1.112,38.4,0.45,1.062,0,TESS
PYC-2015-1846,PYC Star 211,2015,Transit,18.334,11.57,1571.484,0.1386,8114.0,2.027,1.057,9.9,2.998,7.076,0,Kepler
PYC-2011-1847,PYC Star 711,2011,Transit,24.377,8.104,376.096,0.1696,3265.0,0.767,1.094,1.0,0.184,0.434,0,TESS
PYC-2023-1848,PYC Star 013,2023,Transit,1938.041,1.384,4.763,2.858,3252.0,1.108,0.829,22.1,0.263,0.621,0,HAT-P
PYC-2000-1849,PYC Star 057,2000,Radial Velocity,10.097,8.298,339.811,0.1081,5695.0,1.094,1.654,126.8,0.797,1.881,0,Kepler
PYC-2014-1850,PYC Star 547,2014,Transit,3.314,1.339,2.567,0.0366,4771.0,0.495,0.597,150.1,0.253,0.597,0,WASP
PYC-2016-1851,PYC Star 432,2016,Radial Velocity,0.801,1.257,6.339,0.0158,5513.0,0.856,0.813,48.3,0.585,1.38,0,KMT
PYC-2013-1852,PYC Star 155,2013,Transit,42.388,2.7,6.826,0.2098,3811.0,2.627,0.686,256.7,0.857,2.023,0,Kepler
PYC-2004-1853,PYC Star 339,2004,Radial Velocity,2.376,1.917,4.418,0.034,4849.0,0.594,0.929,74.7,0.314,0.741,0,TESS
PYC-2021-1854,PYC Star 704,2021,Radial Velocity,0.713,5.097,58.376,0.0181,5212.0,1.192,1.547,85.5,0.728,1.717,0,KMT
PYC-2006-1855,PYC Star 419,2006,Astrometry,565.919,0.906,1.21,1.2948,4311.0,0.535,0.904,19.1,0.223,0.527,0,Kepler
PYC-2006-1856,PYC Star 475,2006,Transit,7.506,5.137,43.175,0.0759,5009.0,0.592,1.036,293.8,0.333,0.787,0,Kepler
PYC-2017-1857,PYC Star 083,2017,Transit,70.345,2.956,24.532,0.3604,3575.0,0.476,1.262,132.7,0.137,0.323,0,CoRoT
PYC-2014-1858,PYC Star 649,2014,Transit,1.018,6.876,200.907,0.019,5155.0,1.375,0.889,447.9,0.821,1.937,0,TESS
PYC-2017-1859,PYC Star 125,2017,Transit,36.41,2.21,11.802,0.2248,6101.0,0.608,1.143,4.5,0.508,1.2,0,OGLE
PYC-2013-1860,PYC Star 210,2013,Transit,112.326,0.524,0.277,0.4691,3686.0,1.592,1.092,507.3,0.486,1.147,0,CoRoT
PYC-1996-1861,PYC Star 264,1996,Pulsar Timing,22.147,10.047,869.602,0.1353,3632.0,0.709,0.673,25.7,0.21,0.496,0,TESS
PYC-2005-1862,PYC Star 388,2005,Pulsar Timing,8.125,1.222,1.642,0.0749,5871.0,0.953,0.85,90.1,0.738,1.742,0,TESS
PYC-2002-1863,PYC Star 246,2002,Transit,6.413,4.037,49.072,0.0704,3616.0,1.083,1.132,250.6,0.318,0.751,0,Kepler
PYC-2022-1864,PYC Star 734,2022,Transit,1.062,0.978,0.653,0.0237,5557.0,0.435,1.566,168.5,0.302,0.712,0,TESS
PYC-1994-1865,PYC Star 347,1994,Radial Velocity,1.123,11.102,322.524,0.0246,4850.0,0.986,1.566,319.9,0.521,1.23,0,Kepler
PYC-2014-1866,PYC Star 032,2014,Microlensing,33.336,1.471,6.592,0.2589,4424.0,1.053,2.082,236.3,0.463,1.093,0,Other
PYC-1996-1867,PYC Star 412,1996,Transit,1.38,1.797,3.057,0.0257,6120.0,1.503,1.185,131.9,1.265,2.985,0,Kepler
PYC-2005-1868,PYC Star 111,2005,Transit,2.937,1.292,2.685,0.0382,5635.0,0.584,0.865,23.0,0.417,0.984,0,Kepler
PYC-2001-1869,PYC Star 199,2001,Radial Velocity,1.741,8.823,374.858,0.0281,5052.0,0.623,0.978,66.1,0.357,0.843,0,HAT-P
PYC-2015-1870,PYC Star 532,2015,Transit,514.916,1.112,2.372,1.2407,2863.0,1.211,0.961,389.8,0.223,0.526,0,Kepler
PYC-2011-1871,PYC Star 557,2011,Transit,22.118,1.685,1.695,0.147,5441.0,1.699,0.867,41.0,1.13,2.667,0,TESS
PYC-2021-1872,PYC Star 600,2021,Transit Timing Variations,55.383,2.854,23.856,0.2973,3836.0,0.689,1.143,576.1,0.228,0.538,0,SPITZER
PYC-2006-1873,PYC Star 338,2006,Transit Timing Variations,72.62,1.849,4.799,0.3582,4601.0,0.516,1.162,104.8,0.245,0.579,1,HAT-P
PYC-2010-1874,PYC Star 754,2010,Radial Velocity,13.743,1.675,2.83,0.0979,4807.0,0.78,0.663,202.6,0.405,0.956,0,Kepler
PYC-2003-1875,PYC Star 055,2003,Radial Velocity,5.735,1.379,2.033,0.0712,6508.0,0.57,1.464,5.6,0.543,1.281,0,Kepler
PYC-2023-1876,PYC Star 341,2023,Transit,12.136,1.341,3.599,0.0834,4572.0,1.076,0.526,143.2,0.505,1.193,0,TESS
PYC-2018-1877,PYC Star 220,2018,Transit,47.264,8.649,393.407,0.2493,3520.0,0.554,0.925,270.5,0.154,0.364,0,TESS
PYC-2014-1878,PYC Star 038,2014,Transit,9.808,10.259,399.064,0.1025,6123.0,1.394,1.495,76.0,1.174,2.771,0,Kepler
PYC-2013-1879,PYC Star 504,2013,Transit,1.353,10.553,259.065,0.0257,5453.0,0.99,1.237,59.6,0.662,1.561,0,Kepler
PYC-2007-1880,PYC Star 052,2007,Transit,1388.842,1.829,2.816,2.3368,5487.0,1.414,0.883,90.6,0.956,2.257,0,OGLE
PYC-2001-1881,PYC Star 546,2001,Transit,275.536,3.408,35.325,1.0427,6140.0,0.302,1.992,78.2,0.256,0.604,0,K2
PYC-1994-1882,PYC Star 769,1994,Transit,0.723,0.773,0.27,0.015,6351.0,0.408,0.857,422.7,0.37,0.872,0,OGLE
PYC-2005-1883,PYC Star 719,2005,Radial Velocity,1293.31,13.457,812.077,1.8393,3997.0,1.61,0.496,241.2,0.578,1.364,0,Kepler
PYC-1993-1884,PYC Star 613,1993,Transit,1.831,0.579,0.923,0.0309,3548.0,0.651,1.172,252.2,0.184,0.435,0,TESS
PYC-2006-1885,PYC Star 221,2006,Transit,0.957,4.075,48.538,0.0154,5558.0,0.465,0.537,113.2,0.323,0.762,0,TESS
PYC-2016-1886,PYC Star 588,2016,Transit,1.876,1.79,6.59,0.027,4564.0,0.822,0.748,731.4,0.384,0.907,0,K2
PYC-2017-1887,PYC Star 506,2017,Transit,1650.53,3.587,16.286,2.9393,4645.0,1.004,1.244,250.0,0.487,1.148,0,TESS
PYC-2018-1888,PYC Star 445,2018,Radial Velocity,2.881,0.503,0.091,0.0376,3790.0,0.838,0.851,174.4,0.271,0.639,0,Kepler
PYC-2012-1889,PYC Star 429,2012,Transit,448.437,1.72,6.098,1.2269,5326.0,1.111,1.225,73.4,0.708,1.671,1,KMT
PYC-2020-1890,PYC Star 128,2020,Transit,124.129,11.903,543.706,0.4254,5162.0,1.045,0.667,41.1,0.626,1.477,0,HAT-P
PYC-2000-1891,PYC Star 763,2000,Radial Velocity,40.757,6.31,216.25,0.2562,4660.0,1.021,1.35,266.9,0.498,1.175,0,Kepler
PYC-2011-1892,PYC Star 752,2011,Transit,10.441,1.687,4.181,0.0768,3550.0,1.651,0.553,111.4,0.468,1.103,0,TESS
PYC-2017-1893,PYC Star 657,2017,Transit,0.917,5.876,591.376,0.0215,5888.0,0.894,1.586,25.7,0.697,1.644,0,HIRES
PYC-2008-1894,PYC Star 493,2008,Transit,226.929,0.937,0.667,0.6888,5030.0,0.883,0.847,86.8,0.502,1.184,1,TESS
PYC-2016-1895,PYC Star 119,2016,Transit,13.548,6.15,136.628,0.133,5806.0,1.292,1.709,16.0,0.978,2.308,0,K2
PYC-2018-1896,PYC Star 571,2018,Transit,47.333,4.473,33.048,0.2322,2907.0,1.154,0.745,43.3,0.219,0.517,0,OGLE
PYC-2007-1897,PYC Star 862,2007,Transit,0.635,1.838,8.574,0.0181,4851.0,0.6,1.961,58.6,0.317,0.748,0,Kepler
PYC-1996-1898,PYC Star 120,1996,Transit,406.319,2.281,11.182,0.9601,4155.0,0.863,0.715,81.3,0.335,0.79,0,WASP
PYC-2019-1899,PYC Star 320,2019,Transit,192.599,1.426,1.637,0.5294,4833.0,1.096,0.534,357.6,0.575,1.357,0,Kepler
PYC-2020-1900,PYC Star 815,2020,Transit,44.992,5.39,71.616,0.2488,5649.0,0.691,1.015,38.1,0.495,1.169,0,WASP
PYC-2010-1901,PYC Star 859,2010,Transit,33.518,1.774,9.264,0.235,5133.0,0.706,1.54,103.9,0.418,0.986,0,TESS
PYC-2019-1902,PYC Star 401,2019,Radial Velocity,8.092,0.676,0.71,0.0865,4816.0,0.481,1.319,1.0,0.251,0.592,0,Kepler
PYC-2005-1903,PYC Star 257,2005,Transit,8.49,11.053,267.661,0.0933,4812.0,0.246,1.502,134.8,0.128,0.302,0,KMT
PYC-2019-1904,PYC Star 258,2019,Transit,0.737,5.215,61.013,0.0175,3396.0,0.761,1.328,184.7,0.197,0.465,0,TESS
PYC-2013-1905,PYC Star 422,2013,Transit,183.281,2.191,20.082,0.5738,3984.0,0.953,0.75,85.8,0.34,0.802,0,K2
PYC-2015-1906,PYC Star 288,2015,Transit,0.597,4.161,39.392,0.0152,5809.0,0.55,1.308,54.4,0.417,0.984,0,WASP
PYC-2003-1907,PYC Star 495,2003,Transit,0.405,1.705,4.613,0.0108,4345.0,1.673,1.033,301.5,0.71,1.675,0,TESS
PYC-2007-1908,PYC Star 072,2007,Radial Velocity,0.527,12.294,1196.466,0.0118,5826.0,0.562,0.78,110.9,0.429,1.011,0,Kepler
PYC-1998-1909,PYC Star 058,1998,Radial Velocity,2.457,11.238,291.236,0.0364,5544.0,1.357,1.065,8.6,0.937,2.211,0,WASP
PYC-2013-1910,PYC Star 005,2013,Transit,64.804,13.319,551.197,0.3137,5591.0,1.087,0.98,253.7,0.763,1.801,0,Other
PYC-2024-1911,PYC Star 644,2024,Transit,174.419,0.641,0.281,0.7207,5100.0,2.396,1.641,27.1,1.4,3.304,0,Kepler
PYC-1999-1912,PYC Star 831,1999,Radial Velocity,17.078,3.306,43.009,0.1222,4408.0,1.147,0.835,102.9,0.501,1.182,0,KMT
PYC-1996-1913,PYC Star 095,1996,Transit,15.331,1.758,7.592,0.1131,4664.0,0.469,0.822,56.3,0.229,0.541,0,CoRoT
PYC-2023-1914,PYC Star 823,2023,Transit,68.729,1.423,3.768,0.3027,5376.0,1.446,0.783,81.9,0.939,2.217,0,Kepler
PYC-2017-1915,PYC Star 148,2017,Transit,82.187,1.754,4.225,0.4616,2887.0,1.932,1.942,99.9,0.362,0.854,1,WASP
PYC-2009-1916,PYC Star 044,2009,Transit,752.45,1.736,7.763,1.5021,5919.0,0.405,0.799,186.1,0.319,0.753,0,TESS
PYC-1999-1917,PYC Star 261,1999,Radial Velocity,597.141,7.8,203.258,1.6145,4350.0,1.2,1.574,175.6,0.51,1.204,0,OGLE
PYC-2006-1918,PYC Star 264,2006,Transit,621.262,0.988,1.361,1.2634,4722.0,1.325,0.697,29.2,0.664,1.567,1,CoRoT
PYC-2008-1919,PYC Star 864,2008,Microlensing,746.932,3.594,46.163,1.7092,4730.0,0.818,1.194,65.6,0.411,0.97,0,Kepler
PYC-2014-1920,PYC Star 102,2014,Transit,1026.732,1.422,6.131,2.0537,4764.0,0.303,1.096,184.6,0.154,0.364,0,Kepler
PYC-2020-1921,PYC Star 875,2020,Transit,56.747,11.022,524.074,0.3337,3618.0,0.788,1.54,75.3,0.232,0.547,0,K2
PYC-2009-1922,PYC Star 775,2009,Transit,80.978,7.013,138.784,0.4159,4937.0,0.693,1.464,161.5,0.379,0.895,0,TESS
PYC-2021-1923,PYC Star 440,2021,Transit,263.091,1.858,10.057,0.8113,5335.0,1.791,1.029,25.2,1.145,2.703,0,SPITZER
PYC-2013-1924,PYC Star 606,2013,Transit,2.362,0.932,1.738,0.0326,2960.0,0.865,0.829,400.2,0.17,0.402,0,OGLE
PYC-2006-1925,PYC Star 480,2006,Transit,9.974,0.454,0.103,0.1096,3629.0,0.748,1.766,93.1,0.221,0.522,0,OGLE
PYC-2004-1926,PYC Star 819,2004,Transit,1376.088,12.56,435.657,2.2478,5606.0,0.691,0.8,16.8,0.488,1.152,0,TESS
PYC-1999-1927,PYC Star 191,1999,Transit,42.442,0.729,0.851,0.1828,5439.0,1.042,0.452,39.5,0.692,1.634,0,Kepler
PYC-2018-1928,PYC Star 860,2018,Transit,0.635,1.609,1.592,0.0116,5069.0,0.923,0.522,226.3,0.533,1.258,0,HAT-P
PYC-2001-1929,PYC Star 376,2001,Transit,14.915,2.37,4.252,0.0982,4186.0,0.631,0.568,36.5,0.248,0.586,0,Kepler
PYC-2010-1930,PYC Star 838,2010,Transit,1.679,1.679,3.535,0.0296,5444.0,1.014,1.232,72.9,0.675,1.593,0,Kepler
PYC-2018-1931,PYC Star 885,2018,Transit,9.609,1.325,2.187,0.1145,3717.0,0.7,2.171,108.4,0.217,0.513,0,Kepler
PYC-1997-1932,PYC Star 763,1997,Radial Velocity,51.746,0.92,0.474,0.2142,4676.0,0.28,0.49,19.1,0.138,0.325,1,SPITZER
PYC-2008-1933,PYC Star 711,2008,Radial Velocity,36.266,1.217,1.861,0.1957,3624.0,1.216,0.76,14.9,0.359,0.847,0,HAT-P
PYC-2009-1934,PYC Star 391,2009,Transit,31.817,0.524,0.213,0.1986,4654.0,1.165,1.032,163.2,0.567,1.338,0,Kepler
PYC-2008-1935,PYC Star 627,2008,Transit,0.471,3.997,28.861,0.0142,3873.0,0.985,1.718,105.1,0.332,0.783,0,HIRES
PYC-2021-1936,PYC Star 221,2021,Transit,21.226,11.788,1687.73,0.1369,5480.0,0.738,0.759,299.6,0.498,1.174,0,HAT-P
PYC-2007-1937,PYC Star 251,2007,Transit,0.518,1.292,2.414,0.0135,5190.0,0.871,1.23,99.1,0.527,1.244,0,TESS
PYC-2010-1938,PYC Star 667,2010,Transit,14.822,10.542,802.803,0.1147,4286.0,1.301,0.916,165.1,0.537,1.268,0,Kepler
PYC-2023-1939,PYC Star 686,2023,Transit,128.595,3.924,16.889,0.6759,5781.0,0.677,2.491,27.5,0.509,1.2,0,K2
PYC-2020-1940,PYC Star 236,2020,Transit,1.23,6.148,54.026,0.0229,3939.0,1.325,1.052,29.0,0.462,1.09,0,K2
PYC-2009-1941,PYC Star 869,2009,Transit,1427.613,8.711,349.986,2.5864,4768.0,0.463,1.133,134.6,0.237,0.559,0,CoRoT
PYC-2018-1942,PYC Star 614,2018,Transit,111.002,6.382,313.12,0.4565,4247.0,0.971,1.03,150.7,0.393,0.928,0,TESS
PYC-1999-1943,PYC Star 889,1999,Transit,2.788,2.705,8.022,0.0369,5468.0,0.91,0.865,20.5,0.612,1.443,0,Kepler
PYC-2011-1944,PYC Star 431,2011,Radial Velocity,13.464,0.567,0.245,0.1237,5379.0,1.413,1.394,149.2,0.919,2.168,0,K2
PYC-2015-1945,PYC Star 540,2015,Microlensing,0.95,4.274,23.544,0.0165,5972.0,0.595,0.667,110.5,0.477,1.125,0,TESS
PYC-2025-1946,PYC Star 587,2025,Transit,0.487,8.499,182.076,0.0096,4875.0,0.625,0.496,97.3,0.334,0.788,0,KMT
PYC-1998-1947,PYC Star 145,1998,Microlensing,1416.052,3.192,22.508,2.425,2500.0,0.481,0.949,386.4,0.067,0.159,0,Kepler
PYC-2022-1948,PYC Star 252,2022,Transit,165.363,8.206,186.1,0.6485,4412.0,0.697,1.33,158.7,0.305,0.72,0,WASP
PYC-2017-1949,PYC Star 867,2017,Microlensing,419.988,1.331,1.096,1.0257,6209.0,1.01,0.816,60.5,0.874,2.063,1,Other
PYC-1998-1950,PYC Star 606,1998,Microlensing,103.043,0.803,0.291,0.4396,4508.0,0.401,1.067,9.0,0.183,0.432,0,HAT-P
PYC-2012-1951,PYC Star 487,2012,Transit,1305.666,3.62,11.04,2.0276,3074.0,0.737,0.652,68.3,0.157,0.369,0,TESS
PYC-2021-1952,PYC Star 003,2021,Radial Velocity,1185.224,2.029,7.992,2.4811,5204.0,1.185,1.451,278.8,0.721,1.701,0,HAT-P
PYC-2013-1953,PYC Star 035,2013,Imaging,0.672,0.358,0.093,0.0162,5272.0,0.859,1.256,21.7,0.536,1.266,0,KMT
PYC-2021-1954,PYC Star 501,2021,Radial Velocity,2.169,3.468,34.108,0.0329,4146.0,0.931,1.007,87.0,0.359,0.848,0,HAT-P
PYC-2013-1955,PYC Star 074,2013,Imaging,13.67,0.442,0.076,0.1141,4578.0,0.457,1.061,31.3,0.215,0.508,0,Kepler
PYC-2011-1956,PYC Star 128,2011,Transit,8.391,1.505,4.787,0.0687,4037.0,0.86,0.614,285.3,0.315,0.744,0,Kepler
PYC-1996-1957,PYC Star 519,1996,Transit,43.52,1.38,3.288,0.2069,5270.0,0.912,0.624,70.2,0.569,1.343,0,Kepler
PYC-2017-1958,PYC Star 864,2017,Radial Velocity,4.314,2.034,6.358,0.0511,4851.0,0.836,0.958,46.6,0.442,1.043,0,Kepler
PYC-2014-1959,PYC Star 751,2014,Transit,492.338,2.136,6.648,1.2956,3751.0,0.964,1.197,26.0,0.305,0.719,0,WASP
PYC-2022-1960,PYC Star 419,2022,Transit,0.428,11.348,399.764,0.0119,4791.0,0.783,1.218,7.2,0.404,0.953,0,Kepler
PYC-2022-1961,PYC Star 847,2022,Transit,466.898,0.549,0.232,1.129,4140.0,0.733,0.881,23.4,0.282,0.666,0,WASP
PYC-2007-1962,PYC Star 545,2007,Transit,13.378,1.028,2.413,0.1203,6115.0,0.564,1.298,54.1,0.474,1.117,0,WASP
PYC-2018-1963,PYC Star 850,2018,Transit,0.419,0.914,1.399,0.0129,5604.0,1.395,1.644,201.8,0.985,2.324,0,TESS
PYC-2009-1964,PYC Star 214,2009,Radial Velocity,766.454,7.369,158.334,1.6222,4690.0,0.518,0.969,1.0,0.256,0.604,0,Kepler
PYC-2009-1965,PYC Star 521,2009,Transit,21.541,1.002,1.315,0.1571,4873.0,0.966,1.114,270.1,0.515,1.217,0,K2
PYC-2014-1966,PYC Star 830,2014,Radial Velocity,257.288,0.696,0.225,0.7727,5712.0,2.035,0.93,16.3,1.492,3.521,0,Kepler
PYC-2011-1967,PYC Star 883,2011,Radial Velocity,1014.151,0.88,1.034,1.9466,4644.0,1.477,0.957,126.7,0.716,1.689,0,HIRES
PYC-2006-1968,PYC Star 774,2006,Transit,0.543,0.802,0.372,0.0133,5483.0,1.132,1.061,57.4,0.764,1.804,0,K2
PYC-2015-1969,PYC Star 135,2015,Transit,4.149,4.718,79.715,0.0616,6130.0,1.007,1.815,243.4,0.85,2.006,0,Kepler
PYC-2016-1970,PYC Star 557,2016,Transit,1.156,10.026,1768.897,0.024,4358.0,0.85,1.378,63.3,0.363,0.856,0,Kepler
PYC-2022-1971,PYC Star 086,2022,Imaging,0.959,3.016,13.267,0.021,6282.0,0.6,1.335,37.6,0.532,1.255,0,TESS
PYC-2013-1972,PYC Star 345,2013,Radial Velocity,1847.044,1.156,6.286,2.7943,6020.0,0.803,0.853,32.8,0.654,1.542,0,CoRoT
PYC-2003-1973,PYC Star 028,2003,Transit,529.286,2.169,9.564,1.1532,5024.0,1.166,0.73,87.8,0.661,1.56,1,Other
PYC-2018-1974,PYC Star 683,2018,Transit,10.361,1.08,0.839,0.0973,4400.0,1.073,1.146,7.7,0.467,1.101,0,Kepler
PYC-2014-1975,PYC Star 696,2014,Transit,184.231,10.414,297.241,0.7326,5013.0,1.283,1.545,454.1,0.724,1.71,0,Kepler
PYC-2006-1976,PYC Star 084,2006,Transit,1462.065,2.167,24.371,3.0825,4580.0,1.558,1.828,224.3,0.734,1.733,0,HAT-P
PYC-2009-1977,PYC Star 825,2009,Microlensing,2.869,1.099,1.636,0.0297,4087.0,0.838,0.424,73.4,0.314,0.742,0,K2
PYC-2002-1978,PYC Star 755,2002,Radial Velocity,0.454,1.566,2.417,0.0154,5279.0,0.981,2.354,82.5,0.614,1.45,0,K2
PYC-2009-1979,PYC Star 756,2009,Transit,624.497,5.391,72.152,1.5011,3879.0,0.383,1.157,23.9,0.129,0.305,0,HIRES
PYC-2008-1980,PYC Star 403,2008,Radial Velocity,252.674,4.402,58.479,0.8697,4495.0,2.484,1.375,159.3,1.128,2.661,0,TESS
PYC-2017-1981,PYC Star 845,2017,Transit,1.671,2.671,12.802,0.0225,4507.0,0.747,0.544,50.9,0.341,0.805,0,TESS
PYC-1997-1982,PYC Star 884,1997,Radial Velocity,31.584,9.679,434.735,0.1902,3571.0,1.207,0.92,65.7,0.346,0.816,0,Gaia
PYC-2021-1983,PYC Star 493,2021,Transit,1.674,3.355,56.501,0.0304,5393.0,0.747,1.334,125.7,0.488,1.151,0,Kepler
PYC-2001-1984,PYC Star 341,2001,Transit,86.542,11.914,357.122,0.3339,4594.0,0.739,0.663,136.6,0.35,0.827,0,Kepler
PYC-2016-1985,PYC Star 686,2016,Microlensing,129.251,2.367,12.965,0.3572,5969.0,0.809,0.364,128.0,0.647,1.528,0,Kepler
PYC-2003-1986,PYC Star 040,2003,Transit,4.723,1.906,5.16,0.0573,4580.0,0.514,1.125,18.1,0.242,0.572,0,Kepler
PYC-2022-1987,PYC Star 303,2022,Transit,424.475,1.492,2.207,1.099,4434.0,0.295,0.983,104.6,0.13,0.307,0,TESS
PYC-2019-1988,PYC Star 004,2019,Transit Timing Variations,27.37,9.103,533.01,0.2103,3986.0,1.517,1.656,52.3,0.541,1.277,0,OGLE
PYC-2023-1989,PYC Star 690,2023,Transit,218.394,5.312,37.017,0.6966,4835.0,1.151,0.946,261.7,0.604,1.426,0,Other
PYC-2021-1990,PYC Star 039,2021,Transit,120.606,3.871,10.336,0.4729,4840.0,0.596,0.97,12.1,0.314,0.74,0,WASP
PYC-1999-1991,PYC Star 677,1999,Transit,22.324,1.895,5.894,0.1683,5468.0,1.103,1.277,146.6,0.741,1.748,0,SPITZER
PYC-2013-1992,PYC Star 509,2013,Transit,5.45,0.557,0.204,0.0684,4860.0,1.304,1.436,365.6,0.692,1.633,0,TESS
PYC-2012-1993,PYC Star 392,2012,Transit,2.476,0.983,0.486,0.033,6685.0,0.659,0.78,19.8,0.661,1.561,0,K2
PYC-2022-1994,PYC Star 568,2022,Transit,310.913,8.76,119.967,1.0028,5211.0,1.083,1.392,226.4,0.661,1.559,0,Kepler
PYC-2013-1995,PYC Star 040,2013,Radial Velocity,122.922,4.513,132.055,0.4553,3912.0,1.416,0.833,352.9,0.487,1.149,0,TESS
PYC-2012-1996,PYC Star 730,2012,Transit,4.906,0.603,0.338,0.0566,3836.0,0.471,1.006,628.3,0.156,0.367,0,K2
PYC-2004-1997,PYC Star 240,2004,Transit,2236.807,6.197,115.879,3.6197,5281.0,1.144,1.265,90.2,0.717,1.692,0,Kepler
PYC-2022-1998,PYC Star 758,2022,Radial Velocity,552.297,1.473,8.197,1.4539,3884.0,1.06,1.344,88.9,0.359,0.848,0,SPITZER
PYC-1994-1999,PYC Star 796,1994,Transit,1.24,1.579,5.463,0.0234,5335.0,2.098,1.118,114.9,1.341,3.166,0,Kepler
PYC-2014-2000,PYC Star 496,2014,Radial Velocity,1.706,2.377,23.005,0.0246,5606.0,1.156,0.685,208.6,0.816,1.927,0,HAT-P
PYC-2003-2001,PYC Star 528,2003,Transit,51.319,0.561,0.124,0.2173,5628.0,0.748,0.52,215.7,0.532,1.256,0,Kepler
PYC-2011-2002,PYC Star 831,2011,Microlensing,0.997,2.287,4.675,0.0191,4018.0,0.788,0.936,184.1,0.286,0.674,0,TESS
PYC-2004-2003,PYC Star 365,2004,Transit,2182.372,1.148,1.95,3.6878,5629.0,2.237,1.405,80.9,1.593,3.758,1,WASP
PYC-2001-2004,PYC Star 358,2001,Transit,118.697,12.281,835.565,0.4981,5090.0,0.767,1.17,61.2,0.447,1.054,0,Kepler
PYC-2008-2005,PYC Star 852,2008,Radial Velocity,0.722,2.745,25.793,0.0162,4253.0,1.172,1.088,17.0,0.476,1.124,0,Kepler
PYC-2015-2006,PYC Star 364,2015,Transit,20.922,1.173,0.67,0.1485,4657.0,0.808,0.998,36.0,0.394,0.929,0,TESS
PYC-2015-2007,PYC Star 330,2015,Transit,2.899,1.287,2.741,0.0412,5224.0,1.464,1.114,148.4,0.898,2.118,0,TESS
PYC-2010-2008,PYC Star 006,2010,Transit,31.812,1.63,5.84,0.175,4194.0,1.497,0.706,112.3,0.592,1.396,0,K2
PYC-2008-2009,PYC Star 295,2008,Transit,3.625,3.389,38.135,0.0506,5072.0,0.891,1.314,48.4,0.515,1.215,0,K2
PYC-2018-2010,PYC Star 225,2018,Transit,668.838,0.917,0.651,1.6521,6101.0,0.749,1.345,99.5,0.627,1.479,0,Kepler
PYC-2009-2011,PYC Star 693,2009,Transit,249.094,1.381,2.998,0.7433,5668.0,0.741,0.883,189.9,0.535,1.263,1,Kepler
PYC-2019-2012,PYC Star 450,2019,Transit,1303.484,5.316,52.263,2.4575,4874.0,0.414,1.165,74.3,0.221,0.521,0,KMT
PYC-2006-2013,PYC Star 320,2006,Transit,2.34,6.553,114.587,0.0282,5011.0,0.942,0.548,58.0,0.531,1.253,0,Kepler
PYC-2018-2014,PYC Star 840,2018,Transit,12.459,10.802,288.822,0.1074,4316.0,0.933,1.065,399.6,0.39,0.921,0,TESS
PYC-2004-2015,PYC Star 402,2004,Transit,528.801,0.879,0.489,1.2601,4341.0,0.623,0.954,31.1,0.264,0.623,0,WASP
PYC-2021-2016,PYC Star 374,2021,Transit,11.239,6.844,131.682,0.1137,3417.0,0.394,1.554,25.2,0.103,0.244,0,OGLE
PYC-2017-2017,PYC Star 650,2017,Transit,11.777,13.252,647.606,0.099,5026.0,0.988,0.933,76.3,0.56,1.323,0,Kepler
PYC-2017-2018,PYC Star 235,2017,Transit,2648.618,5.212,50.051,4.146,5414.0,1.045,1.355,41.5,0.688,1.625,0,TESS
PYC-2003-2019,PYC Star 387,2003,Transit,388.331,1.544,1.616,0.9952,4736.0,1.075,0.872,63.4,0.542,1.278,1,CoRoT
PYC-2005-2020,PYC Star 635,2005,Transit,866.524,1.268,4.941,1.3624,4010.0,0.576,0.449,196.5,0.208,0.492,0,Kepler
PYC-2005-2021,PYC Star 290,2005,Transit,15.104,5.618,69.232,0.1165,4860.0,1.076,0.924,416.0,0.571,1.347,0,Kepler
PYC-2000-2022,PYC Star 386,2000,Transit,74.564,7.449,218.353,0.3548,6008.0,0.831,1.071,9.4,0.673,1.589,0,KMT
PYC-2002-2023,PYC Star 014,2002,Transit,22.283,1.395,0.986,0.1577,5608.0,1.328,1.054,26.5,0.938,2.214,0,TESS
PYC-2011-2024,PYC Star 714,2011,Transit,22.232,11.68,1175.386,0.1578,4773.0,0.58,1.06,194.9,0.297,0.701,0,Kepler
PYC-2007-2025,PYC Star 774,2007,Transit,1.25,1.749,4.65,0.0214,6643.0,1.51,0.838,271.0,1.497,3.533,0,TESS
PYC-2007-2026,PYC Star 601,2007,Radial Velocity,733.46,3.482,20.529,1.5327,7229.0,1.776,0.893,111.5,2.084,4.919,0,K2
PYC-2005-2027,PYC Star 474,2005,Transit,13.045,1.176,1.226,0.0951,4368.0,0.948,0.674,6.1,0.406,0.959,0,Kepler
PYC-2009-2028,PYC Star 804,2009,Transit,71.889,1.009,1.581,0.2681,4579.0,1.079,0.497,161.7,0.508,1.2,0,Kepler
PYC-2014-2029,PYC Star 766,2014,Transit,838.042,9.607,81.934,1.7181,5424.0,1.281,0.963,112.5,0.846,1.998,0,K2
PYC-2004-2030,PYC Star 422,2004,Transit,397.495,2.865,10.218,0.9699,3978.0,0.567,0.77,102.0,0.202,0.476,0,TESS
PYC-2013-2031,PYC Star 556,2013,Transit,2.346,1.785,4.249,0.0392,5564.0,0.723,1.459,295.0,0.503,1.187,0,TESS
PYC-2001-2032,PYC Star 844,2001,Transit,99.731,5.925,95.618,0.3263,4891.0,0.978,0.466,102.3,0.526,1.24,0,Kepler
PYC-2004-2033,PYC Star 181,2004,Transit,33.346,0.836,2.2,0.2098,5134.0,2.241,1.107,64.9,1.327,3.132,0,CoRoT
PYC-2017-2034,PYC Star 700,2017,Transit,4.075,1.676,3.237,0.064,4282.0,0.525,2.101,737.8,0.216,0.511,0,WASP
PYC-2008-2035,PYC Star 327,2008,Radial Velocity,0.576,3.08,30.567,0.0133,4091.0,1.881,0.938,73.3,0.707,1.669,0,TESS
PYC-1998-2036,PYC Star 084,1998,Microlensing,110.291,7.786,513.9,0.4499,3013.0,0.825,0.999,3.1,0.168,0.397,0,Kepler
PYC-2020-2037,PYC Star 376,2020,Transit,420.771,0.894,1.045,1.155,6136.0,0.886,1.161,49.6,0.75,1.769,1,Kepler
PYC-2018-2038,PYC Star 466,2018,Transit,1783.514,9.031,218.05,3.0527,5647.0,1.557,1.193,439.7,1.116,2.633,0,Gaia
PYC-2018-2039,PYC Star 666,2018,Radial Velocity,9.498,2.678,6.812,0.0837,5406.0,2.235,0.867,150.8,1.467,3.463,0,Kepler
PYC-2021-2040,PYC Star 137,2021,Transit,14.095,1.066,1.713,0.1015,5113.0,1.089,0.703,134.6,0.639,1.509,0,K2
PYC-2022-2041,PYC Star 493,2022,Radial Velocity,1.713,12.015,1460.524,0.0302,2726.0,1.52,1.257,55.6,0.254,0.599,0,WASP
PYC-2021-2042,PYC Star 595,2021,Transit,2615.215,1.328,2.748,2.9735,4124.0,0.595,0.513,63.7,0.227,0.536,0,OGLE
PYC-2010-2043,PYC Star 573,2010,Microlensing,783.902,1.046,2.081,1.8335,4570.0,0.709,1.338,35.8,0.333,0.785,0,HIRES
PYC-2015-2044,PYC Star 749,2015,Transit Timing Variations,2055.101,2.829,54.58,3.0221,3827.0,0.49,0.872,203.6,0.161,0.38,0,K2
PYC-2005-2045,PYC Star 678,2005,Transit,33.232,6.522,199.141,0.2024,3276.0,0.714,1.001,330.3,0.172,0.406,0,Other
PYC-2016-2046,PYC Star 419,2016,Transit,2.6,6.104,63.633,0.0348,3920.0,1.161,0.832,48.4,0.401,0.946,0,Kepler
PYC-2015-2047,PYC Star 247,2015,Transit,66.556,5.037,68.656,0.3798,4844.0,0.99,1.65,132.1,0.522,1.232,0,OGLE
PYC-1997-2048,PYC Star 792,1997,Transit,11.065,6.505,258.222,0.1,4844.0,1.958,1.091,169.7,1.032,2.436,0,Kepler
PYC-2001-2049,PYC Star 793,2001,Transit,8.914,1.768,3.887,0.081,5617.0,2.269,0.894,92.2,1.608,3.795,0,SPITZER
PYC-1997-2050,PYC Star 117,1997,Transit Timing Variations,0.834,1.651,7.822,0.0166,6657.0,0.846,0.885,141.5,0.843,1.988,0,KMT
PYC-2002-2051,PYC Star 408,2002,Transit,0.768,1.763,4.222,0.0161,5417.0,0.663,0.949,37.7,0.437,1.031,0,HAT-P
PYC-2016-2052,PYC Star 677,2016,Transit,11.747,1.661,4.419,0.1338,4642.0,1.517,2.314,37.4,0.734,1.733,0,TESS
PYC-2019-2053,PYC Star 595,2019,Radial Velocity,1552.874,3.057,15.332,2.2506,6420.0,1.59,0.631,35.3,1.472,3.474,0,Kepler
PYC-2014-2054,PYC Star 787,2014,Transit,253.408,6.886,163.416,0.8892,3376.0,1.098,1.461,59.5,0.281,0.663,0,TESS
PYC-2004-2055,PYC Star 197,2004,Transit,354.218,1.498,3.182,1.0469,2929.0,1.236,1.22,50.2,0.238,0.562,0,Kepler
PYC-2013-2056,PYC Star 847,2013,Transit Timing Variations,3.236,9.7,164.578,0.0512,4002.0,1.152,1.714,6.5,0.415,0.978,0,WASP
PYC-1997-2057,PYC Star 210,1997,Transit,280.807,1.875,4.109,0.9031,5531.0,0.577,1.246,190.5,0.396,0.935,1,Kepler
PYC-2013-2058,PYC Star 087,2013,Transit,15.017,11.61,316.82,0.1192,4952.0,0.52,1.001,270.2,0.286,0.676,0,Kepler
PYC-2013-2059,PYC Star 661,2013,Transit,0.68,8.139,190.159,0.017,3785.0,0.88,1.429,9.1,0.283,0.668,0,Kepler
PYC-2019-2060,PYC Star 835,2019,Microlensing,13.551,2.396,6.519,0.1143,4146.0,0.822,1.084,394.5,0.317,0.749,0,HAT-P
PYC-1998-2061,PYC Star 316,1998,Transit,1.29,1.697,6.563,0.0253,3683.0,1.019,1.302,285.2,0.311,0.733,0,TESS
PYC-2018-2062,PYC Star 144,2018,Transit,813.201,2.62,20.409,2.0142,3683.0,0.848,1.649,80.6,0.258,0.61,0,TESS
PYC-2009-2063,PYC Star 788,2009,Transit,721.524,1.634,4.742,1.5915,6196.0,0.418,1.033,34.7,0.361,0.851,0,Kepler
PYC-2018-2064,PYC Star 086,2018,Transit,5.2,0.672,0.188,0.0559,4671.0,0.348,0.862,29.0,0.171,0.402,0,K2
PYC-2009-2065,PYC Star 598,2009,Microlensing,94.036,2.284,8.15,0.3754,6393.0,1.254,0.798,198.3,1.151,2.717,0,TESS
PYC-2020-2066,PYC Star 114,2020,Transit,10.272,5.242,37.855,0.0975,3999.0,0.668,1.171,21.7,0.24,0.566,0,Kepler
PYC-1998-2067,PYC Star 599,1998,Imaging,1.584,2.296,8.064,0.024,5242.0,0.811,0.735,71.7,0.5,1.181,0,WASP
PYC-2015-2068,PYC Star 103,2015,Transit,131.387,10.852,680.687,0.4856,5004.0,0.7,0.885,120.9,0.394,0.93,0,TESS
PYC-2010-2069,PYC Star 342,2010,Transit,352.793,0.951,1.443,0.8728,5592.0,0.597,0.713,196.5,0.419,0.989,1,Other
PYC-2016-2070,PYC Star 418,2016,Radial Velocity,401.937,0.946,1.097,1.131,5029.0,0.59,1.195,50.1,0.335,0.791,0,Kepler
PYC-2024-2071,PYC Star 812,2024,Transit,1.515,1.478,5.182,0.0236,5687.0,1.424,0.769,11.6,1.035,2.442,0,K2
PYC-2013-2072,PYC Star 640,2013,Transit,38.755,8.931,337.834,0.1929,5299.0,0.808,0.637,180.2,0.51,1.203,0,SPITZER
PYC-2013-2073,PYC Star 850,2013,Radial Velocity,0.495,1.53,2.686,0.0108,3818.0,1.198,0.678,35.3,0.392,0.925,0,KMT
PYC-2020-2074,PYC Star 486,2020,Transit,0.894,2.231,12.475,0.017,5459.0,1.272,0.819,234.6,0.852,2.01,0,TESS
PYC-2013-2075,PYC Star 232,2013,Transit,0.824,12.581,1137.967,0.0163,4707.0,1.038,0.845,69.6,0.517,1.219,0,Kepler
PYC-2005-2076,PYC Star 382,2005,Transit Timing Variations,0.666,8.1,177.121,0.0154,4101.0,1.291,1.092,473.9,0.488,1.151,0,TESS
PYC-2005-2077,PYC Star 463,2005,Transit,7.86,12.549,868.256,0.0759,5425.0,0.906,0.945,31.4,0.599,1.413,0,TESS
PYC-2023-2078,PYC Star 507,2023,Transit,9.729,2.957,14.469,0.0931,5629.0,1.663,1.138,104.5,1.184,2.793,0,Kepler
PYC-2012-2079,PYC Star 816,2012,Transit,202.465,1.453,0.968,0.7112,4365.0,1.304,1.171,303.6,0.558,1.317,1,Kepler
PYC-2006-2080,PYC Star 807,2006,Transit,7.592,1.308,2.505,0.0824,4484.0,1.384,1.296,27.6,0.625,1.476,0,TESS
PYC-2021-2081,PYC Star 092,2021,Transit,1.4,0.818,0.311,0.0196,3552.0,0.59,0.513,28.2,0.167,0.395,0,Kepler
PYC-2022-2082,PYC Star 714,2022,Transit,1867.502,9.664,429.183,2.6022,3176.0,1.013,0.674,15.5,0.23,0.542,0,KMT
PYC-2001-2083,PYC Star 268,2001,Transit,987.608,2.735,6.352,2.0707,4582.0,0.394,1.214,115.8,0.186,0.439,0,Kepler
PYC-2011-2084,PYC Star 529,2011,Transit,1.212,3.108,13.305,0.0228,5513.0,1.691,1.077,129.3,1.154,2.724,0,Other
PYC-2006-2085,PYC Star 859,2006,Transit,10.182,1.654,2.98,0.103,4284.0,0.68,1.408,236.1,0.28,0.662,0,TESS
PYC-2014-2086,PYC Star 794,2014,Transit,1.792,14.26,1826.798,0.0241,6085.0,0.724,0.583,145.3,0.602,1.421,0,Other
PYC-2015-2087,PYC Star 436,2015,Transit,2082.934,1.104,0.991,3.0198,4615.0,0.486,0.847,87.3,0.233,0.549,0,HAT-P
PYC-2023-2088,PYC Star 042,2023,Transit,9.583,12.75,437.4,0.0853,4619.0,0.885,0.901,161.7,0.424,1.002,0,Kepler
PYC-2007-2089,PYC Star 856,2007,Transit,0.96,10.648,562.324,0.0194,4540.0,0.798,1.06,89.6,0.369,0.872,0,Kepler
PYC-2023-2090,PYC Star 816,2023,Transit,262.195,1.406,2.174,0.8051,5683.0,2.044,1.013,342.8,1.483,3.5,0,Kepler
PYC-2019-2091,PYC Star 342,2019,Radial Velocity,229.091,1.578,4.864,0.774,3937.0,1.325,1.178,39.7,0.461,1.089,1,WASP
PYC-1999-2092,PYC Star 124,1999,Transit,3.436,1.657,2.243,0.044,4684.0,0.714,0.961,18.6,0.352,0.83,0,Kepler
PYC-2011-2093,PYC Star 475,2011,Transit,7.043,13.694,1001.76,0.0844,4307.0,0.425,1.617,68.4,0.177,0.418,0,WASP
PYC-2020-2094,PYC Star 721,2020,Radial Velocity,16.229,2.038,21.88,0.1528,4295.0,0.322,1.807,110.6,0.133,0.315,0,KMT
PYC-2018-2095,PYC Star 409,2018,Transit,4.359,8.916,262.121,0.0458,4832.0,0.567,0.676,62.5,0.297,0.702,0,TESS
PYC-2008-2096,PYC Star 019,2008,Transit,5.266,6.608,148.871,0.0596,4698.0,0.494,1.016,13.9,0.245,0.579,0,WASP
PYC-1998-2097,PYC Star 412,1998,Transit,510.825,0.803,0.247,1.3726,5747.0,1.053,1.322,419.3,0.781,1.843,1,HIRES
PYC-2013-2098,PYC Star 463,2013,Transit,327.738,0.791,0.355,0.9961,4790.0,0.843,1.227,134.5,0.435,1.026,1,HAT-P
PYC-1999-2099,PYC Star 826,1999,Transit,193.215,1.284,2.41,0.6237,5300.0,0.907,0.867,36.5,0.572,1.351,1,Kepler
PYC-2019-2100,PYC Star 727,2019,Radial Velocity,183.379,3.678,25.065,0.6508,4955.0,0.587,1.093,32.3,0.324,0.765,0,Kepler
PYC-2017-2101,PYC Star 625,2017,Transit,42.11,3.863,45.647,0.1969,6063.0,0.964,0.575,105.6,0.796,1.878,0,TESS
PYC-2011-2102,PYC Star 364,2011,Radial Velocity,9.16,1.353,2.716,0.0855,4528.0,0.475,0.993,28.2,0.219,0.516,0,Kepler
PYC-2012-2103,PYC Star 851,2012,Microlensing,247.865,0.321,0.027,0.6513,4530.0,0.865,0.6,82.6,0.399,0.941,1,TESS
PYC-2000-2104,PYC Star 209,2000,Transit,1.13,1.895,8.756,0.0225,5471.0,1.308,1.195,125.7,0.879,2.075,0,Gaia
PYC-2019-2105,PYC Star 297,2019,Transit,1.408,0.601,0.143,0.0216,4516.0,0.764,0.677,26.9,0.35,0.825,0,TESS
PYC-2006-2106,PYC Star 761,2006,Transit,1.234,0.326,0.037,0.0229,5249.0,1.099,1.059,33.1,0.68,1.605,0,Kepler
PYC-2020-2107,PYC Star 894,2020,Pulsar Timing,276.304,5.629,100.231,0.8617,6904.0,0.37,1.118,165.6,0.396,0.934,0,Kepler
PYC-2011-2108,PYC Star 733,2011,Transit,78.4,1.172,3.304,0.3617,3919.0,0.357,1.027,29.8,0.123,0.29,0,HIRES
PYC-2013-2109,PYC Star 637,2013,Transit,22.205,1.696,2.389,0.1436,6179.0,1.043,0.802,221.2,0.894,2.11,0,Kepler
PYC-2022-2110,PYC Star 844,2022,Transit,28.021,0.772,0.549,0.1762,4357.0,1.442,0.929,224.6,0.615,1.451,0,Kepler
PYC-2002-2111,PYC Star 119,2002,Transit,644.026,14.868,1207.174,1.6751,6004.0,0.809,1.512,208.5,0.655,1.545,0,TESS
PYC-1998-2112,PYC Star 602,1998,Transit,1.185,7.296,243.648,0.0209,5417.0,2.363,0.862,116.2,1.558,3.677,0,TESS
PYC-2001-2113,PYC Star 372,2001,Transit,12.222,5.0,118.707,0.1041,5340.0,0.47,1.008,45.8,0.301,0.711,0,K2
PYC-1997-2114,PYC Star 538,1997,Transit,352.98,1.462,2.195,0.916,4664.0,0.663,0.823,103.9,0.324,0.764,0,TESS
PYC-2007-2115,PYC Star 224,2007,Microlensing,141.654,10.397,730.53,0.599,4575.0,0.959,1.429,132.6,0.451,1.063,0,TESS
PYC-1995-2116,PYC Star 440,1995,Transit,19.421,1.653,7.184,0.1427,4150.0,1.109,1.028,84.2,0.429,1.013,0,Kepler
PYC-2000-2117,PYC Star 212,2000,Transit,2.961,8.784,693.373,0.0369,4806.0,0.692,0.765,573.7,0.359,0.847,0,TESS
PYC-2018-2118,PYC Star 579,2018,Transit,1860.277,8.02,288.258,2.9627,4634.0,0.559,1.002,6.7,0.27,0.636,0,WASP
PYC-2001-2119,PYC Star 836,2001,Transit,15.233,3.884,36.83,0.1169,4972.0,1.19,0.919,325.7,0.661,1.559,0,K2
PYC-2018-2120,PYC Star 053,2018,Transit,1008.613,1.186,1.228,2.3155,3530.0,0.956,1.628,167.1,0.268,0.631,0,Other
PYC-2024-2121,PYC Star 863,2024,Transit,413.238,8.727,134.737,1.0801,4820.0,0.771,0.984,267.5,0.402,0.949,0,Kepler
PYC-2010-2122,PYC Star 593,2010,Transit,872.051,1.024,0.925,1.5202,5936.0,1.126,0.616,224.3,0.892,2.105,1,TESS
PYC-1998-2123,PYC Star 013,1998,Transit,0.465,4.632,56.94,0.0125,5650.0,0.846,1.191,1.7,0.607,1.432,0,WASP
PYC-2015-2124,PYC Star 521,2015,Transit,28.313,1.638,3.417,0.2239,4821.0,0.845,1.868,111.6,0.441,1.041,0,TESS
PYC-2001-2125,PYC Star 125,2001,Transit,4.049,3.605,37.813,0.0572,7106.0,0.831,1.52,149.6,0.943,2.225,0,Kepler
PYC-2008-2126,PYC Star 722,2008,Transit,4.612,1.926,2.657,0.0477,4280.0,0.622,0.68,69.5,0.256,0.604,0,TESS
PYC-2023-2127,PYC Star 250,2023,Transit,4.443,1.689,3.565,0.0513,4722.0,0.594,0.91,30.4,0.298,0.702,0,Other
PYC-2002-2128,PYC Star 052,2002,Transit,12.903,2.073,18.043,0.1073,3495.0,0.71,0.989,254.0,0.195,0.46,0,TESS
PYC-2009-2129,PYC Star 763,2009,Transit,15.616,1.668,6.224,0.122,4437.0,0.913,0.994,100.0,0.404,0.953,0,Kepler
PYC-2007-2130,PYC Star 483,2007,Transit,114.553,0.783,0.72,0.4826,6409.0,0.388,1.143,161.4,0.358,0.844,1,Kepler
PYC-2011-2131,PYC Star 550,2011,Radial Velocity,5.834,10.187,507.88,0.0609,4471.0,1.377,0.887,97.9,0.618,1.459,0,TESS
PYC-2003-2132,PYC Star 748,2003,Pulsar Timing,4.561,3.871,28.117,0.0484,3425.0,0.907,0.726,354.6,0.239,0.564,0,Kepler
PYC-2018-2133,PYC Star 509,2018,Microlensing,9.987,5.285,31.554,0.1014,5585.0,0.557,1.395,153.6,0.39,0.922,0,OGLE
PYC-2013-2134,PYC Star 716,2013,Transit,182.956,1.718,5.131,0.5532,5150.0,1.863,0.675,8.4,1.11,2.62,0,Gaia
PYC-2014-2135,PYC Star 538,2014,Transit,0.401,8.377,73.841,0.0097,5548.0,0.917,0.755,88.6,0.634,1.496,0,Gaia
PYC-1997-2136,PYC Star 026,1997,Transit,313.655,2.528,9.477,0.7919,4533.0,0.494,0.673,18.8,0.228,0.538,0,K2
PYC-1993-2137,PYC Star 855,1993,Radial Velocity,8.234,3.114,19.138,0.0857,3894.0,1.826,1.239,142.8,0.622,1.467,0,TESS
PYC-2016-2138,PYC Star 863,2016,Radial Velocity,68.395,1.269,1.485,0.3314,4635.0,1.656,1.038,288.5,0.799,1.886,0,K2
PYC-2013-2139,PYC Star 248,2013,Radial Velocity,357.277,3.82,96.577,1.0924,5299.0,0.598,1.362,11.7,0.377,0.89,0,Kepler
PYC-1997-2140,PYC Star 585,1997,Radial Velocity,38.157,0.3,0.109,0.2024,4735.0,0.778,0.76,1.0,0.392,0.925,0,TESS
PYC-2019-2141,PYC Star 111,2019,Transit,128.769,2.419,16.671,0.4312,5149.0,0.733,0.645,21.6,0.436,1.03,0,Kepler
PYC-2017-2142,PYC Star 257,2017,Radial Velocity,1468.543,1.122,0.849,2.4009,4317.0,0.385,0.856,14.2,0.161,0.38,0,Kepler
PYC-2003-2143,PYC Star 547,2003,Radial Velocity,0.522,1.883,13.547,0.0124,5183.0,1.042,0.938,65.5,0.628,1.483,0,KMT
PYC-2019-2144,PYC Star 313,2019,Transit,9.047,0.778,0.709,0.0871,4797.0,1.316,1.076,47.1,0.681,1.606,0,OGLE
PYC-2020-2145,PYC Star 872,2020,Microlensing,1561.984,0.912,0.492,2.1651,4165.0,1.21,0.555,45.2,0.471,1.112,0,SPITZER
PYC-2007-2146,PYC Star 071,2007,Transit,703.318,1.406,2.464,1.6367,4926.0,0.913,1.182,10.8,0.498,1.175,0,K2
PYC-2019-2147,PYC Star 639,2019,Pulsar Timing,98.244,5.132,113.462,0.3754,4452.0,1.375,0.731,119.9,0.612,1.445,0,KMT
PYC-2012-2148,PYC Star 551,2012,Radial Velocity,3.095,14.508,776.537,0.0385,5355.0,0.54,0.797,97.4,0.348,0.821,0,K2
PYC-2017-2149,PYC Star 803,2017,Transit,7.637,13.57,944.617,0.087,5586.0,2.04,1.508,300.6,1.43,3.374,0,Kepler
PYC-2021-2150,PYC Star 728,2021,Transit,844.683,8.552,310.507,1.3556,5251.0,0.636,0.466,12.6,0.394,0.93,0,TESS
PYC-2000-2151,PYC Star 806,2000,Transit,203.191,9.352,192.873,0.7023,3329.0,0.668,1.119,13.6,0.166,0.393,0,TESS
PYC-2006-2152,PYC Star 714,2006,Radial Velocity,5.116,2.706,11.628,0.0603,3932.0,0.695,1.118,163.6,0.241,0.569,0,TESS
PYC-2003-2153,PYC Star 198,2003,Radial Velocity,1.302,3.404,14.473,0.0212,4227.0,0.672,0.751,77.2,0.27,0.637,0,HAT-P
PYC-2012-2154,PYC Star 382,2012,Transit,424.222,1.615,5.365,1.0488,4083.0,0.825,0.855,198.1,0.309,0.729,0,K2
PYC-2009-2155,PYC Star 617,2009,Radial Velocity,68.386,0.758,0.309,0.3774,4311.0,0.811,1.533,96.5,0.339,0.799,1,SPITZER
PYC-2017-2156,PYC Star 899,2017,Transit,2164.921,1.786,5.224,4.118,5633.0,0.954,1.988,67.6,0.68,1.605,0,Kepler
PYC-2007-2157,PYC Star 776,2007,Transit,15.04,0.464,0.068,0.135,5429.0,0.623,1.452,1.3,0.412,0.973,0,WASP
PYC-2013-2158,PYC Star 585,2013,Transit,9.007,0.993,0.557,0.1056,4419.0,0.97,1.935,70.4,0.425,1.004,0,SPITZER
PYC-2009-2159,PYC Star 092,2009,Transit,5.355,4.072,21.317,0.0553,5333.0,0.551,0.785,145.0,0.352,0.831,0,TESS
PYC-2020-2160,PYC Star 379,2020,Transit,29.47,1.385,2.016,0.1553,5096.0,1.251,0.575,111.7,0.73,1.723,0,KMT
PYC-2019-2161,PYC Star 586,2019,Transit,7.123,1.668,4.137,0.072,4770.0,1.244,0.982,110.1,0.636,1.501,0,WASP
PYC-2017-2162,PYC Star 694,2017,Transit,0.769,14.792,1322.032,0.018,5833.0,0.898,1.325,55.0,0.686,1.619,0,Kepler
PYC-2012-2163,PYC Star 245,2012,Transit,6.48,1.484,1.151,0.0548,4205.0,0.672,0.522,141.1,0.267,0.63,0,WASP
PYC-1997-2164,PYC Star 421,1997,Radial Velocity,2.82,12.403,640.575,0.0351,4847.0,1.035,0.723,3.1,0.546,1.29,0,WASP
PYC-2010-2165,PYC Star 739,2010,Transit,577.733,0.734,0.308,1.2344,3854.0,0.604,0.752,171.4,0.201,0.475,0,Kepler
PYC-2021-2166,PYC Star 750,2021,Radial Velocity,3.273,1.17,1.965,0.045,3897.0,0.914,1.133,41.1,0.312,0.736,0,TESS
PYC-2006-2167,PYC Star 201,2006,Transit,24.0,4.599,46.208,0.1672,3575.0,0.841,1.083,84.1,0.241,0.57,0,Kepler
PYC-2019-2168,PYC Star 229,2019,Transit,161.794,5.992,100.943,0.5309,3913.0,2.939,0.762,33.1,1.011,2.386,0,Kepler
PYC-2006-2169,PYC Star 336,2006,Transit,1.515,0.916,0.548,0.0264,4875.0,0.518,1.065,615.1,0.277,0.653,0,Other
PYC-2003-2170,PYC Star 579,2003,Transit,45.794,9.535,833.169,0.2192,4528.0,0.271,0.67,142.7,0.125,0.295,0,Gaia
PYC-2018-2171,PYC Star 609,2018,Transit,767.293,1.758,2.281,1.5607,4557.0,0.676,0.861,103.8,0.315,0.744,0,WASP
PYC-2022-2172,PYC Star 683,2022,Transit,73.351,1.004,0.827,0.2959,4531.0,0.416,0.642,212.3,0.192,0.453,1,K2
PYC-2010-2173,PYC Star 500,2010,Transit,29.603,0.979,0.999,0.184,6395.0,0.649,0.949,15.7,0.596,1.407,0,K2
PYC-2004-2174,PYC Star 826,2004,Transit,712.471,1.658,3.283,1.422,3777.0,0.502,0.756,64.6,0.161,0.38,0,Kepler
PYC-2016-2175,PYC Star 108,2016,Transit,1873.783,1.013,0.707,3.224,3680.0,0.599,1.273,73.1,0.182,0.43,0,K2
PYC-2012-2176,PYC Star 472,2012,Transit,607.336,2.065,2.663,1.3993,4039.0,0.557,0.991,139.6,0.204,0.482,0,HAT-P
PYC-2020-2177,PYC Star 203,2020,Radial Velocity,15.299,6.172,80.353,0.1175,4735.0,1.388,0.924,98.1,0.699,1.65,0,TESS
PYC-2015-2178,PYC Star 485,2015,Transit,93.844,8.852,179.484,0.4967,5263.0,0.881,1.857,66.1,0.548,1.293,0,TESS
PYC-2022-2179,PYC Star 797,2022,Imaging,43.937,2.287,19.899,0.2548,5357.0,1.46,1.144,111.4,0.941,2.221,0,Kepler
PYC-2015-2180,PYC Star 796,2015,Radial Velocity,5.99,0.879,2.216,0.0618,5650.0,0.917,0.879,17.9,0.657,1.551,0,HIRES
PYC-2014-2181,PYC Star 889,2014,Imaging,19.451,0.876,0.69,0.1322,4703.0,1.367,0.815,83.3,0.679,1.603,0,Kepler
PYC-2020-2182,PYC Star 441,2020,Radial Velocity,653.912,0.959,0.445,1.2846,4443.0,0.786,0.661,117.4,0.348,0.822,0,K2
PYC-2020-2183,PYC Star 624,2020,Transit,5.84,3.509,37.827,0.063,6270.0,1.844,0.977,196.9,1.629,3.844,0,K2
PYC-2019-2184,PYC Star 429,2019,Transit,1119.82,4.539,31.268,2.1875,2500.0,1.112,1.114,81.0,0.156,0.369,0,K2
PYC-2002-2185,PYC Star 009,2002,Transit,2779.133,0.633,0.232,3.0942,4856.0,0.634,0.512,362.9,0.336,0.792,0,TESS
PYC-2015-2186,PYC Star 255,2015,Radial Velocity,6.177,10.289,313.055,0.0562,5187.0,1.189,0.62,133.1,0.719,1.696,0,CoRoT
PYC-2001-2187,PYC Star 669,2001,Transit,1.196,4.114,30.785,0.0208,6486.0,0.911,0.835,356.2,0.861,2.032,0,TESS
PYC-2019-2188,PYC Star 049,2019,Transit,2047.242,1.518,2.48,2.7759,3305.0,0.822,0.681,129.3,0.202,0.476,0,Kepler
PYC-2015-2189,PYC Star 578,2015,Microlensing,1.841,1.313,1.052,0.0295,4422.0,0.94,1.015,8.1,0.413,0.974,0,Other
PYC-2019-2190,PYC Star 413,2019,Transit,390.418,4.341,32.005,1.0679,3578.0,1.262,1.066,82.5,0.363,0.857,0,WASP
PYC-1995-2191,PYC Star 371,1995,Transit,0.567,1.565,5.335,0.0132,3182.0,0.347,0.958,172.0,0.079,0.186,0,KMT
PYC-2009-2192,PYC Star 662,2009,Radial Velocity,3.273,3.539,26.286,0.046,4616.0,0.769,1.212,499.3,0.368,0.868,0,Kepler
PYC-2012-2193,PYC Star 206,2012,Transit,4.075,11.042,548.476,0.0466,5550.0,1.224,0.815,69.0,0.847,1.998,0,SPITZER
PYC-2022-2194,PYC Star 233,2022,Transit,5.674,6.882,49.362,0.0619,5885.0,1.006,0.984,278.5,0.783,1.848,0,WASP
PYC-2021-2195,PYC Star 149,2021,Radial Velocity,1460.22,0.636,0.495,2.2407,4321.0,0.542,0.704,365.1,0.227,0.537,0,TESS
PYC-2014-2196,PYC Star 098,2014,Transit,1.912,6.404,88.713,0.0312,5400.0,0.31,1.105,32.3,0.203,0.479,0,Kepler
PYC-2023-2197,PYC Star 076,2023,Transit,1.883,3.679,51.892,0.0301,4622.0,1.935,1.027,159.5,0.929,2.192,0,Kepler
PYC-2022-2198,PYC Star 094,2022,Transit,191.577,2.714,14.491,0.5655,5301.0,0.827,0.657,176.9,0.522,1.233,0,OGLE
PYC-2019-2199,PYC Star 575,2019,Transit,1960.411,2.976,12.868,3.0106,5839.0,1.779,0.947,10.1,1.362,3.215,0,K2
PYC-2018-2200,PYC Star 270,2018,Transit,12.899,3.638,12.415,0.1072,4625.0,1.287,0.987,95.7,0.619,1.46,0,WASP
PYC-2019-2201,PYC Star 304,2019,Microlensing,396.261,13.048,2358.854,1.091,5769.0,0.63,1.103,10.7,0.471,1.111,0,HAT-P
PYC-1997-2202,PYC Star 677,1997,Radial Velocity,0.528,1.14,2.099,0.0133,3708.0,0.292,1.118,33.3,0.09,0.213,0,HAT-P
PYC-2010-2203,PYC Star 466,2010,Transit,624.248,14.553,1625.752,1.3141,5391.0,0.731,0.777,20.8,0.477,1.126,0,K2
PYC-2008-2204,PYC Star 070,2008,Transit,254.254,1.858,12.437,0.8586,5730.0,0.885,1.306,143.0,0.653,1.541,0,HIRES
PYC-2005-2205,PYC Star 473,2005,Transit,1192.616,3.064,20.555,2.3394,5637.0,1.102,1.201,3.0,0.787,1.857,0,Kepler
PYC-2000-2206,PYC Star 595,2000,Transit,118.096,13.848,1825.151,0.4329,3733.0,0.546,0.776,96.8,0.171,0.403,0,OGLE
PYC-2015-2207,PYC Star 546,2015,Transit,1777.449,1.868,3.997,2.5133,4615.0,0.975,0.67,104.4,0.466,1.101,0,TESS
PYC-2002-2208,PYC Star 781,2002,Transit,12.965,2.458,14.984,0.1001,5072.0,0.975,0.797,102.8,0.563,1.33,0,Kepler
PYC-2006-2209,PYC Star 535,2006,Transit,275.844,1.533,2.215,0.6985,5199.0,1.403,0.597,165.5,0.852,2.01,0,K2
PYC-2023-2210,PYC Star 731,2023,Astrometry,259.218,13.761,709.701,0.8152,4904.0,0.784,1.076,103.7,0.424,1.0,0,OGLE
PYC-1997-2211,PYC Star 467,1997,Transit,4.395,0.861,0.711,0.0603,6086.0,1.098,1.513,43.0,0.914,2.157,0,TESS
PYC-2019-2212,PYC Star 573,2019,Radial Velocity,1476.937,1.74,2.239,2.996,3634.0,1.025,1.645,1.0,0.304,0.717,0,Kepler
PYC-2014-2213,PYC Star 140,2014,Transit,418.233,0.946,1.022,0.9639,4584.0,1.335,0.683,105.1,0.63,1.487,1,Kepler
PYC-2019-2214,PYC Star 893,2019,Microlensing,910.387,1.407,2.08,2.0151,3281.0,0.622,1.317,11.9,0.15,0.355,0,WASP
PYC-2015-2215,PYC Star 025,2015,Transit,10.165,2.039,2.361,0.0927,5359.0,0.226,1.03,132.5,0.146,0.344,0,Kepler
PYC-2023-2216,PYC Star 871,2023,Transit,727.736,0.948,0.693,1.1973,5299.0,0.809,0.432,34.1,0.51,1.204,1,Kepler
PYC-2005-2217,PYC Star 518,2005,Microlensing,6.647,2.184,6.412,0.0666,7814.0,0.811,0.89,1.0,1.113,2.626,0,HAT-P
PYC-2018-2218,PYC Star 304,2018,Microlensing,2183.6,2.128,10.906,3.1278,5724.0,0.535,0.856,667.0,0.393,0.929,0,K2
PYC-2009-2219,PYC Star 381,2009,Transit,0.495,0.962,1.042,0.0141,5098.0,0.457,1.528,23.9,0.267,0.629,0,Kepler
PYC-1993-2220,PYC Star 069,1993,Transit,100.334,14.786,2269.478,0.3817,5029.0,0.695,0.737,63.1,0.395,0.932,0,TESS
PYC-2002-2221,PYC Star 369,2002,Transit,1.089,1.418,3.215,0.0221,4515.0,0.855,1.218,86.6,0.391,0.924,0,TESS
PYC-2013-2222,PYC Star 064,2013,Transit,243.891,2.794,10.967,0.7545,4917.0,0.939,0.963,113.9,0.51,1.204,0,TESS
PYC-2022-2223,PYC Star 387,2022,Transit,10.265,6.831,143.525,0.0781,5049.0,0.322,0.603,255.2,0.184,0.435,0,Kepler
PYC-2024-2224,PYC Star 123,2024,Radial Velocity,945.901,5.141,59.323,1.7682,3032.0,0.409,0.824,33.0,0.084,0.199,0,TESS
PYC-2015-2225,PYC Star 103,2015,Transit,963.464,2.725,17.301,2.2826,4977.0,1.496,1.709,210.9,0.833,1.965,0,K2
PYC-2014-2226,PYC Star 641,2014,Transit,10.677,5.55,88.748,0.093,4891.0,0.826,0.941,25.5,0.444,1.048,0,TESS
PYC-2000-2227,PYC Star 162,2000,Transit,550.54,0.98,0.694,1.4612,6379.0,0.899,1.373,118.1,0.822,1.939,1,Kepler
PYC-1996-2228,PYC Star 302,1996,Transit,174.384,4.02,37.398,0.6746,4681.0,0.494,1.347,17.5,0.243,0.574,0,Kepler
PYC-2013-2229,PYC Star 596,2013,Transit,17.99,14.312,1273.414,0.1275,4111.0,0.898,0.855,1.0,0.341,0.805,0,CoRoT
PYC-2010-2230,PYC Star 454,2010,Transit,8.553,1.273,1.133,0.0705,5042.0,0.76,0.638,46.0,0.434,1.024,0,Kepler
PYC-2011-2231,PYC Star 462,2011,Transit,2.612,1.153,1.696,0.0325,4867.0,0.681,0.668,10.3,0.363,0.856,0,Gaia
PYC-2014-2232,PYC Star 398,2014,Transit,0.703,0.888,0.333,0.0183,4682.0,0.466,1.662,109.0,0.23,0.542,0,Other
PYC-2018-2233,PYC Star 549,2018,Microlensing,40.444,5.257,130.022,0.2347,3649.0,0.609,1.055,69.2,0.182,0.43,0,K2
PYC-1996-2234,PYC Star 587,1996,Radial Velocity,49.517,1.484,3.632,0.2156,4660.0,2.186,0.545,575.0,1.066,2.516,0,WASP
PYC-2014-2235,PYC Star 117,2014,Radial Velocity,21.021,7.852,479.525,0.1643,4279.0,0.769,1.339,70.4,0.316,0.746,0,CoRoT
PYC-2020-2236,PYC Star 866,2020,Transit,1930.556,7.219,97.638,2.4633,4605.0,1.284,0.535,59.7,0.612,1.444,0,Kepler
PYC-2000-2237,PYC Star 732,2000,Transit,0.452,1.398,4.21,0.0105,5459.0,0.824,0.749,220.3,0.552,1.302,0,K2
PYC-1994-2238,PYC Star 382,1994,Transit,788.94,8.583,427.173,1.6869,4193.0,0.782,1.029,36.4,0.309,0.729,0,Other
PYC-2015-2239,PYC Star 336,2015,Transit,507.332,1.203,1.475,1.6705,4601.0,0.676,2.416,16.5,0.321,0.759,0,Kepler
PYC-2020-2240,PYC Star 653,2020,Transit,348.556,2.102,5.719,1.0661,5287.0,1.649,1.331,77.7,1.036,2.444,1,TESS
PYC-2010-2241,PYC Star 552,2010,Transit,43.265,0.352,0.038,0.228,4558.0,1.065,0.845,113.5,0.497,1.172,0,TESS
PYC-2009-2242,PYC Star 722,2009,Transit,2.186,0.453,0.065,0.0331,7148.0,0.631,1.01,34.8,0.724,1.709,0,Kepler
PYC-2016-2243,PYC Star 419,2016,Transit,882.613,2.188,5.263,2.0047,5024.0,0.754,1.38,175.5,0.427,1.009,0,TESS
PYC-2006-2244,PYC Star 397,2006,Transit,307.192,0.851,0.351,1.0518,3682.0,1.461,1.645,479.4,0.445,1.05,0,HIRES
PYC-2010-2245,PYC Star 422,2010,Transit,674.984,0.527,0.421,1.463,4045.0,0.251,0.917,369.2,0.092,0.218,0,Kepler
PYC-1996-2246,PYC Star 266,1996,Transit,3.279,2.8,6.865,0.0421,3954.0,1.035,0.926,52.9,0.364,0.858,0,Kepler
PYC-2003-2247,PYC Star 700,2003,Transit,56.273,1.047,1.215,0.2609,4057.0,1.146,0.748,6.9,0.424,1.001,0,Kepler
PYC-2021-2248,PYC Star 716,2021,Transit,16.365,5.125,87.076,0.1363,5283.0,0.642,1.262,172.4,0.403,0.95,0,HAT-P
PYC-2009-2249,PYC Star 100,2009,Transit,120.455,1.223,2.018,0.538,3804.0,0.965,1.432,237.7,0.314,0.74,1,TESS
PYC-2017-2250,PYC Star 084,2017,Transit,329.96,1.069,1.485,0.7453,4502.0,1.128,0.507,1.2,0.514,1.212,1,TESS
PYC-2010-2251,PYC Star 068,2010,Radial Velocity,1.885,1.91,8.633,0.0285,5828.0,0.517,0.87,24.4,0.395,0.931,0,OGLE
PYC-2001-2252,PYC Star 297,2001,Transit,1.89,1.399,1.917,0.026,4332.0,1.315,0.654,175.9,0.554,1.308,0,Other
PYC-2008-2253,PYC Star 091,2008,Transit,0.59,1.177,1.598,0.014,5404.0,1.029,1.054,163.8,0.675,1.593,0,Kepler
PYC-2013-2254,PYC Star 513,2013,Imaging,1.626,5.259,64.658,0.0234,3285.0,0.84,0.648,100.3,0.204,0.481,0,OGLE
PYC-2016-2255,PYC Star 895,2016,Transit,3.41,2.113,13.415,0.038,4466.0,0.944,0.63,7.0,0.423,0.998,0,K2
PYC-2024-2256,PYC Star 634,2024,Radial Velocity,0.764,1.963,16.505,0.0186,4003.0,1.237,1.482,52.8,0.445,1.051,0,Kepler
PYC-2022-2257,PYC Star 834,2022,Radial Velocity,9.558,1.419,1.367,0.0865,5070.0,2.552,0.944,68.2,1.474,3.478,0,Kepler
PYC-2020-2258,PYC Star 134,2020,Transit,165.337,12.823,275.227,0.5854,3869.0,1.184,0.979,17.1,0.398,0.94,0,K2
PYC-2022-2259,PYC Star 630,2022,Transit,473.442,6.537,175.222,1.2502,6663.0,1.296,1.163,106.8,1.293,3.051,0,HIRES
PYC-2023-2260,PYC Star 655,2023,Transit,8.752,8.612,460.977,0.0931,3325.0,0.982,1.405,63.4,0.244,0.575,0,TESS
PYC-2021-2261,PYC Star 403,2021,Transit Timing Variations,0.845,0.542,0.541,0.0167,5822.0,2.118,0.864,142.3,1.613,3.806,0,TESS
PYC-2008-2262,PYC Star 671,2008,Transit,350.489,8.809,413.981,0.9289,5590.0,0.465,0.87,2.6,0.327,0.771,0,Kepler
PYC-2007-2263,PYC Star 077,2007,Transit,13.12,1.461,5.39,0.104,5079.0,0.412,0.872,127.9,0.239,0.563,0,Kepler
PYC-2013-2264,PYC Star 554,2013,Transit,3.77,14.68,2477.302,0.0538,4849.0,0.964,1.46,392.5,0.509,1.202,0,SPITZER
PYC-2014-2265,PYC Star 738,2014,Transit,26.67,5.528,177.3,0.1733,6469.0,1.211,0.976,1.7,1.139,2.688,0,OGLE
PYC-2021-2266,PYC Star 354,2021,Radial Velocity,2292.68,2.02,9.665,3.2892,7024.0,0.283,0.903,236.5,0.313,0.739,0,TESS
PYC-2011-2267,PYC Star 171,2011,Transit,11.119,3.973,19.027,0.102,4613.0,0.899,1.147,445.1,0.43,1.014,0,Kepler
PYC-2007-2268,PYC Star 010,2007,Radial Velocity,2089.293,1.137,1.392,3.9603,4942.0,0.83,1.898,503.2,0.455,1.074,0,Kepler
PYC-2002-2269,PYC Star 246,2002,Radial Velocity,3.829,1.109,1.522,0.0483,4303.0,1.258,1.026,25.5,0.523,1.235,0,Other
PYC-2013-2270,PYC Star 739,2013,Transit,1.026,1.989,5.688,0.0193,3748.0,1.092,0.91,62.5,0.344,0.813,0,Kepler
PYC-2003-2271,PYC Star 756,2003,Transit,1.626,12.664,721.733,0.0339,5217.0,0.399,1.974,220.5,0.244,0.576,0,Kepler
PYC-2006-2272,PYC Star 555,2006,Radial Velocity,398.576,4.498,109.189,1.2378,5025.0,0.554,1.593,124.4,0.314,0.741,0,WASP
PYC-2009-2273,PYC Star 232,2009,Radial Velocity,48.456,0.932,0.571,0.2987,3351.0,0.626,1.514,160.5,0.158,0.373,1,SPITZER
PYC-2003-2274,PYC Star 234,2003,Radial Velocity,71.952,1.187,2.328,0.3194,5210.0,1.255,0.839,26.4,0.765,1.806,0,Kepler
PYC-2006-2275,PYC Star 760,2006,Transit,2248.999,1.735,4.906,3.1324,5055.0,1.065,0.811,110.5,0.611,1.443,0,HAT-P
PYC-2010-2276,PYC Star 525,2010,Transit,36.169,2.464,6.79,0.1728,4259.0,0.681,0.526,116.1,0.277,0.655,0,K2
PYC-2006-2277,PYC Star 707,2006,Transit,1.136,2.543,6.611,0.0239,4200.0,0.96,1.402,44.8,0.381,0.898,0,WASP
PYC-2022-2278,PYC Star 333,2022,Radial Velocity,243.417,3.45,10.688,0.7699,5181.0,0.559,1.027,54.8,0.337,0.796,0,Kepler
PYC-2018-2279,PYC Star 753,2018,Transit,2.556,1.905,6.81,0.0296,6248.0,2.264,0.532,54.1,1.985,4.685,0,KMT
PYC-2013-2280,PYC Star 424,2013,Transit,71.706,2.317,8.616,0.3886,5159.0,1.165,1.523,56.5,0.697,1.644,0,WASP
PYC-2011-2281,PYC Star 607,2011,Transit,818.145,12.078,430.394,1.6459,5502.0,1.282,0.889,39.7,0.872,2.058,0,Gaia
PYC-1999-2282,PYC Star 766,1999,Transit,28.234,1.837,1.903,0.177,4051.0,1.672,0.928,25.4,0.617,1.455,0,TESS
PYC-2015-2283,PYC Star 317,2015,Transit,6.606,0.612,0.347,0.0578,4427.0,1.422,0.589,179.1,0.626,1.477,0,KMT
PYC-2019-2284,PYC Star 709,2019,Transit,67.973,4.71,51.533,0.3452,5347.0,0.913,1.188,56.2,0.586,1.384,0,TESS
PYC-2002-2285,PYC Star 588,2002,Transit,1.242,1.445,1.821,0.024,3577.0,0.828,1.192,342.9,0.238,0.562,0,TESS
PYC-2000-2286,PYC Star 448,2000,Radial Velocity,6.221,1.892,3.243,0.0658,4986.0,1.607,0.983,76.3,0.898,2.118,0,Kepler
PYC-2007-2287,PYC Star 746,2007,Radial Velocity,35.945,0.864,0.607,0.203,5244.0,0.911,0.864,546.6,0.563,1.328,0,OGLE
PYC-2001-2288,PYC Star 396,2001,Transit,3.863,3.23,26.675,0.0655,4765.0,0.642,2.507,48.3,0.328,0.774,0,TESS
PYC-2016-2289,PYC Star 674,2016,Transit,0.568,1.882,4.392,0.0117,5087.0,2.181,0.656,37.1,1.268,2.992,0,TESS
PYC-2009-2290,PYC Star 069,2009,Imaging,74.049,0.689,0.21,0.3172,4852.0,0.591,0.777,195.9,0.312,0.737,1,WASP
PYC-2016-2291,PYC Star 775,2016,Transit,14.352,1.2,1.56,0.1255,4240.0,0.412,1.281,264.7,0.167,0.393,0,HAT-P
PYC-2000-2292,PYC Star 868,2000,Transit,13.053,11.073,875.276,0.0964,3740.0,1.407,0.701,62.8,0.442,1.043,0,TESS
PYC-2015-2293,PYC Star 885,2015,Transit,2915.887,4.091,39.756,3.5182,4719.0,0.648,0.683,43.2,0.324,0.765,0,TESS
PYC-2003-2294,PYC Star 759,2003,Transit,1.085,8.362,258.756,0.0236,5974.0,1.095,1.486,17.8,0.878,2.071,0,TESS
PYC-2016-2295,PYC Star 621,2016,Transit,1.583,1.362,1.897,0.0285,5722.0,2.039,1.236,164.0,1.5,3.539,0,TESS
PYC-2011-2296,PYC Star 667,2011,Radial Velocity,994.554,10.5,289.648,2.0633,4489.0,0.485,1.185,163.3,0.219,0.518,0,TESS
PYC-2017-2297,PYC Star 835,2017,Transit,1.279,1.494,1.791,0.0236,4471.0,0.884,1.066,36.8,0.397,0.936,0,HAT-P
PYC-2004-2298,PYC Star 657,2004,Transit,1438.483,5.372,34.468,2.3004,4404.0,1.754,0.785,291.3,0.765,1.804,0,OGLE
PYC-2011-2299,PYC Star 245,2011,Radial Velocity,160.675,13.711,1632.714,0.5616,4404.0,1.223,0.915,109.8,0.533,1.258,0,TESS
PYC-2013-2300,PYC Star 144,2013,Microlensing,44.537,4.129,50.301,0.2436,5059.0,0.83,0.973,82.2,0.477,1.126,0,Kepler
PYC-2022-2301,PYC Star 876,2022,Radial Velocity,4.796,1.297,2.051,0.0614,5752.0,2.638,1.345,89.9,1.96,4.626,0,K2
PYC-2023-2302,PYC Star 126,2023,Transit,9.886,14.018,1110.63,0.0947,6837.0,0.862,1.161,20.8,0.905,2.137,0,OGLE
PYC-2008-2303,PYC Star 819,2008,Transit,634.87,3.966,42.608,1.2973,4053.0,1.076,0.723,243.4,0.397,0.937,0,HIRES
PYC-2024-2304,PYC Star 842,2024,Transit,0.668,0.862,0.47,0.0164,5386.0,1.891,1.318,51.0,1.232,2.908,0,Kepler
PYC-2002-2305,PYC Star 038,2002,Transit,380.393,12.486,602.686,0.8447,5288.0,1.399,0.556,120.9,0.879,2.075,0,Gaia
PYC-2021-2306,PYC Star 726,2021,Transit,645.529,0.641,0.248,1.4081,4503.0,1.631,0.894,64.9,0.743,1.754,1,Kepler
PYC-2006-2307,PYC Star 531,2006,Transit,217.633,1.873,17.937,0.6198,3877.0,0.6,0.671,407.2,0.203,0.478,0,HIRES
PYC-2006-2308,PYC Star 351,2006,Transit,0.651,4.177,68.509,0.0133,5048.0,1.564,0.741,5.3,0.895,2.113,0,SPITZER
PYC-2013-2309,PYC Star 453,2013,Radial Velocity,301.921,3.805,35.105,1.1028,6708.0,0.971,1.963,54.1,0.982,2.317,0,TESS
PYC-2008-2310,PYC Star 386,2008,Pulsar Timing,253.726,4.912,124.109,0.6607,5042.0,0.643,0.598,135.3,0.367,0.867,0,Gaia
PYC-2021-2311,PYC Star 734,2021,Transit,0.45,3.544,49.876,0.0104,4091.0,0.995,0.751,73.7,0.374,0.883,0,TESS
PYC-2012-2312,PYC Star 371,2012,Transit,1147.394,3.424,12.298,2.2765,4658.0,0.98,1.196,104.9,0.478,1.128,0,K2
PYC-2017-2313,PYC Star 114,2017,Transit,1.301,1.25,1.599,0.0221,3774.0,2.086,0.848,11.2,0.667,1.575,0,OGLE
PYC-2010-2314,PYC Star 357,2010,Transit,2114.218,11.577,577.805,3.2829,4817.0,1.068,1.056,218.9,0.557,1.314,0,Kepler
PYC-2016-2315,PYC Star 475,2016,Transit,0.752,3.422,33.253,0.0191,5415.0,0.633,1.649,16.8,0.417,0.985,0,Kepler
PYC-2016-2316,PYC Star 405,2016,Transit,3.346,1.187,1.398,0.0473,4177.0,0.571,1.257,113.4,0.224,0.528,0,Kepler
PYC-2010-2317,PYC Star 451,2010,Radial Velocity,189.143,6.183,108.588,0.6105,2500.0,0.881,0.849,89.8,0.124,0.292,0,CoRoT
PYC-2005-2318,PYC Star 888,2005,Transit,1.361,10.609,368.638,0.0237,5049.0,0.491,0.954,46.6,0.281,0.664,0,WASP
PYC-2006-2319,PYC Star 356,2006,Microlensing,2.084,3.421,41.357,0.034,4349.0,0.652,1.204,46.6,0.277,0.654,0,OGLE
PYC-2001-2320,PYC Star 736,2001,Transit,0.442,5.282,36.808,0.0122,4124.0,0.806,1.249,125.8,0.308,0.727,0,HIRES
PYC-2023-2321,PYC Star 892,2023,Transit,637.853,1.597,2.726,1.4537,4117.0,0.744,1.007,53.4,0.283,0.669,0,KMT
PYC-2010-2322,PYC Star 747,2010,Transit,0.56,0.939,0.338,0.0139,5160.0,1.248,1.135,368.7,0.747,1.762,0,WASP
PYC-2001-2323,PYC Star 486,2001,Transit,113.063,0.898,0.452,0.4773,4433.0,0.646,1.135,56.7,0.285,0.673,1,HIRES
PYC-1999-2324,PYC Star 890,1999,Transit,72.2,3.341,26.972,0.3357,5637.0,0.296,0.968,158.3,0.211,0.499,0,Kepler
PYC-2016-2325,PYC Star 372,2016,Transit Timing Variations,38.295,1.454,3.131,0.2072,5657.0,0.421,0.809,2.6,0.303,0.715,0,WASP
PYC-2006-2326,PYC Star 252,2006,Transit,11.372,1.693,3.363,0.1079,4556.0,0.893,1.297,28.5,0.416,0.983,0,Kepler
PYC-2019-2327,PYC Star 770,2019,Transit,5.793,2.984,30.111,0.0653,4331.0,0.691,1.108,402.6,0.291,0.687,0,Kepler
PYC-2004-2328,PYC Star 827,2004,Transit,2043.103,11.793,1202.893,2.4719,4915.0,0.516,0.483,45.6,0.28,0.661,0,Kepler
PYC-2008-2329,PYC Star 126,2008,Transit,441.948,1.887,5.032,1.0312,4669.0,2.173,0.749,64.9,1.064,2.511,0,Kepler
PYC-2012-2330,PYC Star 288,2012,Transit,1505.585,5.6,99.926,2.4306,3223.0,1.307,0.845,274.3,0.305,0.72,0,Other
PYC-2009-2331,PYC Star 259,2009,Transit,279.228,8.073,181.985,0.8167,6523.0,0.877,0.932,292.1,0.838,1.977,0,TESS
PYC-2019-2332,PYC Star 738,2019,Radial Velocity,652.41,3.197,28.093,1.6942,5443.0,1.0,1.524,1.0,0.665,1.57,0,HIRES
PYC-2020-2333,PYC Star 251,2020,Transit,2179.209,1.655,2.04,4.7796,4383.0,0.799,3.067,67.2,0.345,0.814,0,TESS
PYC-2021-2334,PYC Star 597,2021,Transit,22.907,9.978,971.557,0.1185,3075.0,0.512,0.423,15.7,0.109,0.257,0,WASP
PYC-2017-2335,PYC Star 840,2017,Transit,1307.19,12.725,1317.342,2.4243,4638.0,1.431,1.112,47.1,0.691,1.632,0,K2
PYC-2015-2336,PYC Star 819,2015,Radial Velocity,0.587,0.8,0.307,0.0138,4271.0,1.32,1.025,47.2,0.541,1.277,0,Gaia
PYC-2020-2337,PYC Star 792,2020,Transit,1.047,4.049,25.572,0.0198,4745.0,0.37,0.939,154.4,0.187,0.441,0,Kepler
PYC-2005-2338,PYC Star 476,2005,Transit,31.79,11.203,660.308,0.2092,2853.0,0.997,1.209,33.0,0.182,0.43,0,WASP
PYC-2024-2339,PYC Star 546,2024,Transit,22.974,1.409,2.06,0.1609,4375.0,1.047,1.054,3.9,0.45,1.063,0,Gaia
PYC-2011-2340,PYC Star 653,2011,Transit,19.96,1.506,3.806,0.1381,4430.0,0.779,0.881,14.1,0.343,0.81,0,HAT-P
PYC-2022-2341,PYC Star 288,2022,Transit,48.274,8.897,245.464,0.2604,4627.0,2.313,1.01,237.4,1.112,2.625,0,OGLE
PYC-2003-2342,PYC Star 451,2003,Radial Velocity,48.785,0.701,0.851,0.2788,4587.0,2.202,1.215,44.5,1.041,2.457,0,Kepler
PYC-2016-2343,PYC Star 421,2016,Transit,945.261,2.241,8.188,1.9892,4847.0,0.759,1.175,58.5,0.401,0.946,0,TESS
PYC-2021-2344,PYC Star 720,2021,Radial Velocity,8.76,0.715,1.401,0.085,6169.0,0.814,1.068,183.8,0.696,1.643,0,Kepler
PYC-2010-2345,PYC Star 514,2010,Transit,6.722,3.172,27.179,0.0651,4336.0,0.772,0.815,45.4,0.326,0.77,0,K2
PYC-2001-2346,PYC Star 401,2001,Radial Velocity,209.868,2.495,5.488,0.9603,3980.0,0.684,2.682,48.3,0.243,0.574,0,Kepler
PYC-1997-2347,PYC Star 486,1997,Radial Velocity,130.301,5.08,194.243,0.5246,3245.0,0.595,1.134,13.7,0.141,0.332,0,HAT-P
PYC-2002-2348,PYC Star 155,2002,Transit,657.306,3.296,38.474,1.6172,4340.0,1.131,1.306,128.2,0.478,1.129,0,Gaia
PYC-2015-2349,PYC Star 231,2015,Transit,6.317,1.149,1.737,0.063,3539.0,2.176,0.837,325.8,0.612,1.445,0,WASP
PYC-2023-2350,PYC Star 720,2023,Transit,0.423,1.448,3.619,0.0113,5664.0,1.808,1.069,80.3,1.303,3.075,0,OGLE
PYC-2003-2351,PYC Star 118,2003,Radial Velocity,1821.229,1.14,0.776,2.9812,4714.0,1.284,1.066,280.0,0.641,1.512,0,TESS
PYC-1997-2352,PYC Star 614,1997,Transit,0.594,2.303,3.551,0.0111,5646.0,0.305,0.512,31.6,0.218,0.515,0,Kepler
PYC-2010-2353,PYC Star 816,2010,Transit,172.644,1.297,1.925,0.5581,6119.0,0.389,0.778,108.0,0.327,0.772,1,WASP
PYC-2005-2354,PYC Star 615,2005,Transit,7.066,1.247,3.541,0.0661,4021.0,1.453,0.773,164.1,0.528,1.246,0,Kepler
PYC-2001-2355,PYC Star 577,2001,Radial Velocity,17.51,1.455,3.229,0.123,4487.0,1.865,0.81,106.9,0.844,1.991,0,TESS
PYC-2002-2356,PYC Star 645,2002,Transit,707.112,9.151,743.007,1.3711,5999.0,1.155,0.688,113.5,0.933,2.203,0,HIRES
PYC-2021-2357,PYC Star 131,2021,Transit,16.903,13.315,1622.426,0.1296,4970.0,0.784,1.015,123.2,0.435,1.027,0,K2
PYC-2001-2358,PYC Star 124,2001,Pulsar Timing,1.45,5.144,71.443,0.0295,5269.0,1.654,1.631,54.5,1.032,2.435,0,Kepler
PYC-2023-2359,PYC Star 890,2023,Transit,335.384,3.951,64.356,0.9592,5730.0,1.263,1.047,42.8,0.932,2.199,0,Kepler
PYC-2009-2360,PYC Star 384,2009,Radial Velocity,0.479,2.728,29.101,0.0104,5607.0,1.502,0.661,146.8,1.06,2.503,0,WASP
PYC-2015-2361,PYC Star 370,2015,Transit,4.642,2.958,16.107,0.0483,5169.0,0.39,0.697,15.6,0.234,0.553,0,Kepler
PYC-2005-2362,PYC Star 143,2005,Transit,48.655,10.799,436.866,0.2496,6057.0,1.05,0.876,82.9,0.866,2.043,0,CoRoT
PYC-2018-2363,PYC Star 659,2018,Radial Velocity,19.88,1.526,3.218,0.1218,4739.0,2.0,0.609,6.1,1.009,2.381,0,K2
PYC-2003-2364,PYC Star 031,2003,Transit,101.27,4.672,16.477,0.4406,5267.0,1.141,1.112,73.2,0.711,1.679,0,HAT-P
PYC-2012-2365,PYC Star 159,2012,Transit,12.017,0.786,0.614,0.1202,4641.0,1.379,1.606,45.3,0.667,1.575,0,KMT
PYC-2003-2366,PYC Star 202,2003,Transit,13.05,0.389,0.123,0.1014,5718.0,0.915,0.817,92.6,0.672,1.586,0,Kepler
PYC-2010-2367,PYC Star 839,2010,Transit,8.977,0.486,0.164,0.0853,4169.0,0.944,1.027,51.7,0.369,0.87,0,OGLE
PYC-2011-2368,PYC Star 855,2011,Transit,1097.204,3.448,29.684,1.9803,3285.0,1.692,0.861,163.9,0.41,0.968,0,Kepler
PYC-2020-2369,PYC Star 072,2020,Transit,0.467,13.284,815.032,0.0109,5389.0,0.666,0.802,45.8,0.434,1.025,0,Kepler
PYC-2011-2370,PYC Star 126,2011,Transit,1750.774,0.95,0.323,2.9065,3882.0,0.637,1.069,130.0,0.216,0.509,0,TESS
PYC-2020-2371,PYC Star 860,2020,Transit,9.777,8.28,559.615,0.0828,3793.0,0.726,0.793,251.3,0.235,0.553,0,K2
PYC-2016-2372,PYC Star 571,2016,Transit,10.375,0.886,0.607,0.0847,5938.0,0.91,0.754,45.4,0.721,1.701,0,Other
PYC-2006-2373,PYC Star 654,2006,Transit,259.98,2.99,12.665,0.66,5670.0,0.436,0.567,192.4,0.315,0.743,0,OGLE
PYC-2014-2374,PYC Star 511,2014,Transit,12.784,4.977,127.91,0.1078,4492.0,1.251,1.023,371.1,0.567,1.338,0,HIRES
PYC-2014-2375,PYC Star 205,2014,Transit,98.084,13.963,1546.823,0.4714,2500.0,0.836,1.453,5.6,0.117,0.277,0,Kepler
PYC-2018-2376,PYC Star 657,2018,Radial Velocity,1269.651,2.127,8.153,2.4921,5280.0,1.322,1.281,52.8,0.828,1.953,0,WASP
PYC-2009-2377,PYC Star 163,2009,Transit,760.553,2.994,25.434,1.9407,5396.0,0.347,1.686,340.9,0.227,0.535,0,TESS
PYC-2008-2378,PYC Star 027,2008,Transit,39.732,3.557,15.21,0.2106,5265.0,1.324,0.79,454.7,0.824,1.946,0,Kepler
PYC-2019-2379,PYC Star 753,2019,Transit,239.404,1.882,4.97,0.8333,5224.0,1.643,1.347,86.3,1.007,2.376,0,OGLE
PYC-2021-2380,PYC Star 342,2021,Radial Velocity,13.267,3.721,58.2,0.0964,4637.0,1.096,0.68,7.4,0.53,1.25,0,KMT
PYC-2004-2381,PYC Star 036,2004,Transit,406.704,1.095,0.903,1.167,4431.0,0.912,1.282,27.3,0.402,0.949,0,HIRES
PYC-2014-2382,PYC Star 391,2014,Transit,1.826,5.961,62.952,0.0354,3804.0,1.328,1.778,278.3,0.432,1.019,0,SPITZER
PYC-2023-2383,PYC Star 103,2023,Transit,0.601,8.267,252.419,0.0148,4172.0,1.595,1.191,411.7,0.624,1.472,0,Kepler
PYC-2021-2384,PYC Star 424,2021,Transit,49.823,11.617,618.649,0.3217,5089.0,1.139,1.789,4.6,0.663,1.564,0,KMT
PYC-2015-2385,PYC Star 605,2015,Radial Velocity,2.732,1.953,7.88,0.0357,5104.0,1.178,0.811,15.7,0.689,1.627,0,Gaia
PYC-2010-2386,PYC Star 304,2010,Transit Timing Variations,266.635,0.625,0.148,0.7981,5511.0,1.897,0.954,170.2,1.294,3.054,0,WASP
PYC-2013-2387,PYC Star 070,2013,Transit,0.988,1.089,0.349,0.0174,3534.0,1.268,0.726,4.2,0.356,0.839,0,Kepler
PYC-1996-2388,PYC Star 801,1996,Radial Velocity,0.431,1.597,5.354,0.0112,3307.0,0.628,1.012,260.7,0.154,0.364,0,TESS
PYC-2006-2389,PYC Star 487,2006,Transit,166.131,0.777,0.302,0.6103,4458.0,1.591,1.099,77.3,0.711,1.677,0,Kepler
PYC-2020-2390,PYC Star 021,2020,Transit,34.889,5.526,62.768,0.2096,3882.0,0.851,1.009,22.9,0.288,0.68,0,Kepler
PYC-2006-2391,PYC Star 517,2006,Radial Velocity,1955.141,11.165,177.952,2.8954,4967.0,0.914,0.847,269.5,0.506,1.195,0,SPITZER
PYC-2010-2392,PYC Star 831,2010,Transit,3.64,1.86,8.368,0.0437,3621.0,0.944,0.842,215.5,0.278,0.656,0,Other
PYC-2008-2393,PYC Star 017,2008,Transit,1.201,2.712,15.95,0.023,5862.0,1.392,1.128,32.4,1.075,2.536,0,HIRES
PYC-2002-2394,PYC Star 708,2002,Transit,0.492,2.707,15.547,0.012,4060.0,1.977,0.946,75.4,0.732,1.728,0,Kepler
PYC-2006-2395,PYC Star 340,2006,Pulsar Timing,21.064,2.084,7.85,0.1305,6233.0,0.91,0.668,84.9,0.794,1.874,0,CoRoT
PYC-2013-2396,PYC Star 637,2013,Transit,0.983,5.166,25.522,0.0155,5272.0,1.961,0.515,83.9,1.225,2.89,0,TESS
PYC-2014-2397,PYC Star 026,2014,Transit,405.253,1.111,0.804,0.9998,3850.0,0.969,0.812,124.7,0.323,0.762,0,TESS
PYC-2007-2398,PYC Star 816,2007,Transit,0.76,0.465,0.109,0.0139,6685.0,1.691,0.616,132.9,1.698,4.008,0,TESS
PYC-2005-2399,PYC Star 870,2005,Transit,1479.249,11.016,352.096,2.3048,5039.0,0.984,0.746,108.0,0.561,1.325,0,Gaia
